step,parsimony_before,parsimony_after,parsimony_diff,logl_before,logl_after,logl_diff,rf_before,rf_after,rf_diff
1,111513,111388,-125,-458697,-457827,870.782,194,194,0
2,111388,111275,-113,-457827,-457696,130.703,194,194,0
4,111275,111190,-85,-457696,-457374,321.642,194,194,0
5,111190,111192,2,-457374,-457392,-18.0649,194,194,0
6,111192,111273,81,-457392,-455431,1961.12,194,194,0
7,111273,111362,89,-455431,-454585,846.569,194,194,0
8,111362,111318,-44,-454585,-454293,291.858,194,194,0
9,111318,111480,162,-454293,-453750,543.208,194,194,0
11,111480,111489,9,-453750,-454580,-829.9,194,194,0
12,111489,111587,98,-454580,-455622,-1042.44,194,194,0
14,111587,111746,159,-455622,-456816,-1194.26,194,194,0
15,111746,111949,203,-456816,-459134,-2318.03,194,194,0
16,111949,111931,-18,-459134,-458266,868.002,194,194,0
17,111931,111933,2,-458266,-458787,-521.081,194,194,0
18,111933,112082,149,-458787,-458336,451.75,194,194,0
19,112082,112159,77,-458336,-458759,-423.4,194,194,0
20,112159,111949,-210,-458759,-458551,207.647,194,194,0
21,111949,111852,-97,-458551,-458606,-54.8416,194,194,0
22,111852,111894,42,-458606,-459001,-394.314,194,194,0
23,111894,111887,-7,-459001,-459212,-211.063,194,194,0
24,111887,111855,-32,-459212,-458953,258.476,194,194,0
25,111855,111970,115,-458953,-459825,-871.666,194,194,0
26,111970,112034,64,-459825,-459359,465.388,194,194,0
27,112034,112134,100,-459359,-457756,1603.01,194,194,0
28,112134,112053,-81,-457756,-457570,186.067,194,194,0
29,112053,112026,-27,-457570,-458345,-774.902,194,194,0
31,112026,111953,-73,-458345,-458507,-162.174,194,194,0
32,111953,112285,332,-458507,-458241,266.482,194,194,0
33,112285,111951,-334,-458241,-455907,2333.75,194,194,0
34,111951,111916,-35,-455907,-455887,19.9284,194,194,0
35,111916,112034,118,-455887,-456050,-163.077,194,194,0
36,112034,112129,95,-456050,-457480,-1430.05,194,194,0
37,112129,112240,111,-457480,-458101,-620.363,194,194,0
38,112240,112275,35,-458101,-459877,-1776.54,194,194,0
39,112275,112226,-49,-459877,-459674,203.047,194,194,0
40,112226,112394,168,-459674,-460386,-711.835,194,194,0
41,112394,112379,-15,-460386,-460257,128.715,194,194,0
42,112379,112332,-47,-460257,-459666,591.781,194,194,0
43,112332,112329,-3,-459666,-459437,228.911,194,194,0
44,112329,112328,-1,-459437,-458887,549.485,194,194,0
45,112328,112291,-37,-458887,-458749,137.81,194,194,0
46,112291,112243,-48,-458749,-458559,190.026,194,194,0
47,112243,112222,-21,-458559,-458257,302.208,194,194,0
48,112222,112318,96,-458257,-456346,1910.72,194,194,0
49,112318,112188,-130,-456346,-455375,971.083,194,194,0
50,112188,112415,227,-455375,-457064,-1688.86,194,194,0
51,112415,112436,21,-457064,-456251,812.706,194,194,0
52,112436,112507,71,-456251,-456394,-142.379,194,194,0
53,112507,112333,-174,-456394,-454468,1925.4,194,194,0
54,112333,112274,-59,-454468,-454694,-225.751,194,194,0
55,112274,112251,-23,-454694,-455089,-394.832,194,194,0
56,112251,112381,130,-455089,-455838,-748.959,194,194,0
57,112381,112438,57,-455838,-455452,386.113,194,194,0
58,112438,111941,-497,-455452,-453164,2288.21,194,194,0
59,111941,111968,27,-453164,-453596,-432.478,194,194,0
60,111968,111939,-29,-453596,-454205,-609.02,194,194,0
61,111939,112218,279,-454205,-455278,-1072.67,194,194,0
62,112218,112035,-183,-455278,-455504,-226.291,194,194,0
63,112035,112458,423,-455504,-456085,-580.415,194,194,0
64,112458,112461,3,-456085,-456166,-81.7362,194,194,0
65,112461,112177,-284,-456166,-454633,1532.92,194,194,0
66,112177,112130,-47,-454633,-453287,1345.87,194,194,0
67,112130,112183,53,-453287,-453282,5.42208,194,194,0
68,112183,112203,20,-453282,-454302,-1019.9,194,194,0
69,112203,112242,39,-454302,-454223,78.9463,194,194,0
70,112242,112301,59,-454223,-453726,497.396,194,194,0
71,112301,112235,-66,-453726,-454677,-951.133,194,194,0
72,112235,112240,5,-454677,-454629,47.4844,194,194,0
73,112240,112276,36,-454629,-454905,-275.777,194,194,0
74,112276,112231,-45,-454905,-455573,-668.134,194,194,0
75,112231,112350,119,-455573,-455299,273.851,194,194,0
76,112350,112436,86,-455299,-455365,-65.6026,194,194,0
77,112436,112533,97,-455365,-454661,704.438,194,194,0
78,112533,112519,-14,-454661,-453985,675.487,194,194,0
79,112519,112365,-154,-453985,-452189,1796.19,194,194,0
80,112365,112460,95,-452189,-453398,-1209.22,194,194,0
81,112460,112204,-256,-453398,-452068,1329.94,194,194,0
82,112204,111959,-245,-452068,-452023,45.3289,194,194,0
83,111959,111993,34,-452023,-452464,-441.357,194,194,0
84,111993,111751,-242,-452464,-452505,-40.4811,194,194,0
86,111751,111638,-113,-452505,-453241,-736.309,194,194,0
87,111638,111870,232,-453241,-454289,-1047.76,194,194,0
88,111870,111872,2,-454289,-454307,-17.8707,194,194,0
89,111872,111875,3,-454307,-454920,-613.565,194,194,0
90,111875,111717,-158,-454920,-454482,437.77,194,194,0
91,111717,111559,-158,-454482,-453913,569.437,194,194,0
92,111559,111755,196,-453913,-453385,527.887,194,194,0
93,111755,111722,-33,-453385,-453645,-259.845,194,194,0
94,111722,111804,82,-453645,-454023,-378.454,194,194,0
95,111804,111874,70,-454023,-453364,659.708,194,194,0
96,111874,111840,-34,-453364,-453157,206.169,194,194,0
97,111840,111804,-36,-453157,-452946,211.525,194,194,0
99,111804,112046,242,-452946,-454091,-1145.33,194,194,0
100,112046,112033,-13,-454091,-454884,-792.325,194,194,0
101,112033,112090,57,-454884,-454875,8.08584,194,194,0
102,112090,112118,28,-454875,-455075,-199.385,194,194,0
103,112118,112239,121,-455075,-455110,-35.4303,194,194,0
104,112239,112229,-10,-455110,-454611,499.274,194,194,0
105,112229,112187,-42,-454611,-454289,322.146,194,194,0
106,112187,112121,-66,-454289,-454687,-397.911,194,194,0
107,112121,112245,124,-454687,-454957,-270.017,194,194,0
108,112245,112218,-27,-454957,-453634,1322.5,194,194,0
109,112218,112324,106,-453634,-454057,-422.218,194,194,0
110,112324,112275,-49,-454057,-453003,1053.62,194,194,0
111,112275,112426,151,-453003,-453032,-28.7918,194,194,0
112,112426,112486,60,-453032,-453046,-14.2754,194,194,0
113,112486,112535,49,-453046,-453423,-377.054,194,194,0
114,112535,112469,-66,-453423,-453444,-20.9388,194,194,0
115,112469,112432,-37,-453444,-453453,-8.94738,194,194,0
116,112432,112346,-86,-453453,-453449,3.68058,194,194,0
117,112346,112288,-58,-453449,-453423,26.3127,194,194,0
118,112288,112437,149,-453423,-453927,-503.942,194,194,0
119,112437,112379,-58,-453927,-453745,181.463,194,194,0
120,112379,112472,93,-453745,-454021,-275.226,194,194,0
121,112472,112456,-16,-454021,-453662,358.362,194,194,0
122,112456,112674,218,-453662,-454639,-976.936,194,194,0
123,112674,112554,-120,-454639,-454377,261.881,194,194,0
124,112554,112525,-29,-454377,-454355,21.9402,194,194,0
125,112525,112663,138,-454355,-454100,255.086,194,194,0
126,112663,112748,85,-454100,-454358,-258.143,194,194,0
127,112748,112909,161,-454358,-455509,-1150.77,194,194,0
128,112909,112859,-50,-455509,-453853,1656.51,194,194,0
129,112859,112835,-24,-453853,-453208,644.745,194,194,0
130,112835,112993,158,-453208,-453994,-786.119,194,194,0
131,112993,112958,-35,-453994,-453675,319.253,194,194,0
132,112958,112973,15,-453675,-453329,345.509,194,194,0
133,112973,112992,19,-453329,-453250,78.8427,194,194,0
134,112992,112988,-4,-453250,-453323,-72.7009,194,194,0
135,112988,112981,-7,-453323,-453635,-311.76,194,194,0
136,112981,112907,-74,-453635,-453582,52.5001,194,194,0
137,112907,112883,-24,-453582,-452508,1074.82,194,194,0
138,112883,113344,461,-452508,-453304,-796.854,194,194,0
139,113344,113443,99,-453304,-453672,-367.25,194,194,0
140,113443,113567,124,-453672,-454351,-679.604,194,194,0
141,113567,113615,48,-454351,-454880,-529.042,194,194,0
142,113615,113625,10,-454880,-454932,-52.0335,194,194,0
143,113625,113576,-49,-454932,-454938,-5.26507,194,194,0
144,113576,113572,-4,-454938,-455853,-915.233,194,194,0
145,113572,113842,270,-455853,-456962,-1109.43,194,194,0
146,113842,113859,17,-456962,-457426,-463.791,194,194,0
147,113859,113669,-190,-457426,-456405,1020.91,194,194,0
148,113669,113763,94,-456405,-456288,117.6,194,194,0
149,113763,113878,115,-456288,-456252,35.5377,194,194,0
150,113878,113918,40,-456252,-455294,958.438,194,194,0
151,113918,113935,17,-455294,-455185,108.867,194,194,0
152,113935,113954,19,-455185,-455344,-159.284,194,194,0
153,113954,113734,-220,-455344,-453361,1983.37,194,194,0
154,113734,113762,28,-453361,-453969,-608.038,194,194,0
155,113762,113803,41,-453969,-453423,545.974,194,194,0
157,113803,113777,-26,-453423,-452983,440.099,194,194,0
158,113777,113804,27,-452983,-452815,167.977,194,194,0
159,113804,113971,167,-452815,-453047,-232.236,194,194,0
160,113971,113951,-20,-453047,-453275,-228.11,194,194,0
161,113951,113997,46,-453275,-453370,-94.6042,194,194,0
163,113997,114024,27,-453370,-454005,-634.95,194,194,0
164,114024,113954,-70,-454005,-453680,324.847,194,194,0
165,113954,113857,-97,-453680,-453920,-240.467,194,194,0
166,113857,114020,163,-453920,-454526,-606.172,194,194,0
167,114020,114004,-16,-454526,-453824,702.306,194,194,0
168,114004,114141,137,-453824,-454403,-578.654,194,194,0
169,114141,113976,-165,-454403,-453551,851.91,194,194,0
170,113976,113820,-156,-453551,-453725,-174.197,194,194,0
171,113820,113723,-97,-453725,-453624,101.344,194,194,0
172,113723,113557,-166,-453624,-453242,382.113,194,194,0
173,113557,113444,-113,-453242,-452913,328.558,194,194,0
174,113444,113613,169,-452913,-454456,-1543.42,194,194,0
175,113613,113287,-326,-454456,-452873,1582.93,194,194,0
176,113287,113254,-33,-452873,-451772,1101.56,194,194,0
177,113254,113225,-29,-451772,-452115,-342.919,194,194,0
178,113225,113195,-30,-452115,-452387,-272.607,194,194,0
179,113195,113202,7,-452387,-452373,14.9224,194,194,0
182,113202,113212,10,-452373,-452615,-242.081,194,194,0
183,113212,113393,181,-452615,-453383,-768.547,194,194,0
184,113393,113449,56,-453383,-454142,-758.537,194,194,0
185,113449,113226,-223,-454142,-453498,643.865,194,194,0
187,113226,113109,-117,-453498,-454399,-900.983,194,194,0
188,113109,113134,25,-454399,-455113,-714.109,194,194,0
190,113134,113137,3,-455113,-455426,-313.24,194,194,0
192,113137,113204,67,-455426,-455720,-293.508,194,194,0
193,113204,113233,29,-455720,-455001,719.152,194,194,0
194,113233,113309,76,-455001,-455276,-275.877,194,194,0
195,113309,113372,63,-455276,-456125,-848.856,194,194,0
196,113372,113398,26,-456125,-456641,-515.616,194,194,0
197,113398,113450,52,-456641,-457123,-481.69,194,194,0
198,113450,113515,65,-457123,-457023,99.2865,194,194,0
199,113515,113552,37,-457023,-457380,-356.697,194,194,0
200,113552,113459,-93,-457380,-456333,1047.24,194,194,0
201,113459,113393,-66,-456333,-456121,211.999,194,194,0
202,113393,113389,-4,-456121,-456425,-303.939,194,194,0
203,113389,113388,-1,-456425,-456392,33.0114,194,194,0
204,113388,113347,-41,-456392,-455948,443.496,194,194,0
205,113347,113376,29,-455948,-457488,-1539.94,194,194,0
206,113376,113205,-171,-457488,-457556,-68.2498,194,194,0
207,113205,113210,5,-457556,-458069,-512.789,194,194,0
208,113210,113214,4,-458069,-457907,162.194,194,194,0
209,113214,113225,11,-457907,-458083,-175.601,194,194,0
210,113225,113339,114,-458083,-458096,-13.1272,194,194,0
211,113339,113645,306,-458096,-460495,-2399.59,194,194,0
212,113645,113636,-9,-460495,-462933,-2438.11,194,194,0
213,113636,113522,-114,-462933,-463578,-645.066,194,194,0
214,113522,113629,107,-463578,-463821,-242.396,194,194,0
216,113629,113286,-343,-463821,-462982,838.378,194,194,0
217,113286,113404,118,-462982,-464661,-1678.64,194,194,0
218,113404,113440,36,-464661,-464753,-91.6174,194,194,0
219,113440,113507,67,-464753,-464391,361.216,194,194,0
220,113507,113508,1,-464391,-464226,165.209,194,194,0
221,113508,113491,-17,-464226,-464368,-141.921,194,194,0
222,113491,113273,-218,-464368,-463276,1091.9,194,194,0
223,113273,113252,-21,-463276,-463833,-556.878,194,194,0
224,113252,113309,57,-463833,-463724,109.48,194,194,0
225,113309,113542,233,-463724,-464142,-418.131,194,194,0
226,113542,113512,-30,-464142,-464058,84.1157,194,194,0
227,113512,113482,-30,-464058,-464815,-757.186,194,194,0
228,113482,113725,243,-464815,-463675,1139.53,194,194,0
229,113725,113749,24,-463675,-462514,1161.62,194,194,0
230,113749,113669,-80,-462514,-462568,-54.2063,194,194,0
231,113669,113603,-66,-462568,-462788,-220.334,194,194,0
232,113603,113640,37,-462788,-462662,126.061,194,194,0
233,113640,113693,53,-462662,-463138,-475.832,194,194,0
234,113693,113516,-177,-463138,-463139,-1.14701,194,194,0
235,113516,113637,121,-463139,-463587,-448.283,194,194,0
236,113637,113424,-213,-463587,-463647,-59.5306,194,194,0
237,113424,113389,-35,-463647,-462763,884.17,194,194,0
238,113389,113133,-256,-462763,-461351,1412.06,194,194,0
239,113133,113139,6,-461351,-461239,111.327,194,194,0
240,113139,113305,166,-461239,-460858,381.304,194,194,0
241,113305,113246,-59,-460858,-460805,52.9046,194,194,0
242,113246,112887,-359,-460805,-460143,661.942,194,194,0
243,112887,112616,-271,-460143,-459228,915.651,194,194,0
244,112616,112607,-9,-459228,-459185,42.6546,194,194,0
245,112607,112590,-17,-459185,-459886,-701.424,194,194,0
246,112590,112615,25,-459886,-460142,-255.33,194,194,0
247,112615,112703,88,-460142,-460613,-471.58,194,194,0
248,112703,112430,-273,-460613,-460562,51.1838,194,194,0
249,112430,112449,19,-460562,-460754,-191.793,194,194,0
250,112449,112564,115,-460754,-460782,-28.4592,194,194,0
251,112564,112514,-50,-460782,-461687,-905.035,194,194,0
252,112514,112536,22,-461687,-462035,-347.51,194,194,0
253,112536,112749,213,-462035,-462214,-178.687,194,194,0
254,112749,112938,189,-462214,-463360,-1145.95,194,194,0
256,112938,112499,-439,-463360,-462925,434.54,194,194,0
257,112499,112490,-9,-462925,-463245,-319.587,194,194,0
258,112490,112481,-9,-463245,-463078,166.857,194,194,0
259,112481,112818,337,-463078,-464260,-1182.38,194,194,0
260,112818,112851,33,-464260,-464526,-265.988,194,194,0
261,112851,112825,-26,-464526,-464264,262.096,194,194,0
262,112825,112791,-34,-464264,-464500,-236.255,194,194,0
263,112791,112750,-41,-464500,-464381,119.367,194,194,0
264,112750,113030,280,-464381,-465461,-1079.99,194,194,0
265,113030,113171,141,-465461,-465510,-49.3975,194,194,0
266,113171,113072,-99,-465510,-465265,245.039,194,194,0
267,113072,113055,-17,-465265,-465251,14.0386,194,194,0
268,113055,113178,123,-465251,-465517,-265.746,194,194,0
269,113178,113312,134,-465517,-466074,-557.282,194,194,0
270,113312,113389,77,-466074,-466751,-676.502,194,194,0
271,113389,113403,14,-466751,-466889,-138.552,194,194,0
272,113403,113420,17,-466889,-467671,-781.201,194,194,0
273,113420,113353,-67,-467671,-466822,848.735,194,194,0
274,113353,113384,31,-466822,-467165,-343.485,194,194,0
275,113384,113491,107,-467165,-467113,52.2664,194,194,0
276,113491,113509,18,-467113,-465107,2006.33,194,194,0
277,113509,113430,-79,-465107,-465368,-261.443,194,194,0
278,113430,113563,133,-465368,-465286,81.9838,194,194,0
279,113563,113470,-93,-465286,-465568,-281.662,194,194,0
280,113470,113369,-101,-465568,-465409,158.469,194,194,0
281,113369,113397,28,-465409,-465328,80.9156,194,194,0
282,113397,113530,133,-465328,-466531,-1202.59,194,194,0
283,113530,113823,293,-466531,-467837,-1306.39,194,194,0
284,113823,113654,-169,-467837,-465182,2655.42,194,194,0
285,113654,113266,-388,-465182,-464905,276.9,194,194,0
286,113266,113313,47,-464905,-465351,-445.844,194,194,0
287,113313,113521,208,-465351,-465685,-334.288,194,194,0
288,113521,113398,-123,-465685,-466182,-496.966,194,194,0
289,113398,113828,430,-466182,-467288,-1106.12,194,194,0
290,113828,113758,-70,-467288,-467583,-295.078,194,194,0
291,113758,113602,-156,-467583,-467012,571.342,194,194,0
292,113602,113354,-248,-467012,-466769,242.949,194,194,0
293,113354,113608,254,-466769,-466849,-79.775,194,194,0
294,113608,113702,94,-466849,-467456,-607.443,194,194,0
295,113702,113718,16,-467456,-467608,-151.292,194,194,0
296,113718,113988,270,-467608,-467469,138.428,194,194,0
297,113988,114014,26,-467469,-468162,-693.209,194,194,0
298,114014,114022,8,-468162,-468484,-321.467,194,194,0
299,114022,114034,12,-468484,-468220,263.558,194,194,0
300,114034,114085,51,-468220,-468965,-744.759,194,194,0
301,114085,114172,87,-468965,-469147,-181.899,194,194,0
302,114172,114242,70,-469147,-469661,-513.913,194,194,0
303,114242,115235,993,-469661,-470732,-1071.53,194,194,0
304,115235,115125,-110,-470732,-471105,-373.078,194,194,0
305,115125,115014,-111,-471105,-471472,-366.651,194,194,0
307,115014,115042,28,-471472,-471240,232.021,194,194,0
308,115042,115060,18,-471240,-471044,195.64,194,194,0
309,115060,114988,-72,-471044,-471608,-563.913,194,194,0
310,114988,115012,24,-471608,-472170,-561.448,194,194,0
311,115012,115005,-7,-472170,-472202,-31.8303,194,194,0
312,115005,114860,-145,-472202,-471363,838.942,194,194,0
313,114860,114818,-42,-471363,-471428,-65.0654,194,194,0
314,114818,114261,-557,-471428,-470705,722.62,194,194,0
315,114261,114194,-67,-470705,-469649,1056.59,194,194,0
316,114194,114131,-63,-469649,-468415,1233.59,194,194,0
317,114131,114026,-105,-468415,-467920,495.31,194,194,0
318,114026,113971,-55,-467920,-467434,485.549,194,194,0
319,113971,114251,280,-467434,-468998,-1564.36,194,194,0
320,114251,114136,-115,-468998,-468180,818.478,194,194,0
321,114136,114061,-75,-468180,-468177,2.65301,194,194,0
322,114061,114057,-4,-468177,-467688,488.883,194,194,0
323,114057,114172,115,-467688,-468505,-816.48,194,194,0
324,114172,114210,38,-468505,-468803,-298.18,194,194,0
325,114210,114215,5,-468803,-468997,-193.544,194,194,0
326,114215,114218,3,-468997,-469386,-389.372,194,194,0
327,114218,114225,7,-469386,-467944,1441.93,194,194,0
328,114225,114171,-54,-467944,-467142,801.904,194,194,0
329,114171,114156,-15,-467142,-467210,-67.7172,194,194,0
330,114156,114181,25,-467210,-467575,-364.765,194,194,0
331,114181,114264,83,-467575,-467915,-340.472,194,194,0
332,114264,114282,18,-467915,-468165,-249.365,194,194,0
333,114282,115201,919,-468165,-469939,-1774.76,194,194,0
334,115201,115196,-5,-469939,-469564,375.216,194,194,0
335,115196,115047,-149,-469564,-469270,293.71,194,194,0
336,115047,114902,-145,-469270,-468537,733.388,194,194,0
338,114902,114999,97,-468537,-469109,-571.548,194,194,0
339,114999,114811,-188,-469109,-470193,-1084.56,194,194,0
341,114811,114798,-13,-470193,-470529,-335.652,194,194,0
342,114798,114850,52,-470529,-470997,-468.061,194,194,0
344,114850,114751,-99,-470997,-470825,171.614,194,194,0
345,114751,114737,-14,-470825,-470772,52.7054,194,194,0
346,114737,114817,80,-470772,-470796,-23.5404,194,194,0
347,114817,114832,15,-470796,-471181,-385.24,194,194,0
349,114832,114882,50,-471181,-471070,111.474,194,194,0
352,114882,114854,-28,-471070,-471300,-230.62,194,194,0
353,114854,114938,84,-471300,-472971,-1670.36,194,194,0
354,114938,114929,-9,-472971,-469115,3855.29,194,194,0
355,114929,115017,88,-469115,-469599,-483.903,194,194,0
356,115017,114850,-167,-469599,-468867,731.98,194,194,0
357,114850,114833,-17,-468867,-468324,543.38,194,194,0
358,114833,114794,-39,-468324,-466731,1593.47,194,194,0
359,114794,114833,39,-466731,-467287,-556.687,194,194,0
360,114833,114885,52,-467287,-467346,-59.0231,194,194,0
361,114885,114894,9,-467346,-467576,-229.564,194,194,0
362,114894,114787,-107,-467576,-467893,-316.925,194,194,0
363,114787,114489,-298,-467893,-467215,677.643,194,194,0
364,114489,114478,-11,-467215,-467074,141.409,194,194,0
365,114478,114384,-94,-467074,-466467,606.611,194,194,0
366,114384,114235,-149,-466467,-465820,646.871,194,194,0
367,114235,114058,-177,-465820,-465372,448.03,194,194,0
368,114058,113984,-74,-465372,-465185,187.265,194,194,0
369,113984,114093,109,-465185,-466010,-825.331,194,194,0
370,114093,113660,-433,-466010,-464302,1707.83,194,194,0
371,113660,113659,-1,-464302,-464601,-298.969,194,194,0
372,113659,113604,-55,-464601,-464469,132.316,194,194,0
373,113604,113604,0,-464469,-464576,-107.299,194,194,0
374,113604,113560,-44,-464576,-464890,-313.619,194,194,0
375,113560,113582,22,-464890,-464610,279.915,194,194,0
376,113582,113477,-105,-464610,-464477,133.386,194,194,0
377,113477,113627,150,-464477,-464636,-159.62,194,194,0
378,113627,113680,53,-464636,-464751,-114.973,194,194,0
379,113680,113604,-76,-464751,-465128,-376.884,194,194,0
380,113604,113708,104,-465128,-464748,379.746,194,194,0
381,113708,113467,-241,-464748,-464077,671.391,194,194,0
382,113467,113481,14,-464077,-464748,-670.763,194,194,0
383,113481,113377,-104,-464748,-465986,-1238.42,194,194,0
388,113377,113164,-213,-465986,-465606,379.858,194,194,0
389,113164,113160,-4,-465606,-465619,-12.2502,194,194,0
390,113160,113053,-107,-465619,-465542,76.4198,194,194,0
391,113053,113330,277,-465542,-465999,-456.807,194,194,0
393,113330,113447,117,-465999,-466669,-669.727,194,194,0
394,113447,113109,-338,-466669,-465705,964.141,194,194,0
395,113109,113047,-62,-465705,-466578,-873.668,194,194,0
396,113047,113277,230,-466578,-467744,-1165.76,194,194,0
397,113277,113293,16,-467744,-467015,728.93,194,194,0
398,113293,113186,-107,-467015,-466700,315.031,194,194,0
399,113186,113208,22,-466700,-466709,-8.63715,194,194,0
400,113208,113221,13,-466709,-466593,115.188,194,194,0
401,113221,113109,-112,-466593,-464940,1653.78,194,194,0
402,113109,113138,29,-464940,-464905,34.3267,194,194,0
403,113138,113116,-22,-464905,-464898,7.39733,194,194,0
404,113116,112914,-202,-464898,-465070,-172.375,194,194,0
405,112914,112939,25,-465070,-465464,-393.77,194,194,0
406,112939,113308,369,-465464,-466393,-928.785,194,194,0
407,113308,113341,33,-466393,-466872,-479.603,194,194,0
408,113341,113229,-112,-466872,-466383,489.965,194,194,0
409,113229,113183,-46,-466383,-467250,-867.772,194,194,0
410,113183,113117,-66,-467250,-467627,-376.696,194,194,0
411,113117,113161,44,-467627,-468661,-1033.88,194,194,0
412,113161,113276,115,-468661,-469814,-1153.2,194,194,0
413,113276,113233,-43,-469814,-469359,454.644,194,194,0
414,113233,113226,-7,-469359,-470918,-1558.67,194,194,0
415,113226,113234,8,-470918,-472197,-1278.53,194,194,0
416,113234,113052,-182,-472197,-471567,630.038,194,194,0
417,113052,113061,9,-471567,-472341,-774.138,194,194,0
419,113061,113086,25,-472341,-472790,-448.953,194,194,0
420,113086,112550,-536,-472790,-471675,1115.01,194,194,0
421,112550,112277,-273,-471675,-471270,404.957,194,194,0
422,112277,112176,-101,-471270,-470942,327.385,194,194,0
423,112176,112151,-25,-470942,-471052,-109.35,194,194,0
424,112151,112140,-11,-471052,-471088,-36.4482,194,194,0
425,112140,112215,75,-471088,-472487,-1399.23,194,194,0
426,112215,112045,-170,-472487,-471957,530.369,194,194,0
427,112045,112471,426,-471957,-473464,-1507.35,194,194,0
428,112471,112570,99,-473464,-473260,204.382,194,194,0
429,112570,112549,-21,-473260,-472805,455.107,194,194,0
430,112549,112546,-3,-472805,-473086,-281.587,194,194,0
431,112546,112330,-216,-473086,-471660,1426.52,194,194,0
432,112330,112607,277,-471660,-472185,-524.86,194,194,0
433,112607,112602,-5,-472185,-471774,410.951,194,194,0
434,112602,112658,56,-471774,-471372,401.562,194,194,0
435,112658,112626,-32,-471372,-471623,-250.254,194,194,0
436,112626,112611,-15,-471623,-472087,-464.182,194,194,0
437,112611,113348,737,-472087,-474263,-2176.45,194,194,0
438,113348,113209,-139,-474263,-473994,269.091,194,194,0
439,113209,113261,52,-473994,-474319,-325.31,194,194,0
440,113261,113460,199,-474319,-472116,2203.83,194,194,0
441,113460,113466,6,-472116,-472655,-539.064,194,194,0
442,113466,113617,151,-472655,-472910,-255.596,194,194,0
444,113617,113499,-118,-472910,-471878,1032.5,194,194,0
445,113499,113476,-23,-471878,-471819,58.5743,194,194,0
446,113476,113547,71,-471819,-467889,3929.94,194,194,0
447,113547,113585,38,-467889,-467366,522.694,194,194,0
448,113585,113768,183,-467366,-468604,-1237.37,194,194,0
449,113768,113759,-9,-468604,-468800,-195.862,194,194,0
450,113759,113755,-4,-468800,-468274,526.12,194,194,0
451,113755,113822,67,-468274,-468295,-21.0465,194,194,0
454,113822,113804,-18,-468295,-468213,81.3636,194,194,0
455,113804,113957,153,-468213,-468368,-154.279,194,194,0
456,113957,114100,143,-468368,-468376,-7.95412,194,194,0
457,114100,114267,167,-468376,-468559,-183.399,194,194,0
458,114267,114399,132,-468559,-468927,-368.089,194,194,0
459,114399,114515,116,-468927,-469333,-406.463,194,194,0
460,114515,114559,44,-469333,-469194,139.34,194,194,0
461,114559,114764,205,-469194,-470445,-1250.66,194,194,0
462,114764,114683,-81,-470445,-470125,319.404,194,194,0
463,114683,114697,14,-470125,-470613,-487.846,194,194,0
464,114697,114736,39,-470613,-471164,-551.07,194,194,0
465,114736,114758,22,-471164,-471425,-260.208,194,194,0
466,114758,114572,-186,-471425,-469632,1792.01,194,194,0
467,114572,114629,57,-469632,-469580,52.4323,194,194,0
468,114629,114419,-210,-469580,-468859,721.122,194,194,0
469,114419,114615,196,-468859,-469826,-966.827,194,194,0
470,114615,114516,-99,-469826,-467909,1916.86,194,194,0
471,114516,114482,-34,-467909,-468117,-207.94,194,194,0
472,114482,114352,-130,-468117,-467780,337.116,194,194,0
473,114352,114363,11,-467780,-467999,-219.327,194,194,0
474,114363,114294,-69,-467999,-468310,-310.491,194,194,0
475,114294,113891,-403,-468310,-467525,784.549,194,194,0
476,113891,113945,54,-467525,-467625,-99.6892,194,194,0
477,113945,113873,-72,-467625,-466165,1459.78,194,194,0
478,113873,113995,122,-466165,-466276,-111.366,194,194,0
479,113995,114126,131,-466276,-467434,-1157.36,194,194,0
480,114126,114120,-6,-467434,-466238,1195.37,194,194,0
481,114120,114113,-7,-466238,-466328,-89.3061,194,194,0
482,114113,113914,-199,-466328,-466052,275.305,194,194,0
483,113914,114035,121,-466052,-466244,-192.009,194,194,0
484,114035,114049,14,-466244,-466377,-132.957,194,194,0
485,114049,114089,40,-466377,-466401,-23.359,194,194,0
486,114089,114055,-34,-466401,-466519,-118.873,194,194,0
487,114055,114092,37,-466519,-466537,-17.565,194,194,0
488,114092,114016,-76,-466537,-467792,-1254.75,194,194,0
489,114016,113958,-58,-467792,-467650,141.688,194,194,0
490,113958,114076,118,-467650,-467404,245.738,194,194,0
491,114076,113907,-169,-467404,-467481,-76.1701,194,194,0
492,113907,113746,-161,-467481,-466001,1479.95,194,194,0
493,113746,114063,317,-466001,-466178,-177.538,194,194,0
494,114063,114038,-25,-466178,-465625,553.02,194,194,0
495,114038,114122,84,-465625,-465194,431.574,194,194,0
496,114122,113874,-248,-465194,-464895,298.911,194,194,0
497,113874,113694,-180,-464895,-463926,968.409,194,194,0
498,113694,113726,32,-463926,-464089,-162.514,194,194,0
499,113726,113520,-206,-464089,-463813,275.343,194,194,0
500,113520,113496,-24,-463813,-463912,-98.5094,194,194,0
501,113496,113753,257,-463912,-464687,-775.37,194,194,0
502,113753,113654,-99,-464687,-463523,1163.86,194,194,0
503,113654,113770,116,-463523,-463071,452.861,194,194,0
504,113770,113924,154,-463071,-463988,-917.365,194,194,0
505,113924,113808,-116,-463988,-463873,115.327,194,194,0
506,113808,113800,-8,-463873,-463866,6.58437,194,194,0
507,113800,113732,-68,-463866,-464234,-368.366,194,194,0
509,113732,113932,200,-464234,-466885,-2650.53,194,194,0
510,113932,113974,42,-466885,-466819,65.4626,194,194,0
511,113974,114063,89,-466819,-467580,-760.682,194,194,0
512,114063,114281,218,-467580,-467867,-286.958,194,194,0
513,114281,114381,100,-467867,-468444,-576.603,194,194,0
514,114381,114055,-326,-468444,-468512,-68.2506,194,194,0
515,114055,114046,-9,-468512,-468635,-123.331,194,194,0
516,114046,113958,-88,-468635,-468295,339.827,194,194,0
517,113958,113991,33,-468295,-468355,-59.2911,194,194,0
519,113991,114055,64,-468355,-468851,-496.61,194,194,0
520,114055,114036,-19,-468851,-468840,11.7828,194,194,0
521,114036,114089,53,-468840,-469569,-729.466,194,194,0
522,114089,114177,88,-469569,-468864,705.091,194,194,0
523,114177,114207,30,-468864,-469030,-165.931,194,194,0
524,114207,114210,3,-469030,-469333,-303.066,194,194,0
525,114210,114130,-80,-469333,-469502,-168.947,194,194,0
526,114130,114002,-128,-469502,-469635,-132.68,194,194,0
527,114002,113750,-252,-469635,-468670,965.008,194,194,0
528,113750,113736,-14,-468670,-467794,876.018,194,194,0
529,113736,113678,-58,-467794,-466107,1686.8,194,194,0
530,113678,113652,-26,-466107,-466573,-466.054,194,194,0
531,113652,113396,-256,-466573,-463898,2674.87,194,194,0
532,113396,113202,-194,-463898,-463816,82.1015,194,194,0
533,113202,113106,-96,-463816,-463529,286.95,194,194,0
534,113106,112628,-478,-463529,-463224,304.95,194,194,0
535,112628,113049,421,-463224,-465038,-1813.73,194,194,0
536,113049,113065,16,-465038,-465108,-70.3724,194,194,0
537,113065,113188,123,-465108,-464853,255.294,194,194,0
538,113188,113359,171,-464853,-465640,-787.608,194,194,0
539,113359,113265,-94,-465640,-465656,-15.3059,194,194,0
540,113265,113334,69,-465656,-465948,-292.611,194,194,0
541,113334,113327,-7,-465948,-465637,311.284,194,194,0
542,113327,113432,105,-465637,-466134,-497.29,194,194,0
543,113432,113411,-21,-466134,-465341,793.497,194,194,0
544,113411,113438,27,-465341,-466154,-813.282,194,194,0
545,113438,113489,51,-466154,-467241,-1086.88,194,194,0
546,113489,113417,-72,-467241,-466349,892.07,194,194,0
547,113417,113534,117,-466349,-467039,-690.22,194,194,0
548,113534,113469,-65,-467039,-467338,-298.478,194,194,0
549,113469,113468,-1,-467338,-467511,-173.745,194,194,0
550,113468,113363,-105,-467511,-467340,171.6,194,194,0
551,113363,113231,-132,-467340,-466653,686.975,194,194,0
552,113231,113293,62,-466653,-466458,195.049,194,194,0
553,113293,113151,-142,-466458,-465280,1178.13,194,194,0
554,113151,112863,-288,-465280,-464857,422.85,194,194,0
556,112863,112968,105,-464857,-466084,-1227.67,194,194,0
557,112968,112904,-64,-466084,-466630,-545.571,194,194,0
558,112904,112908,4,-466630,-466465,165.253,194,194,0
559,112908,113014,106,-466465,-466171,293.495,194,194,0
561,113014,112991,-23,-466171,-466561,-389.567,194,194,0
562,112991,112944,-47,-466561,-466394,166.319,194,194,0
563,112944,113023,79,-466394,-467437,-1042.2,194,194,0
564,113023,113018,-5,-467437,-467570,-133.071,194,194,0
565,113018,113014,-4,-467570,-466905,665.092,194,194,0
566,113014,112930,-84,-466905,-469170,-2265.46,194,194,0
567,112930,113129,199,-469170,-469570,-400.171,194,194,0
568,113129,113156,27,-469570,-469755,-184.838,194,194,0
569,113156,112972,-184,-469755,-468432,1323.27,194,194,0
570,112972,113294,322,-468432,-468603,-171.227,194,194,0
571,113294,113282,-12,-468603,-469146,-542.608,194,194,0
572,113282,113238,-44,-469146,-467534,1611.51,194,194,0
573,113238,113105,-133,-467534,-468124,-590.15,194,194,0
575,113105,113211,106,-468124,-468165,-41.1619,194,194,0
576,113211,113155,-56,-468165,-468146,19.8918,194,194,0
577,113155,113228,73,-468146,-467777,368.891,194,194,0
578,113228,113055,-173,-467777,-467742,34.1911,194,194,0
579,113055,113185,130,-467742,-467901,-158.989,194,194,0
580,113185,113137,-48,-467901,-467542,359.909,194,194,0
581,113137,113104,-33,-467542,-467069,472.659,194,194,0
582,113104,113035,-69,-467069,-467201,-132.492,194,194,0
583,113035,112985,-50,-467201,-466774,427.126,194,194,0
584,112985,113346,361,-466774,-468295,-1520.86,194,194,0
585,113346,113303,-43,-468295,-468072,222.929,194,194,0
586,113303,113310,7,-468072,-467118,954.22,194,194,0
587,113310,113385,75,-467118,-467307,-189.523,194,194,0
588,113385,113316,-69,-467307,-467544,-236.902,194,194,0
589,113316,113180,-136,-467544,-466564,980.468,194,194,0
590,113180,113251,71,-466564,-466826,-261.976,194,194,0
591,113251,113233,-18,-466826,-467087,-260.885,194,194,0
592,113233,113113,-120,-467087,-466915,171.728,194,194,0
593,113113,113106,-7,-466915,-465946,969.321,194,194,0
594,113106,113103,-3,-465946,-466337,-391.363,194,194,0
595,113103,113117,14,-466337,-466408,-71.3304,194,194,0
596,113117,113283,166,-466408,-468568,-2159.35,194,194,0
597,113283,113291,8,-468568,-468189,379.015,194,194,0
598,113291,113416,125,-468189,-469282,-1092.89,194,194,0
599,113416,113581,165,-469282,-469141,140.664,194,194,0
600,113581,113767,186,-469141,-469041,100.418,194,194,0
601,113767,113735,-32,-469041,-469143,-102.246,194,194,0
602,113735,113732,-3,-469143,-468813,329.84,194,194,0
603,113732,113659,-73,-468813,-468764,48.5327,194,194,0
604,113659,113737,78,-468764,-468105,659.422,194,194,0
605,113737,113630,-107,-468105,-467491,614.239,194,194,0
606,113630,113585,-45,-467491,-468756,-1265.06,194,194,0
607,113585,113571,-14,-468756,-468875,-118.831,194,194,0
608,113571,113525,-46,-468875,-468712,162.808,194,194,0
609,113525,113400,-125,-468712,-468221,490.415,194,194,0
610,113400,113315,-85,-468221,-468088,133.554,194,194,0
611,113315,113288,-27,-468088,-468054,34.3736,194,194,0
612,113288,113348,60,-468054,-468473,-418.999,194,194,0
613,113348,112525,-823,-468473,-466170,2302.08,194,194,0
614,112525,112588,63,-466170,-466418,-247.589,194,194,0
615,112588,112570,-18,-466418,-466071,347.32,194,194,0
616,112570,113168,598,-466071,-466965,-894.29,194,194,0
617,113168,113227,59,-466965,-466908,56.8054,194,194,0
618,113227,113218,-9,-466908,-465852,1056.52,194,194,0
620,113218,113303,85,-465852,-466619,-767.11,194,194,0
621,113303,113388,85,-466619,-464435,2183.44,194,194,0
622,113388,113793,405,-464435,-465097,-661.716,194,194,0
623,113793,113915,122,-465097,-465693,-596.369,194,194,0
624,113915,113920,5,-465693,-465752,-58.4944,194,194,0
625,113920,113889,-31,-465752,-465239,512.764,194,194,0
626,113889,113739,-150,-465239,-464411,828.583,194,194,0
627,113739,113813,74,-464411,-464709,-298.658,194,194,0
628,113813,113823,10,-464709,-465269,-560.048,194,194,0
629,113823,113866,43,-465269,-464406,863.295,194,194,0
630,113866,113765,-101,-464406,-464448,-41.7957,194,194,0
631,113765,113631,-134,-464448,-462614,1833.92,194,194,0
632,113631,113534,-97,-462614,-461749,864.943,194,194,0
633,113534,113550,16,-461749,-461711,37.8263,194,194,0
634,113550,113646,96,-461711,-461347,363.665,194,194,0
635,113646,113769,123,-461347,-462140,-792.841,194,194,0
636,113769,113723,-46,-462140,-462000,140.404,194,194,0
637,113723,113781,58,-462000,-462212,-212.607,194,194,0
638,113781,113698,-83,-462212,-462284,-71.144,194,194,0
639,113698,113713,15,-462284,-462548,-264.232,194,194,0
640,113713,113769,56,-462548,-464514,-1965.85,194,194,0
641,113769,113855,86,-464514,-464998,-484.182,194,194,0
642,113855,114132,277,-464998,-465958,-960.102,194,194,0
643,114132,114117,-15,-465958,-465936,21.9959,194,194,0
645,114117,113920,-197,-465936,-465968,-32.5118,194,194,0
646,113920,113936,16,-465968,-466083,-114.491,194,194,0
647,113936,113945,9,-466083,-466083,0.00351156,194,194,0
648,113945,113955,10,-466083,-465672,411.213,194,194,0
649,113955,113769,-186,-465672,-464533,1138.59,194,194,0
650,113769,113765,-4,-464533,-464773,-239.8,194,194,0
651,113765,113816,51,-464773,-465827,-1053.61,194,194,0
652,113816,113799,-17,-465827,-465533,293.445,194,194,0
653,113799,113708,-91,-465533,-465697,-163.702,194,194,0
654,113708,113787,79,-465697,-466012,-314.901,194,194,0
655,113787,113700,-87,-466012,-465247,764.393,194,194,0
656,113700,113658,-42,-465247,-464525,722.356,194,194,0
657,113658,113629,-29,-464525,-464681,-156.456,194,194,0
658,113629,113669,40,-464681,-465660,-979.06,194,194,0
660,113669,113613,-56,-465660,-466202,-541.101,194,194,0
661,113613,113472,-141,-466202,-465819,382.337,194,194,0
662,113472,113553,81,-465819,-466523,-703.481,194,194,0
663,113553,113559,6,-466523,-466246,276.55,194,194,0
664,113559,113242,-317,-466246,-465318,928.094,194,194,0
665,113242,113217,-25,-465318,-465415,-96.8197,194,194,0
666,113217,113340,123,-465415,-465615,-200.416,194,194,0
667,113340,113455,115,-465615,-467244,-1629.09,194,194,0
668,113455,113507,52,-467244,-468491,-1246.15,194,194,0
669,113507,113575,68,-468491,-469097,-606.122,194,194,0
670,113575,113556,-19,-469097,-469000,96.4521,194,194,0
671,113556,113504,-52,-469000,-465999,3001.31,194,194,0
672,113504,113549,45,-465999,-465745,254.157,194,194,0
673,113549,113306,-243,-465745,-465263,481.28,194,194,0
674,113306,113441,135,-465263,-464751,512.378,194,194,0
675,113441,113451,10,-464751,-464613,137.74,194,194,0
676,113451,113361,-90,-464613,-464075,538.121,194,194,0
677,113361,113407,46,-464075,-463946,129.007,194,194,0
678,113407,113367,-40,-463946,-464245,-298.447,194,194,0
679,113367,113310,-57,-464245,-463577,667.807,194,194,0
680,113310,113318,8,-463577,-464050,-473.191,194,194,0
681,113318,113329,11,-464050,-463610,440.439,194,194,0
682,113329,113466,137,-463610,-463626,-16.2379,194,194,0
683,113466,113227,-239,-463626,-462535,1090.88,194,194,0
685,113227,113262,35,-462535,-463671,-1136.32,194,194,0
686,113262,113227,-35,-463671,-462518,1153.13,194,194,0
687,113227,113153,-74,-462518,-463116,-597.982,194,194,0
688,113153,113108,-45,-463116,-461898,1218.22,194,194,0
689,113108,113062,-46,-461898,-461754,144.184,194,194,0
690,113062,113103,41,-461754,-463411,-1657.28,194,194,0
691,113103,113121,18,-463411,-463412,-0.590378,194,194,0
692,113121,113297,176,-463412,-463481,-69.1287,194,194,0
693,113297,113344,47,-463481,-463306,174.955,194,194,0
694,113344,113250,-94,-463306,-462217,1088.59,194,194,0
695,113250,113141,-109,-462217,-461636,580.886,194,194,0
696,113141,113162,21,-461636,-462854,-1217.59,194,194,0
697,113162,113374,212,-462854,-463100,-246.475,194,194,0
698,113374,113422,48,-463100,-463649,-548.94,194,194,0
700,113422,113493,71,-463649,-464960,-1310.63,194,194,0
701,113493,113396,-97,-464960,-464722,237.475,194,194,0
702,113396,113540,144,-464722,-465752,-1029.27,194,194,0
703,113540,113526,-14,-465752,-465596,156.055,194,194,0
704,113526,113590,64,-465596,-466519,-923.698,194,194,0
705,113590,113642,52,-466519,-465215,1304.71,194,194,0
706,113642,113788,146,-465215,-465784,-568.914,194,194,0
707,113788,113822,34,-465784,-466276,-492.298,194,194,0
708,113822,113822,0,-466276,-466542,-266.417,194,194,0
709,113822,114648,826,-466542,-468439,-1896.79,194,194,0
711,114648,114739,91,-468439,-468803,-363.528,194,194,0
712,114739,114709,-30,-468803,-468568,234.989,194,194,0
713,114709,114645,-64,-468568,-468543,24.6708,194,194,0
714,114645,114475,-170,-468543,-468046,496.719,194,194,0
715,114475,114051,-424,-468046,-468046,0.713669,194,194,0
716,114051,113864,-187,-468046,-467954,91.9774,194,194,0
717,113864,113821,-43,-467954,-467895,58.2189,194,194,0
718,113821,113616,-205,-467895,-467169,726.388,194,194,0
719,113616,114009,393,-467169,-467898,-728.879,194,194,0
720,114009,113859,-150,-467898,-467640,257.601,194,194,0
721,113859,113956,97,-467640,-468605,-964.722,194,194,0
722,113956,113552,-404,-468605,-467959,646.064,194,192,-2
723,113552,113490,-62,-467959,-467810,148.56,192,192,0
724,113490,113520,30,-467810,-468275,-464.689,192,192,0
725,113520,113272,-248,-468275,-467478,796.78,192,192,0
726,113272,113257,-15,-467478,-467471,6.84177,192,192,0
727,113257,113403,146,-467471,-467637,-165.68,192,192,0
728,113403,113431,28,-467637,-467478,159.131,192,192,0
729,113431,113334,-97,-467478,-467346,131.612,192,192,0
730,113334,113418,84,-467346,-467347,-0.252576,192,192,0
731,113418,113395,-23,-467347,-468264,-916.964,192,192,0
732,113395,113407,12,-468264,-469260,-996.638,192,192,0
733,113407,113393,-14,-469260,-469148,112.365,192,192,0
734,113393,113447,54,-469148,-468789,359.214,192,192,0
735,113447,113407,-40,-468789,-469104,-315.55,192,192,0
736,113407,113621,214,-469104,-469062,41.7179,192,192,0
737,113621,113635,14,-469062,-469165,-102.24,192,192,0
738,113635,113651,16,-469165,-467137,2027.75,192,192,0
739,113651,113644,-7,-467137,-466952,184.777,192,192,0
740,113644,113453,-191,-466952,-466979,-26.9049,192,192,0
741,113453,113496,43,-466979,-467307,-327.613,192,192,0
742,113496,113472,-24,-467307,-466152,1155.03,192,192,0
743,113472,113509,37,-466152,-461220,4931.84,192,192,0
744,113509,113512,3,-461220,-461196,23.7985,192,192,0
745,113512,113457,-55,-461196,-460801,395.416,192,192,0
746,113457,113353,-104,-460801,-460971,-170.564,192,192,0
747,113353,113402,49,-460971,-460981,-9.38988,192,192,0
748,113402,113421,19,-460981,-461653,-672.382,192,192,0
749,113421,113417,-4,-461653,-461642,11.0223,192,192,0
750,113417,113507,90,-461642,-461751,-109.257,192,192,0
751,113507,113367,-140,-461751,-460439,1312.61,192,192,0
752,113367,113576,209,-460439,-460046,393.042,192,192,0
753,113576,113650,74,-460046,-460375,-329.522,192,192,0
755,113650,113652,2,-460375,-460418,-43.2909,192,192,0
756,113652,113739,87,-460418,-460646,-227.501,192,192,0
757,113739,113860,121,-460646,-460724,-78.5479,192,192,0
758,113860,113887,27,-460724,-460822,-97.3691,192,192,0
759,113887,113854,-33,-460822,-461364,-542.478,192,192,0
760,113854,112991,-863,-461364,-460095,1269.23,192,192,0
761,112991,112994,3,-460095,-460109,-14.4246,192,192,0
762,112994,113009,15,-460109,-460022,87.2505,192,192,0
763,113009,112978,-31,-460022,-460020,1.94334,192,192,0
764,112978,113197,219,-460020,-465168,-5148.2,192,192,0
765,113197,112543,-654,-465168,-463210,1958.83,192,192,0
766,112543,112660,117,-463210,-462275,934.297,192,192,0
767,112660,112610,-50,-462275,-462090,184.931,192,192,0
768,112610,112418,-192,-462090,-461722,367.914,192,192,0
769,112418,112263,-155,-461722,-461383,339.782,192,192,0
770,112263,112231,-32,-461383,-461301,81.469,192,192,0
771,112231,112209,-22,-461301,-461179,122.375,192,192,0
773,112209,112283,74,-461179,-461775,-596.629,192,192,0
774,112283,112280,-3,-461775,-461486,289.338,192,192,0
775,112280,112331,51,-461486,-460955,530.646,192,192,0
776,112331,113050,719,-460955,-463901,-2945.71,192,192,0
777,113050,112968,-82,-463901,-463936,-35.0598,192,192,0
778,112968,112809,-159,-463936,-463811,124.821,192,192,0
779,112809,112810,1,-463811,-464249,-437.228,192,192,0
780,112810,112723,-87,-464249,-464172,76.8947,192,192,0
781,112723,112790,67,-464172,-464441,-268.76,192,192,0
782,112790,112723,-67,-464441,-464344,96.1949,192,192,0
783,112723,112722,-1,-464344,-464721,-376.389,192,192,0
784,112722,112929,207,-464721,-465463,-742.658,192,192,0
785,112929,113068,139,-465463,-465915,-451.479,192,192,0
786,113068,113020,-48,-465915,-465735,179.995,192,192,0
787,113020,112848,-172,-465735,-464343,1392.02,192,192,0
788,112848,112954,106,-464343,-465601,-1257.72,192,192,0
789,112954,112959,5,-465601,-465750,-149.339,192,192,0
790,112959,112936,-23,-465750,-465419,330.981,192,192,0
791,112936,113030,94,-465419,-465882,-462.839,192,192,0
792,113030,113090,60,-465882,-466333,-451.237,192,192,0
793,113090,112995,-95,-466333,-466334,-0.985614,192,192,0
794,112995,113108,113,-466334,-466371,-37.051,192,192,0
795,113108,113175,67,-466371,-466852,-480.994,192,192,0
797,113175,113142,-33,-466852,-466805,46.7136,192,192,0
798,113142,113296,154,-466805,-466997,-191.811,192,192,0
799,113296,113341,45,-466997,-467671,-673.931,192,192,0
800,113341,113266,-75,-467671,-468133,-462.116,192,192,0
801,113266,113041,-225,-468133,-468025,108.67,192,192,0
802,113041,113005,-36,-468025,-468116,-91.0965,192,192,0
803,113005,112828,-177,-468116,-468057,58.2466,192,192,0
804,112828,112963,135,-468057,-468122,-64.6664,192,192,0
805,112963,113021,58,-468122,-468679,-557.367,192,192,0
806,113021,112892,-129,-468679,-469145,-465.486,192,192,0
807,112892,112849,-43,-469145,-468889,255.795,192,192,0
808,112849,112620,-229,-468889,-468752,136.618,192,192,0
809,112620,112577,-43,-468752,-468581,171.501,192,192,0
810,112577,112589,12,-468581,-468314,267.267,192,192,0
811,112589,112532,-57,-468314,-464282,4032.14,192,192,0
812,112532,112365,-167,-464282,-463859,422.834,192,192,0
813,112365,112404,39,-463859,-464360,-501.623,192,192,0
814,112404,112284,-120,-464360,-463663,696.881,192,192,0
815,112284,112211,-73,-463663,-462777,886.237,192,192,0
816,112211,112211,0,-462777,-462939,-161.672,192,192,0
817,112211,112272,61,-462939,-463089,-150.58,192,192,0
818,112272,112375,103,-463089,-463786,-696.352,192,192,0
819,112375,112360,-15,-463786,-463585,200.688,192,192,0
821,112360,112439,79,-463585,-463416,168.833,192,192,0
822,112439,112460,21,-463416,-463403,13.1534,192,192,0
823,112460,112260,-200,-463403,-461065,2338.24,192,192,0
824,112260,112394,134,-461065,-462071,-1005.84,192,192,0
825,112394,112289,-105,-462071,-458118,3953.01,192,192,0
826,112289,112282,-7,-458118,-458108,9.85269,192,192,0
827,112282,112052,-230,-458108,-457366,741.967,192,192,0
828,112052,112061,9,-457366,-457264,101.724,192,192,0
829,112061,112643,582,-457264,-458180,-915.93,192,194,2
831,112643,112638,-5,-458180,-458322,-142.047,194,194,0
832,112638,112023,-615,-458322,-455599,2722.75,194,194,0
833,112023,112030,7,-455599,-455640,-40.0817,194,194,0
834,112030,112048,18,-455640,-456268,-628.846,194,194,0
835,112048,112144,96,-456268,-456980,-711.765,194,194,0
836,112144,111773,-371,-456980,-455415,1564.72,194,194,0
837,111773,111864,91,-455415,-455234,181.014,194,194,0
838,111864,111807,-57,-455234,-455539,-304.367,194,194,0
839,111807,112166,359,-455539,-456667,-1128.07,194,194,0
840,112166,112113,-53,-456667,-456111,556.146,194,194,0
841,112113,112232,119,-456111,-456343,-232.455,194,194,0
842,112232,112071,-161,-456343,-455465,878.463,194,194,0
843,112071,112141,70,-455465,-455468,-3.76678,194,194,0
844,112141,112263,122,-455468,-455438,30.8704,194,194,0
845,112263,112219,-44,-455438,-455414,23.874,194,194,0
846,112219,112230,11,-455414,-455633,-219.49,194,194,0
847,112230,113028,798,-455633,-459020,-3386.32,194,194,0
848,113028,112968,-60,-459020,-456904,2115.25,194,194,0
849,112968,113159,191,-456904,-457382,-477.801,194,194,0
850,113159,113214,55,-457382,-457717,-335.311,194,194,0
851,113214,113299,85,-457717,-457963,-245.775,194,194,0
853,113299,113281,-18,-457963,-457989,-26.1874,194,194,0
854,113281,113340,59,-457989,-458042,-52.247,194,194,0
855,113340,113461,121,-458042,-459641,-1599.53,194,194,0
856,113461,113302,-159,-459641,-458605,1036.51,194,194,0
858,113302,113351,49,-458605,-458637,-32.8358,194,194,0
859,113351,113402,51,-458637,-460933,-2295.06,194,194,0
860,113402,113649,247,-460933,-461406,-473.945,194,194,0
861,113649,113640,-9,-461406,-460660,746.85,194,194,0
863,113640,113597,-43,-460660,-460621,39.0352,194,194,0
864,113597,113582,-15,-460621,-460420,200.991,194,194,0
865,113582,113623,41,-460420,-460537,-117.536,194,194,0
866,113623,113587,-36,-460537,-460542,-4.43016,194,194,0
867,113587,113554,-33,-460542,-460425,116.095,194,194,0
868,113554,113585,31,-460425,-460724,-298.135,194,194,0
869,113585,113351,-234,-460724,-459109,1614.64,194,194,0
870,113351,113235,-116,-459109,-458901,208.158,194,194,0
871,113235,113156,-79,-458901,-458919,-17.8889,194,194,0
872,113156,113088,-68,-458919,-457643,1275.79,194,194,0
873,113088,113245,157,-457643,-458494,-850.773,194,194,0
874,113245,113342,97,-458494,-458585,-90.9459,194,194,0
876,113342,113296,-46,-458585,-458581,3.18048,194,194,0
877,113296,113899,603,-458581,-459425,-843.419,194,194,0
878,113899,113778,-121,-459425,-458154,1270.55,194,194,0
879,113778,113748,-30,-458154,-458389,-234.388,194,194,0
880,113748,113731,-17,-458389,-458376,12.6229,194,194,0
881,113731,113705,-26,-458376,-458436,-60.3084,194,194,0
882,113705,113816,111,-458436,-456779,1657.69,194,194,0
883,113816,113836,20,-456779,-456173,605.788,194,194,0
884,113836,113501,-335,-456173,-455162,1010.43,194,194,0
886,113501,113417,-84,-455162,-455369,-206.75,194,194,0
887,113417,113397,-20,-455369,-455376,-7.21956,194,194,0
888,113397,113342,-55,-455376,-455980,-604.033,194,194,0
889,113342,113423,81,-455980,-456210,-229.704,194,194,0
890,113423,112827,-596,-456210,-455442,767.76,194,194,0
891,112827,113005,178,-455442,-457235,-1792.33,194,194,0
892,113005,113209,204,-457235,-457221,13.6737,194,194,0
893,113209,113320,111,-457221,-457322,-100.955,194,194,0
894,113320,113340,20,-457322,-457893,-571.41,194,194,0
895,113340,113343,3,-457893,-458273,-379.608,194,194,0
896,113343,113394,51,-458273,-459060,-786.946,194,194,0
897,113394,113069,-325,-459060,-458444,615.51,194,194,0
898,113069,113042,-27,-458444,-457987,457.796,194,194,0
900,113042,113118,76,-457987,-458471,-484.387,194,194,0
901,113118,113123,5,-458471,-458407,64.3878,194,194,0
902,113123,112913,-210,-458407,-457446,960.691,194,194,0
904,112913,112883,-30,-457446,-457389,56.9242,194,194,0
905,112883,113035,152,-457389,-457424,-35.0491,194,194,0
906,113035,113109,74,-457424,-456911,512.609,194,194,0
907,113109,113419,310,-456911,-457938,-1026.24,194,194,0
908,113419,113298,-121,-457938,-458633,-694.765,194,194,0
909,113298,113255,-43,-458633,-458134,498.117,194,194,0
910,113255,112680,-575,-458134,-457739,395.218,194,194,0
911,112680,112580,-100,-457739,-457147,591.915,194,194,0
912,112580,112432,-148,-457147,-456608,539.314,194,194,0
913,112432,112507,75,-456608,-457428,-820.032,194,194,0
914,112507,112764,257,-457428,-458155,-726.715,194,194,0
915,112764,112603,-161,-458155,-457840,314.331,194,194,0
916,112603,112443,-160,-457840,-455694,2145.88,194,194,0
917,112443,112450,7,-455694,-455630,64.591,194,194,0
918,112450,112121,-329,-455630,-456234,-604.197,194,194,0
919,112121,112165,44,-456234,-456535,-301.022,194,194,0
920,112165,112133,-32,-456535,-455685,850.46,194,194,0
921,112133,112102,-31,-455685,-455739,-54.3744,194,194,0
922,112102,113134,1032,-455739,-456997,-1258.48,194,194,0
923,113134,113146,12,-456997,-457162,-164.743,194,194,0
924,113146,113149,3,-457162,-457348,-186.026,194,194,0
925,113149,113174,25,-457348,-457515,-167.229,194,194,0
926,113174,113054,-120,-457515,-457604,-88.631,194,194,0
927,113054,113823,769,-457604,-458723,-1119.17,194,194,0
928,113823,113838,15,-458723,-459067,-344.137,194,194,0
929,113838,113735,-103,-459067,-458402,665.087,194,194,0
930,113735,113697,-38,-458402,-458199,202.981,194,194,0
931,113697,113738,41,-458199,-457855,344.177,194,194,0
932,113738,113677,-61,-457855,-457529,326.514,194,194,0
933,113677,113661,-16,-457529,-457685,-155.857,194,194,0
934,113661,113594,-67,-457685,-457583,101.909,194,194,0
935,113594,113553,-41,-457583,-457757,-174.513,194,194,0
936,113553,113450,-103,-457757,-457771,-13.7904,194,194,0
938,113450,113481,31,-457771,-457809,-38.3401,194,194,0
939,113481,113370,-111,-457809,-457784,25.747,194,194,0
940,113370,113221,-149,-457784,-457177,606.89,194,194,0
941,113221,113325,104,-457177,-457127,49.8977,194,194,0
942,113325,113405,80,-457127,-457609,-481.843,194,194,0
943,113405,113389,-16,-457609,-458266,-657.344,194,194,0
944,113389,113505,116,-458266,-459114,-848.212,194,194,0
945,113505,113552,47,-459114,-459724,-610.008,194,194,0
946,113552,113647,95,-459724,-460022,-298.049,194,194,0
947,113647,113402,-245,-460022,-457590,2432.35,194,194,0
948,113402,113406,4,-457590,-457502,87.6082,194,194,0
949,113406,113404,-2,-457502,-457426,76.6295,194,194,0
950,113404,113582,178,-457426,-457405,20.3818,194,194,0
952,113582,113515,-67,-457405,-457463,-58.2771,194,194,0
953,113515,113522,7,-457463,-457954,-490.42,194,194,0
954,113522,113588,66,-457954,-457901,52.5138,194,194,0
955,113588,113253,-335,-457901,-457527,374.546,194,194,0
956,113253,113079,-174,-457527,-457028,498.951,194,192,-2
957,113079,112992,-87,-457028,-457121,-93.1921,192,192,0
958,112992,113000,8,-457121,-457605,-484.32,192,192,0
959,113000,113139,139,-457605,-457541,64.057,192,192,0
960,113139,112971,-168,-457541,-456069,1472.66,192,192,0
961,112971,113027,56,-456069,-455875,193.225,192,192,0
962,113027,113015,-12,-455875,-456425,-549.149,192,192,0
963,113015,113080,65,-456425,-456771,-346.857,192,192,0
964,113080,113037,-43,-456771,-457395,-623.084,192,192,0
965,113037,113073,36,-457395,-457450,-55.1511,192,192,0
966,113073,113067,-6,-457450,-457413,36.8336,192,192,0
967,113067,113290,223,-457413,-457654,-241.447,192,192,0
968,113290,113855,565,-457654,-458805,-1150.29,192,194,2
969,113855,113892,37,-458805,-458594,210.156,194,194,0
970,113892,113881,-11,-458594,-458494,100.339,194,194,0
971,113881,113932,51,-458494,-457766,727.746,194,194,0
973,113932,113774,-158,-457766,-457586,180.103,194,194,0
974,113774,113682,-92,-457586,-457239,347.727,194,194,0
975,113682,113945,263,-457239,-457487,-248.145,194,194,0
976,113945,113953,8,-457487,-457646,-159.011,194,194,0
977,113953,113957,4,-457646,-457824,-178.218,194,194,0
978,113957,113931,-26,-457824,-457331,493.363,194,194,0
979,113931,113762,-169,-457331,-456755,575.858,194,194,0
980,113762,113774,12,-456755,-456622,132.817,194,194,0
981,113774,113807,33,-456622,-456985,-362.623,194,194,0
982,113807,113917,110,-456985,-458488,-1503.85,194,194,0
985,113917,113807,-110,-458488,-458582,-93.9539,194,194,0
986,113807,113908,101,-458582,-459854,-1271.76,194,194,0
987,113908,113909,1,-459854,-459748,105.901,194,194,0
988,113909,114153,244,-459748,-460169,-420.628,194,194,0
989,114153,114337,184,-460169,-461831,-1662.48,194,194,0
990,114337,114329,-8,-461831,-462117,-285.434,194,194,0
991,114329,114312,-17,-462117,-461321,795.718,194,194,0
992,114312,114251,-61,-461321,-461009,312.063,194,194,0
993,114251,114299,48,-461009,-460739,270.093,194,194,0
994,114299,114118,-181,-460739,-460156,583.325,194,194,0
995,114118,114128,10,-460156,-460557,-401.714,194,194,0
996,114128,113910,-218,-460557,-460145,412.089,194,194,0
998,113910,113808,-102,-460145,-458023,2121.7,194,194,0
999,113808,113713,-95,-458023,-456993,1030.33,194,194,0
1002,113713,113755,42,-456993,-457277,-284.222,194,194,0
1003,113755,113743,-12,-457277,-457224,52.888,194,194,0
1004,113743,113668,-75,-457224,-457110,114.372,194,194,0
1005,113668,113654,-14,-457110,-456328,781.914,194,194,0
1006,113654,113520,-134,-456328,-456178,150.095,194,194,0
1007,113520,113456,-64,-456178,-456089,88.6884,194,194,0
1008,113456,113544,88,-456089,-456610,-520.537,194,194,0
1009,113544,113311,-233,-456610,-455619,991.036,194,194,0
1010,113311,113457,146,-455619,-455816,-197.44,194,194,0
1011,113457,113467,10,-455816,-455891,-74.4071,194,194,0
1012,113467,113563,96,-455891,-456219,-327.859,194,194,0
1013,113563,113474,-89,-456219,-456199,19.4675,194,194,0
1014,113474,113511,37,-456199,-456269,-70.1857,194,194,0
1015,113511,113459,-52,-456269,-455908,361.287,194,194,0
1016,113459,113579,120,-455908,-456029,-121.234,194,194,0
1017,113579,113634,55,-456029,-455971,58.0975,194,194,0
1019,113634,113539,-95,-455971,-455270,701.223,194,194,0
1020,113539,113336,-203,-455270,-453881,1388.65,194,194,0
1021,113336,113362,26,-453881,-454488,-607.106,194,194,0
1023,113362,113325,-37,-454488,-454840,-351.971,194,194,0
1024,113325,113368,43,-454840,-455331,-490.641,194,194,0
1025,113368,113439,71,-455331,-454945,386.373,194,194,0
1026,113439,113411,-28,-454945,-455387,-442.028,194,194,0
1027,113411,113623,212,-455387,-455996,-609.64,194,194,0
1028,113623,113733,110,-455996,-456170,-173.529,194,194,0
1029,113733,113885,152,-456170,-456141,28.9619,194,194,0
1030,113885,113842,-43,-456141,-454672,1468.65,194,194,0
1031,113842,113860,18,-454672,-454836,-163.906,194,194,0
1032,113860,113794,-66,-454836,-454576,259.642,194,194,0
1033,113794,113783,-11,-454576,-455055,-478.976,194,194,0
1034,113783,113657,-126,-455055,-454755,300.857,194,194,0
1035,113657,113643,-14,-454755,-454767,-11.9362,194,194,0
1036,113643,113714,71,-454767,-454436,330.199,194,194,0
1037,113714,113810,96,-454436,-454869,-432.236,194,194,0
1038,113810,113868,58,-454869,-454557,311.518,194,194,0
1039,113868,113746,-122,-454557,-454241,316.128,194,194,0
1040,113746,113770,24,-454241,-454347,-106.568,194,194,0
1041,113770,113691,-79,-454347,-454260,87.5234,194,194,0
1042,113691,113768,77,-454260,-454550,-289.586,194,194,0
1043,113768,113658,-110,-454550,-455922,-1372.55,194,194,0
1044,113658,113649,-9,-455922,-455741,180.933,194,194,0
1045,113649,113689,40,-455741,-455723,18.5972,194,194,0
1046,113689,113674,-15,-455723,-455524,198.717,194,194,0
1047,113674,113665,-9,-455524,-455508,15.7361,194,194,0
1048,113665,113714,49,-455508,-455163,344.643,194,194,0
1049,113714,113717,3,-455163,-455228,-64.0396,194,194,0
1050,113717,113804,87,-455228,-455244,-16.7229,194,194,0
1051,113804,113857,53,-455244,-455667,-423.249,194,194,0
1052,113857,113696,-161,-455667,-455023,644.008,194,194,0
1053,113696,113902,206,-455023,-455469,-445.494,194,194,0
1054,113902,113834,-68,-455469,-455712,-243.426,194,194,0
1055,113834,113874,40,-455712,-455530,181.979,194,194,0
1056,113874,113889,15,-455530,-455611,-80.4954,194,194,0
1057,113889,113813,-76,-455611,-455522,88.485,194,194,0
1058,113813,113928,115,-455522,-452972,2550.56,194,194,0
1059,113928,113796,-132,-452972,-452852,119.38,194,194,0
1060,113796,113779,-17,-452852,-452016,836.059,194,194,0
1061,113779,113740,-39,-452016,-452405,-388.801,194,194,0
1062,113740,113879,139,-452405,-451267,1138.15,194,194,0
1063,113879,113912,33,-451267,-451776,-508.887,194,194,0
1064,113912,113937,25,-451776,-451456,319.797,194,194,0
1065,113937,113767,-170,-451456,-451206,250.281,194,194,0
1066,113767,113749,-18,-451206,-450833,372.686,194,194,0
1067,113749,113903,154,-450833,-451331,-498.037,194,194,0
1068,113903,113912,9,-451331,-451803,-471.817,194,194,0
1069,113912,113833,-79,-451803,-451891,-88.0959,194,194,0
1070,113833,114028,195,-451891,-452857,-965.887,194,194,0
1071,114028,114093,65,-452857,-452935,-77.7157,194,194,0
1072,114093,114099,6,-452935,-452785,149.708,194,194,0
1073,114099,114107,8,-452785,-452896,-111.086,194,194,0
1074,114107,114108,1,-452896,-452746,150.482,194,194,0
1075,114108,114096,-12,-452746,-452512,233.402,194,194,0
1076,114096,114056,-40,-452512,-452359,152.834,194,194,0
1077,114056,114043,-13,-452359,-452311,48.692,194,194,0
1078,114043,114049,6,-452311,-452490,-178.846,194,194,0
1079,114049,113483,-566,-452490,-450711,1778.92,194,194,0
1080,113483,113486,3,-450711,-450845,-134.292,194,194,0
1081,113486,113249,-237,-450845,-449746,1099.38,194,194,0
1083,113249,113326,77,-449746,-450029,-283.688,194,194,0
1084,113326,113325,-1,-450029,-450619,-589.452,194,194,0
1085,113325,113322,-3,-450619,-451026,-407.693,194,194,0
1086,113322,113315,-7,-451026,-450770,256.546,194,194,0
1087,113315,113340,25,-450770,-451457,-687.217,194,194,0
1088,113340,113364,24,-451457,-451597,-139.795,194,194,0
1089,113364,113439,75,-451597,-451350,246.563,194,194,0
1090,113439,113494,55,-451350,-451209,140.822,194,194,0
1091,113494,113580,86,-451209,-451222,-12.4761,194,194,0
1092,113580,113485,-95,-451222,-451103,119.441,194,194,0
1093,113485,113468,-17,-451103,-450643,459.863,194,194,0
1094,113468,113472,4,-450643,-451015,-372.527,194,194,0
1095,113472,113374,-98,-451015,-450641,374.464,194,194,0
1096,113374,113294,-80,-450641,-451022,-381.32,194,194,0
1097,113294,113120,-174,-451022,-450864,157.574,194,194,0
1099,113120,112911,-209,-450864,-450766,98.1321,194,194,0
1100,112911,112859,-52,-450766,-450394,371.864,194,194,0
1101,112859,113320,461,-450394,-451698,-1303.5,194,194,0
1102,113320,113247,-73,-451698,-451041,657.035,194,194,0
1104,113247,113276,29,-451041,-451969,-928.284,194,194,0
1105,113276,113227,-49,-451969,-451915,54.467,194,194,0
1106,113227,113357,130,-451915,-451829,85.5965,194,194,0
1107,113357,113548,191,-451829,-451850,-21.3067,194,194,0
1108,113548,113577,29,-451850,-452163,-312.864,194,194,0
1109,113577,113461,-116,-452163,-451510,653.755,194,194,0
1110,113461,113547,86,-451510,-452263,-753.273,194,194,0
1111,113547,113526,-21,-452263,-451509,753.463,194,194,0
1112,113526,113290,-236,-451509,-450785,724.271,194,194,0
1113,113290,113330,40,-450785,-451306,-520.872,194,194,0
1114,113330,113376,46,-451306,-451372,-65.6646,194,194,0
1115,113376,113451,75,-451372,-451472,-100.009,194,194,0
1116,113451,113403,-48,-451472,-449662,1809.22,194,194,0
1118,113403,113494,91,-449662,-450066,-403.314,194,194,0
1119,113494,113702,208,-450066,-450327,-261.682,194,194,0
1121,113702,113994,292,-450327,-450719,-391.45,194,194,0
1122,113994,114036,42,-450719,-450739,-19.6331,194,194,0
1123,114036,114106,70,-450739,-451598,-859.67,194,194,0
1124,114106,114113,7,-451598,-450811,787.446,194,194,0
1126,114113,114176,63,-450811,-451541,-730.313,194,194,0
1127,114176,114293,117,-451541,-451489,51.577,194,194,0
1128,114293,114247,-46,-451489,-452034,-544.277,194,194,0
1129,114247,114092,-155,-452034,-451058,976.019,194,194,0
1130,114092,114146,54,-451058,-450620,438.04,194,194,0
1131,114146,114192,46,-450620,-450568,52.1782,194,194,0
1132,114192,114186,-6,-450568,-449449,1119.01,194,194,0
1133,114186,114311,125,-449449,-451599,-2150.19,194,194,0
1134,114311,114288,-23,-451599,-452392,-793.229,194,194,0
1135,114288,114225,-63,-452392,-452411,-18.618,194,194,0
1136,114225,114095,-130,-452411,-450287,2123.07,194,194,0
1137,114095,114060,-35,-450287,-450115,172.881,194,194,0
1138,114060,113980,-80,-450115,-450175,-60.3793,194,194,0
1139,113980,113971,-9,-450175,-450353,-178.092,194,194,0
1140,113971,113896,-75,-450353,-449993,360.407,194,194,0
1141,113896,113887,-9,-449993,-449940,52.6881,194,194,0
1143,113887,114018,131,-449940,-448785,1155.26,194,194,0
1144,114018,114072,54,-448785,-448906,-121.151,194,194,0
1145,114072,114081,9,-448906,-450407,-1501.64,194,194,0
1146,114081,114067,-14,-450407,-450554,-146.867,194,194,0
1147,114067,114021,-46,-450554,-450497,57.8053,194,194,0
1148,114021,114070,49,-450497,-450752,-255.714,194,194,0
1149,114070,114016,-54,-450752,-450806,-54.0667,194,194,0
1150,114016,114085,69,-450806,-451629,-822.685,194,194,0
1151,114085,114088,3,-451629,-451692,-62.864,194,194,0
1152,114088,114056,-32,-451692,-448997,2694.95,194,194,0
1153,114056,113966,-90,-448997,-449119,-121.69,194,194,0
1154,113966,113811,-155,-449119,-448915,203.743,194,194,0
1155,113811,113623,-188,-448915,-447749,1165.63,194,194,0
1157,113623,113691,68,-447749,-447662,87.1714,194,194,0
1159,113691,113851,160,-447662,-447350,311.701,194,194,0
1160,113851,113799,-52,-447350,-447910,-559.542,194,194,0
1161,113799,113725,-74,-447910,-447477,433.07,194,194,0
1162,113725,112789,-936,-447477,-444618,2858.8,194,192,-2
1163,112789,112802,13,-444618,-444626,-7.66199,192,192,0
1164,112802,112839,37,-444626,-445408,-782.791,192,192,0
1165,112839,112628,-211,-445408,-445405,3.64985,192,192,0
1166,112628,112730,102,-445405,-446017,-612.332,192,192,0
1167,112730,112876,146,-446017,-445916,101.123,192,192,0
1168,112876,112954,78,-445916,-446741,-825.352,192,192,0
1169,112954,112923,-31,-446741,-446714,27.0616,192,192,0
1170,112923,112859,-64,-446714,-446944,-230.022,192,192,0
1172,112859,112971,112,-446944,-447399,-454.882,192,192,0
1173,112971,113093,122,-447399,-446392,1006.76,192,192,0
1174,113093,113160,67,-446392,-447241,-848.923,192,192,0
1175,113160,113167,7,-447241,-447530,-289.005,192,192,0
1176,113167,113297,130,-447530,-447482,48.758,192,192,0
1177,113297,113357,60,-447482,-447636,-153.909,192,192,0
1178,113357,113423,66,-447636,-447635,0.540855,192,192,0
1179,113423,113407,-16,-447635,-447477,158.341,192,192,0
1180,113407,113593,186,-447477,-448974,-1496.95,192,192,0
1181,113593,113479,-114,-448974,-448952,21.2766,192,192,0
1182,113479,113489,10,-448952,-448181,771.15,192,192,0
1183,113489,113495,6,-448181,-448674,-492.969,192,192,0
1184,113495,113706,211,-448674,-450056,-1381.43,192,192,0
1185,113706,113644,-62,-450056,-450057,-1.40331,192,192,0
1186,113644,113781,137,-450057,-451107,-1050.18,192,192,0
1187,113781,113717,-64,-451107,-450766,340.722,192,192,0
1188,113717,113802,85,-450766,-451877,-1110.33,192,192,0
1189,113802,113554,-248,-451877,-452127,-250.692,192,192,0
1191,113554,113500,-54,-452127,-451679,448.252,192,192,0
1192,113500,113463,-37,-451679,-451471,208.104,192,192,0
1193,113463,113611,148,-451471,-452456,-984.67,192,192,0
1194,113611,113522,-89,-452456,-452322,133.936,192,192,0
1195,113522,113462,-60,-452322,-452516,-194.018,192,192,0
1196,113462,112884,-578,-452516,-450991,1524.57,192,192,0
1197,112884,112891,7,-450991,-451044,-52.5555,192,192,0
1198,112891,112889,-2,-451044,-450549,494.625,192,192,0
1199,112889,112962,73,-450549,-450595,-46.2376,192,192,0
1200,112962,112928,-34,-450595,-450178,417.146,192,192,0
1201,112928,112931,3,-450178,-450268,-89.8561,192,192,0
1202,112931,112793,-138,-450268,-449777,491.258,192,192,0
1203,112793,112814,21,-449777,-449914,-136.758,192,192,0
1204,112814,112810,-4,-449914,-450894,-979.892,192,192,0
1205,112810,112974,164,-450894,-452327,-1433.58,192,192,0
1206,112974,112871,-103,-452327,-452701,-373.972,192,192,0
1207,112871,112888,17,-452701,-452329,371.804,192,192,0
1208,112888,112762,-126,-452329,-452167,162.034,192,192,0
1209,112762,112835,73,-452167,-452565,-397.943,192,192,0
1210,112835,112964,129,-452565,-452417,148.495,192,192,0
1211,112964,112448,-516,-452417,-450907,1509.88,192,192,0
1213,112448,112491,43,-450907,-448867,2040.03,192,192,0
1214,112491,112449,-42,-448867,-448632,235.276,192,192,0
1215,112449,112147,-302,-448632,-448708,-76.4739,192,192,0
1216,112147,112601,454,-448708,-451392,-2684.05,192,192,0
1217,112601,112598,-3,-451392,-451115,277.181,192,192,0
1218,112598,112497,-101,-451115,-450439,676.005,192,192,0
1221,112497,112580,83,-450439,-450673,-234.058,192,192,0
1222,112580,112491,-89,-450673,-450251,422.054,192,192,0
1223,112491,112201,-290,-450251,-450491,-239.855,192,192,0
1225,112201,112145,-56,-450491,-449977,513.484,192,192,0
1226,112145,112305,160,-449977,-450236,-258.517,192,192,0
1227,112305,111974,-331,-450236,-449267,968.34,192,192,0
1228,111974,111947,-27,-449267,-449145,122.015,192,192,0
1229,111947,112066,119,-449145,-449539,-393.763,192,192,0
1230,112066,112138,72,-449539,-450000,-460.871,192,192,0
1231,112138,112006,-132,-450000,-450091,-91.0131,192,192,0
1232,112006,112004,-2,-450091,-450195,-103.506,192,192,0
1233,112004,112076,72,-450195,-450044,150.799,192,192,0
1235,112076,112096,20,-450044,-449919,125.11,192,192,0
1236,112096,111936,-160,-449919,-449627,292.112,192,192,0
1237,111936,111882,-54,-449627,-449458,168.344,192,192,0
1238,111882,111750,-132,-449458,-449274,184.438,192,192,0
1239,111750,111752,2,-449274,-449564,-289.99,192,192,0
1240,111752,111732,-20,-449564,-449587,-22.7671,192,192,0
1241,111732,111743,11,-449587,-449825,-238.88,192,192,0
1242,111743,111734,-9,-449825,-449574,251.031,192,192,0
1243,111734,111737,3,-449574,-449600,-25.1655,192,192,0
1245,111737,111486,-251,-449600,-447190,2409.77,192,192,0
1246,111486,111588,102,-447190,-447311,-120.837,192,192,0
1247,111588,111953,365,-447311,-448285,-974.523,192,192,0
1248,111953,111942,-11,-448285,-448499,-213.85,192,192,0
1249,111942,111832,-110,-448499,-448912,-412.871,192,192,0
1250,111832,111241,-591,-448912,-446828,2083.56,192,192,0
1251,111241,111226,-15,-446828,-446707,121.711,192,192,0
1252,111226,111196,-30,-446707,-446147,559.375,192,192,0
1253,111196,111148,-48,-446147,-445976,171.05,192,192,0
1254,111148,111171,23,-445976,-445954,22.267,192,192,0
1255,111171,111135,-36,-445954,-446037,-82.9855,192,192,0
1256,111135,111292,157,-446037,-446015,22.1894,192,192,0
1257,111292,111338,46,-446015,-445165,849.373,192,192,0
1258,111338,111376,38,-445165,-445328,-162.574,192,192,0
1259,111376,111345,-31,-445328,-444346,982.24,192,192,0
1260,111345,111332,-13,-444346,-444432,-86.1684,192,192,0
1261,111332,112424,1092,-444432,-446648,-2215.99,192,192,0
1262,112424,112927,503,-446648,-448716,-2068.01,192,194,2
1263,112927,112936,9,-448716,-448308,408.317,194,194,0
1264,112936,112581,-355,-448308,-447653,654.161,194,194,0
1265,112581,112539,-42,-447653,-447741,-87.3841,194,194,0
1266,112539,112424,-115,-447741,-447546,194.462,194,194,0
1267,112424,112512,88,-447546,-447999,-452.396,194,194,0
1268,112512,112483,-29,-447999,-446802,1196.59,194,194,0
1269,112483,112559,76,-446802,-446807,-5.04363,194,194,0
1270,112559,112436,-123,-446807,-446752,55.0846,194,194,0
1271,112436,112288,-148,-446752,-446518,234.035,194,194,0
1273,112288,112291,3,-446518,-446488,30.0375,194,194,0
1274,112291,112311,20,-446488,-447059,-570.71,194,194,0
1275,112311,112223,-88,-447059,-446464,594.539,194,194,0
1276,112223,112322,99,-446464,-446380,83.8277,194,194,0
1277,112322,112333,11,-446380,-446507,-126.205,194,194,0
1278,112333,112240,-93,-446507,-445671,835.701,194,194,0
1279,112240,112178,-62,-445671,-445290,381.159,194,194,0
1280,112178,112113,-65,-445290,-446670,-1380.63,194,194,0
1281,112113,112109,-4,-446670,-447041,-371.042,194,194,0
1282,112109,111887,-222,-447041,-445539,1502.15,194,194,0
1283,111887,111943,56,-445539,-445671,-131.463,194,194,0
1284,111943,112002,59,-445671,-445541,129.743,194,194,0
1285,112002,111967,-35,-445541,-445574,-32.8043,194,194,0
1287,111967,111963,-4,-445574,-444627,946.362,194,194,0
1288,111963,111939,-24,-444627,-444116,511.595,194,194,0
1289,111939,111877,-62,-444116,-442262,1854.18,194,194,0
1290,111877,112299,422,-442262,-442896,-634.673,194,194,0
1291,112299,112043,-256,-442896,-442039,857.374,194,194,0
1292,112043,112017,-26,-442039,-442162,-123.037,194,194,0
1293,112017,111798,-219,-442162,-440757,1405.03,194,194,0
1294,111798,111821,23,-440757,-440982,-225.299,194,194,0
1295,111821,112165,344,-440982,-442591,-1608.94,194,194,0
1296,112165,112395,230,-442591,-443203,-611.481,194,194,0
1297,112395,112261,-134,-443203,-443005,197.378,194,194,0
1298,112261,112218,-43,-443005,-442860,145.074,194,194,0
1299,112218,112194,-24,-442860,-441468,1391.82,194,194,0
1300,112194,112228,34,-441468,-441131,337.554,194,194,0
1301,112228,112279,51,-441131,-440973,157.726,194,194,0
1302,112279,112701,422,-440973,-442350,-1377.23,194,194,0
1303,112701,112405,-296,-442350,-442408,-57.8127,194,194,0
1304,112405,112394,-11,-442408,-443399,-990.629,194,194,0
1305,112394,112531,137,-443399,-444134,-735.69,194,194,0
1306,112531,112437,-94,-444134,-443231,903.873,194,194,0
1307,112437,112426,-11,-443231,-444047,-816.32,194,194,0
1308,112426,112544,118,-444047,-443861,185.566,194,194,0
1309,112544,113049,505,-443861,-445903,-2041.54,194,194,0
1310,113049,113259,210,-445903,-446008,-105.039,194,194,0
1311,113259,113116,-143,-446008,-445085,923.334,194,194,0
1312,113116,113108,-8,-445085,-444933,151.988,194,194,0
1313,113108,113127,19,-444933,-444904,28.1772,194,194,0
1314,113127,113125,-2,-444904,-445761,-856.878,194,194,0
1315,113125,113185,60,-445761,-445995,-234.054,194,194,0
1316,113185,113204,19,-445995,-445965,30.7197,194,194,0
1317,113204,113240,36,-445965,-446139,-174.532,194,194,0
1318,113240,113358,118,-446139,-446630,-490.748,194,194,0
1319,113358,113312,-46,-446630,-447197,-567.268,194,194,0
1320,113312,113317,5,-447197,-447226,-28.8877,194,194,0
1321,113317,113718,401,-447226,-448975,-1749.12,194,194,0
1323,113718,113926,208,-448975,-450631,-1655.41,194,194,0
1324,113926,113758,-168,-450631,-448074,2556.83,194,194,0
1325,113758,113791,33,-448074,-447737,337.028,194,194,0
1326,113791,113966,175,-447737,-448415,-678.531,194,194,0
1327,113966,114009,43,-448415,-449187,-771.982,194,194,0
1328,114009,113991,-18,-449187,-448699,487.724,194,194,0
1329,113991,114106,115,-448699,-449451,-751.461,194,194,0
1330,114106,114130,24,-449451,-449189,262.048,194,194,0
1331,114130,114074,-56,-449189,-449186,3.08826,194,194,0
1332,114074,113970,-104,-449186,-448034,1151.82,194,194,0
1333,113970,114184,214,-448034,-448949,-914.651,194,194,0
1335,114184,114166,-18,-448949,-448725,223.872,194,194,0
1336,114166,114186,20,-448725,-449532,-807.074,194,194,0
1337,114186,114192,6,-449532,-449586,-54.4367,194,194,0
1338,114192,114201,9,-449586,-448754,831.769,194,194,0
1339,114201,114222,21,-448754,-448799,-44.7409,194,194,0
1340,114222,114206,-16,-448799,-449532,-732.518,194,194,0
1341,114206,114269,63,-449532,-449679,-147.685,194,194,0
1342,114269,114169,-100,-449679,-450285,-605.265,194,194,0
1343,114169,114184,15,-450285,-450431,-146.326,194,194,0
1344,114184,114280,96,-450431,-449460,971.342,194,194,0
1345,114280,114182,-98,-449460,-449838,-378.099,194,194,0
1346,114182,114096,-86,-449838,-448918,920.255,194,194,0
1347,114096,114316,220,-448918,-449925,-1007.46,194,194,0
1348,114316,114235,-81,-449925,-449959,-33.8924,194,194,0
1350,114235,114311,76,-449959,-449871,88.069,194,194,0
1351,114311,114309,-2,-449871,-450295,-424.141,194,194,0
1352,114309,114305,-4,-450295,-449573,721.866,194,194,0
1353,114305,114237,-68,-449573,-449941,-368.235,194,194,0
1354,114237,114111,-126,-449941,-450038,-96.7869,194,194,0
1355,114111,114133,22,-450038,-449830,207.802,194,194,0
1356,114133,113699,-434,-449830,-447958,1871.97,194,194,0
1357,113699,113992,293,-447958,-449253,-1294.59,194,194,0
1358,113992,114075,83,-449253,-450389,-1135.88,194,194,0
1359,114075,114089,14,-450389,-450567,-178.609,194,194,0
1360,114089,113855,-234,-450567,-448265,2302.25,194,194,0
1361,113855,113727,-128,-448265,-447387,878.113,194,194,0
1362,113727,113437,-290,-447387,-446992,394.839,194,194,0
1363,113437,113514,77,-446992,-446950,41.9823,194,194,0
1364,113514,113725,211,-446950,-447214,-263.682,194,194,0
1365,113725,113589,-136,-447214,-446633,580.451,194,194,0
1366,113589,113687,98,-446633,-446675,-41.028,194,194,0
1367,113687,113674,-13,-446675,-446459,215.511,194,194,0
1368,113674,113800,126,-446459,-448032,-1573.18,194,194,0
1369,113800,113888,88,-448032,-447919,112.735,194,194,0
1370,113888,113987,99,-447919,-448104,-184.557,194,194,0
1371,113987,114106,119,-448104,-448454,-349.867,194,194,0
1372,114106,114127,21,-448454,-448652,-197.922,194,194,0
1373,114127,114132,5,-448652,-448642,10.1962,194,194,0
1374,114132,114074,-58,-448642,-448611,30.7674,194,194,0
1375,114074,114151,77,-448611,-448744,-133.358,194,194,0
1376,114151,114158,7,-448744,-448522,222.251,194,194,0
1377,114158,114299,141,-448522,-448952,-430.447,194,194,0
1378,114299,114258,-41,-448952,-449224,-271.934,194,194,0
1379,114258,114195,-63,-449224,-449762,-538.154,194,194,0
1380,114195,113805,-390,-449762,-448663,1099.39,194,194,0
1382,113805,113906,101,-448663,-449252,-589.195,194,194,0
1383,113906,113831,-75,-449252,-448448,804.387,194,194,0
1384,113831,113753,-78,-448448,-448698,-249.941,194,194,0
1385,113753,113896,143,-448698,-449163,-465.611,194,194,0
1386,113896,114390,494,-449163,-450240,-1076.89,194,194,0
1387,114390,114452,62,-450240,-451158,-917.311,194,194,0
1388,114452,114532,80,-451158,-451513,-355.699,194,194,0
1389,114532,114545,13,-451513,-450725,788.578,194,194,0
1390,114545,114512,-33,-450725,-450732,-7.68207,194,194,0
1391,114512,114416,-96,-450732,-450418,314.428,194,194,0
1392,114416,114425,9,-450418,-450289,128.821,194,194,0
1393,114425,114388,-37,-450289,-450834,-544.727,194,194,0
1394,114388,114679,291,-450834,-451385,-551.021,194,194,0
1395,114679,114651,-28,-451385,-451413,-28.0502,194,194,0
1397,114651,114702,51,-451413,-451870,-456.816,194,194,0
1398,114702,114686,-16,-451870,-451865,5.24127,194,194,0
1399,114686,114687,1,-451865,-452465,-600.637,194,194,0
1400,114687,114669,-18,-452465,-452260,204.734,194,194,0
1401,114669,114638,-31,-452260,-452571,-310.315,194,194,0
1402,114638,114393,-245,-452571,-452376,195.282,194,194,0
1403,114393,114426,33,-452376,-452063,312.097,194,194,0
1404,114426,114629,203,-452063,-453523,-1459.37,194,194,0
1405,114629,114515,-114,-453523,-453758,-235.391,194,194,0
1406,114515,114513,-2,-453758,-455272,-1513.91,194,194,0
1407,114513,114410,-103,-455272,-455442,-169.672,194,194,0
1408,114410,114399,-11,-455442,-456543,-1101.48,194,194,0
1409,114399,114504,105,-456543,-457487,-943.456,194,194,0
1410,114504,114482,-22,-457487,-457524,-37.2309,194,194,0
1411,114482,114483,1,-457524,-456668,855.938,194,194,0
1412,114483,114526,43,-456668,-456768,-100.169,194,194,0
1413,114526,114641,115,-456768,-456949,-180.674,194,194,0
1414,114641,114836,195,-456949,-459545,-2596.48,194,194,0
1415,114836,114809,-27,-459545,-458841,704.588,194,194,0
1416,114809,114745,-64,-458841,-458826,14.2934,194,194,0
1417,114745,114904,159,-458826,-459062,-235.467,194,194,0
1418,114904,114779,-125,-459062,-457940,1121.54,194,194,0
1419,114779,114710,-69,-457940,-457830,110.428,194,194,0
1420,114710,114617,-93,-457830,-457440,389.884,194,194,0
1421,114617,114548,-69,-457440,-456957,483.265,194,194,0
1422,114548,114046,-502,-456957,-454758,2198.73,194,194,0
1423,114046,114115,69,-454758,-454709,49.5088,194,194,0
1424,114115,114020,-95,-454709,-454722,-12.9892,194,194,0
1425,114020,114073,53,-454722,-454360,361.784,194,194,0
1426,114073,114006,-67,-454360,-453359,1000.89,194,194,0
1427,114006,113927,-79,-453359,-452841,518.18,194,194,0
1428,113927,113668,-259,-452841,-451431,1409.34,194,194,0
1429,113668,113656,-12,-451431,-452011,-579.86,194,194,0
1430,113656,113619,-37,-452011,-452132,-120.613,194,194,0
1431,113619,113957,338,-452132,-453979,-1847.37,194,194,0
1432,113957,113838,-119,-453979,-451898,2081.44,194,194,0
1434,113838,114090,252,-451898,-454429,-2531.14,194,194,0
1435,114090,113713,-377,-454429,-454664,-235.239,194,194,0
1436,113713,113610,-103,-454664,-454661,2.93612,194,194,0
1437,113610,113746,136,-454661,-455617,-955.636,194,194,0
1438,113746,113657,-89,-455617,-453901,1715.88,194,194,0
1439,113657,113669,12,-453901,-453820,80.9498,194,194,0
1440,113669,113742,73,-453820,-454149,-328.925,194,194,0
1441,113742,113651,-91,-454149,-454175,-26.1531,194,194,0
1442,113651,113636,-15,-454175,-453814,361.22,194,194,0
1443,113636,113517,-119,-453814,-453419,394.341,194,194,0
1444,113517,113716,199,-453419,-454980,-1560.87,194,194,0
1446,113716,113691,-25,-454980,-455085,-104.507,194,194,0
1448,113691,113795,104,-455085,-454189,895.798,194,194,0
1449,113795,114217,422,-454189,-455652,-1462.58,194,194,0
1450,114217,113825,-392,-455652,-454378,1273.85,194,194,0
1451,113825,113817,-8,-454378,-454427,-48.8605,194,194,0
1453,113817,113906,89,-454427,-455062,-635.657,194,194,0
1454,113906,113910,4,-455062,-454848,213.819,194,194,0
1455,113910,114019,109,-454848,-454162,686.029,194,194,0
1456,114019,114105,86,-454162,-455252,-1089.62,194,194,0
1457,114105,113870,-235,-455252,-455076,175.815,194,194,0
1458,113870,113759,-111,-455076,-455015,61.3416,194,194,0
1459,113759,113849,90,-455015,-453748,1267.26,194,194,0
1460,113849,113914,65,-453748,-454102,-354.165,194,194,0
1461,113914,113897,-17,-454102,-454058,44.1955,194,194,0
1462,113897,113907,10,-454058,-454830,-772.706,194,194,0
1464,113907,113929,22,-454830,-454818,12.7033,194,194,0
1465,113929,113910,-19,-454818,-454757,60.7179,194,194,0
1466,113910,114000,90,-454757,-454766,-8.99585,194,194,0
1467,114000,114023,23,-454766,-454946,-180.015,194,194,0
1468,114023,113913,-110,-454946,-453868,1078.35,194,194,0
1469,113913,113986,73,-453868,-453097,770.092,194,194,0
1470,113986,113548,-438,-453097,-451454,1643.2,194,194,0
1471,113548,113452,-96,-451454,-451601,-146.52,194,194,0
1472,113452,113317,-135,-451601,-451323,277.909,194,194,0
1473,113317,113170,-147,-451323,-451741,-418.176,194,194,0
1474,113170,113118,-52,-451741,-452570,-829.413,194,194,0
1475,113118,113190,72,-452570,-452852,-281.562,194,194,0
1476,113190,113077,-113,-452852,-452666,186.166,194,194,0
1477,113077,113100,23,-452666,-452626,40.1476,194,194,0
1480,113100,113374,274,-452626,-452676,-50.6459,194,194,0
1481,113374,113674,300,-452676,-452894,-217.347,194,194,0
1482,113674,112467,-1207,-452894,-449083,3810.41,194,192,-2
1483,112467,112452,-15,-449083,-449111,-27.8216,192,192,0
1484,112452,112412,-40,-449111,-448812,299.004,192,192,0
1485,112412,112399,-13,-448812,-449439,-626.995,192,192,0
1486,112399,112418,19,-449439,-450318,-878.693,192,192,0
1487,112418,112407,-11,-450318,-450366,-47.812,192,192,0
1488,112407,112451,44,-450366,-450446,-80.0542,192,192,0
1489,112451,112471,20,-450446,-451231,-785.574,192,192,0
1490,112471,112344,-127,-451231,-450312,919.061,192,192,0
1491,112344,112257,-87,-450312,-450786,-474.256,192,192,0
1492,112257,112188,-69,-450786,-451067,-281.032,192,192,0
1493,112188,111843,-345,-451067,-450258,809.28,192,192,0
1494,111843,111790,-53,-450258,-450042,216.006,192,192,0
1495,111790,111910,120,-450042,-450019,22.7672,192,192,0
1496,111910,111936,26,-450019,-450047,-27.5911,192,192,0
1497,111936,111917,-19,-450047,-450096,-49.2538,192,192,0
1498,111917,111857,-60,-450096,-450379,-283.06,192,192,0
1499,111857,111676,-181,-450379,-449900,479.644,192,192,0
1500,111676,111582,-94,-449900,-450324,-424.54,192,192,0
1501,111582,111289,-293,-450324,-448694,1629.84,192,192,0
1502,111289,111485,196,-448694,-447768,926.371,192,192,0
1503,111485,111382,-103,-447768,-449503,-1734.84,192,192,0
1504,111382,111364,-18,-449503,-449422,81.1757,192,192,0
1505,111364,111238,-126,-449422,-449814,-392.25,192,192,0
1506,111238,111111,-127,-449814,-447574,2240.3,192,192,0
1507,111111,111248,137,-447574,-447689,-115.179,192,192,0
1508,111248,111089,-159,-447689,-446444,1245.02,192,192,0
1509,111089,111428,339,-446444,-447000,-556.483,192,192,0
1510,111428,111563,135,-447000,-447097,-96.2958,192,192,0
1511,111563,111638,75,-447097,-446699,397.506,192,192,0
1512,111638,111632,-6,-446699,-446896,-197.088,192,192,0
1513,111632,111418,-214,-446896,-446495,401.392,192,192,0
1514,111418,111356,-62,-446495,-446227,267.35,192,192,0
1515,111356,111405,49,-446227,-446241,-13.943,192,192,0
1516,111405,111486,81,-446241,-447390,-1148.94,192,192,0
1517,111486,111682,196,-447390,-447123,267.197,192,192,0
1518,111682,111619,-63,-447123,-445904,1219.36,192,192,0
1519,111619,111639,20,-445904,-446113,-209.337,192,192,0
1520,111639,111758,119,-446113,-445505,607.827,192,192,0
1521,111758,112102,344,-445505,-445981,-476.228,192,192,0
1522,112102,112116,14,-445981,-445971,10.6093,192,192,0
1523,112116,112158,42,-445971,-446026,-54.7097,192,192,0
1524,112158,111982,-176,-446026,-445904,121.228,192,192,0
1525,111982,112257,275,-445904,-445887,17.8137,192,192,0
1526,112257,111814,-443,-445887,-445952,-65.2769,192,192,0
1527,111814,111837,23,-445952,-446177,-224.811,192,192,0
1528,111837,111808,-29,-446177,-445597,579.202,192,192,0
1529,111808,111955,147,-445597,-445619,-22.0516,192,192,0
1530,111955,111952,-3,-445619,-445950,-330.32,192,192,0
1531,111952,111986,34,-445950,-445523,426.666,192,192,0
1532,111986,112042,56,-445523,-446036,-512.487,192,192,0
1533,112042,112027,-15,-446036,-446130,-94.0892,192,192,0
1534,112027,112762,735,-446130,-446108,21.2979,192,192,0
1535,112762,112674,-88,-446108,-446312,-203.895,192,192,0
1536,112674,112488,-186,-446312,-446197,115.266,192,192,0
1537,112488,112411,-77,-446197,-446152,45.0527,192,192,0
1538,112411,112379,-32,-446152,-446092,59.8602,192,192,0
1539,112379,112131,-248,-446092,-445222,870.442,192,192,0
1540,112131,112163,32,-445222,-445744,-521.882,192,192,0
1541,112163,112089,-74,-445744,-445139,604.6,192,192,0
1543,112089,112095,6,-445139,-445162,-22.7576,192,192,0
1544,112095,112060,-35,-445162,-445524,-362.616,192,192,0
1545,112060,111912,-148,-445524,-445837,-313.111,192,192,0
1548,111912,111840,-72,-445837,-445638,199.206,192,192,0
1549,111840,111810,-30,-445638,-445398,240.476,192,192,0
1550,111810,111742,-68,-445398,-445972,-573.849,192,192,0
1551,111742,111749,7,-445972,-446093,-121.221,192,192,0
1552,111749,111938,189,-446093,-446065,28.3095,192,192,0
1553,111938,111660,-278,-446065,-445760,304.834,192,192,0
1554,111660,111707,47,-445760,-446181,-421.472,192,192,0
1555,111707,111507,-200,-446181,-446413,-231.71,192,192,0
1556,111507,111671,164,-446413,-446499,-85.6437,192,192,0
1557,111671,111620,-51,-446499,-446164,334.981,192,192,0
1558,111620,111932,312,-446164,-447130,-966.577,192,192,0
1559,111932,112158,226,-447130,-448418,-1288.13,192,192,0
1560,112158,112286,128,-448418,-448669,-250.439,192,192,0
1561,112286,112456,170,-448669,-450082,-1413.3,192,192,0
1562,112456,113537,1081,-450082,-452141,-2058.8,192,194,2
1563,113537,113706,169,-452141,-450889,1251.52,194,194,0
1564,113706,113840,134,-450889,-451697,-807.723,194,194,0
1565,113840,113898,58,-451697,-451355,341.927,194,194,0
1567,113898,113674,-224,-451355,-451266,88.8825,194,194,0
1569,113674,113650,-24,-451266,-451433,-167.187,194,194,0
1570,113650,113628,-22,-451433,-451466,-32.5327,194,194,0
1571,113628,114011,383,-451466,-451694,-228.585,194,194,0
1572,114011,113982,-29,-451694,-452371,-676.391,194,194,0
1573,113982,113994,12,-452371,-452559,-188.021,194,194,0
1574,113994,113850,-144,-452559,-452674,-115.205,194,194,0
1575,113850,113895,45,-452674,-452708,-34.3633,194,194,0
1576,113895,113937,42,-452708,-452436,272.707,194,194,0
1577,113937,113771,-166,-452436,-452072,363.324,194,194,0
1578,113771,113465,-306,-452072,-452708,-635.641,194,194,0
1579,113465,113568,103,-452708,-452817,-108.942,194,194,0
1580,113568,113790,222,-452817,-453412,-595.228,194,194,0
1581,113790,113772,-18,-453412,-453080,331.847,194,194,0
1582,113772,113664,-108,-453080,-453625,-544.262,194,194,0
1583,113664,113563,-101,-453625,-453245,379.637,194,194,0
1584,113563,113588,25,-453245,-453436,-190.487,194,194,0
1585,113588,113692,104,-453436,-453454,-18.4745,194,194,0
1586,113692,113592,-100,-453454,-453939,-485.123,194,194,0
1587,113592,113376,-216,-453939,-452273,1666.38,194,194,0
1588,113376,113583,207,-452273,-454637,-2364.06,194,194,0
1589,113583,113718,135,-454637,-454696,-59.595,194,194,0
1591,113718,113770,52,-454696,-455070,-373.775,194,194,0
1592,113770,113728,-42,-455070,-455279,-208.736,194,194,0
1593,113728,113835,107,-455279,-455757,-477.725,194,194,0
1594,113835,113847,12,-455757,-455562,194.176,194,194,0
1595,113847,113908,61,-455562,-455628,-65.2465,194,194,0
1596,113908,113982,74,-455628,-456155,-526.808,194,194,0
1598,113982,113921,-61,-456155,-455727,427.582,194,194,0
1599,113921,114011,90,-455727,-454412,1314.53,194,194,0
1600,114011,114016,5,-454412,-454568,-155.482,194,194,0
1601,114016,113952,-64,-454568,-455453,-885.146,194,194,0
1602,113952,113953,1,-455453,-455670,-217.372,194,194,0
1604,113953,113852,-101,-455670,-455589,81.5209,194,194,0
1605,113852,113588,-264,-455589,-454320,1268.48,194,194,0
1606,113588,113648,60,-454320,-454395,-74.5814,194,194,0
1607,113648,113691,43,-454395,-454343,51.9126,194,194,0
1608,113691,113747,56,-454343,-454654,-311.379,194,194,0
1609,113747,113773,26,-454654,-454852,-197.27,194,194,0
1610,113773,113804,31,-454852,-454220,631.94,194,194,0
1611,113804,113829,25,-454220,-454197,23.1953,194,194,0
1612,113829,113812,-17,-454197,-454432,-235.54,194,194,0
1613,113812,114225,413,-454432,-454839,-406.661,194,194,0
1614,114225,114371,146,-454839,-455382,-543.712,194,194,0
1615,114371,114012,-359,-455382,-453080,2302.22,194,194,0
1616,114012,113831,-181,-453080,-452423,656.932,194,194,0
1617,113831,113852,21,-452423,-452247,176.358,194,194,0
1618,113852,113729,-123,-452247,-452744,-496.753,194,194,0
1619,113729,113895,166,-452744,-453557,-813.256,194,194,0
1620,113895,114112,217,-453557,-454183,-626.033,194,194,0
1621,114112,114183,71,-454183,-455001,-818.136,194,194,0
1622,114183,114191,8,-455001,-455037,-36.3235,194,194,0
1623,114191,114252,61,-455037,-455107,-69.1381,194,194,0
1624,114252,114179,-73,-455107,-455869,-762.148,194,194,0
1625,114179,114212,33,-455869,-456253,-383.957,194,194,0
1626,114212,114235,23,-456253,-456126,126.976,194,194,0
1628,114235,114238,3,-456126,-456333,-207.227,194,194,0
1629,114238,114102,-136,-456333,-456969,-635.923,194,194,0
1630,114102,114117,15,-456969,-457165,-196.121,194,194,0
1631,114117,114187,70,-457165,-457250,-85.1911,194,194,0
1632,114187,114164,-23,-457250,-456230,1020.49,194,194,0
1633,114164,114392,228,-456230,-457211,-981.777,194,194,0
1634,114392,114083,-309,-457211,-456842,369.562,194,194,0
1635,114083,113965,-118,-456842,-456732,109.99,194,194,0
1637,113965,114103,138,-456732,-457009,-277.405,194,194,0
1638,114103,114146,43,-457009,-457044,-34.1891,194,194,0
1639,114146,114204,58,-457044,-457226,-182.648,194,194,0
1640,114204,114091,-113,-457226,-456488,738.574,194,194,0
1641,114091,114069,-22,-456488,-456466,21.6831,194,194,0
1642,114069,114009,-60,-456466,-456770,-304.308,194,194,0
1643,114009,113983,-26,-456770,-456604,165.804,194,194,0
1644,113983,113979,-4,-456604,-457574,-969.077,194,194,0
1645,113979,113949,-30,-457574,-457500,73.4968,194,194,0
1646,113949,113917,-32,-457500,-457638,-137.604,194,194,0
1647,113917,113872,-45,-457638,-457800,-162.133,194,194,0
1648,113872,113603,-269,-457800,-456667,1133.06,194,194,0
1649,113603,113433,-170,-456667,-456508,158.982,194,194,0
1650,113433,113486,53,-456508,-456770,-262.455,194,194,0
1651,113486,113872,386,-456770,-457709,-938.456,194,194,0
1652,113872,113300,-572,-457709,-457210,499.01,194,194,0
1653,113300,113365,65,-457210,-456856,353.589,194,194,0
1655,113365,113381,16,-456856,-456989,-133.25,194,194,0
1656,113381,113201,-180,-456989,-456990,-0.378913,194,194,0
1657,113201,113287,86,-456990,-457332,-342.745,194,194,0
1658,113287,113299,12,-457332,-457365,-32.3531,194,194,0
1659,113299,113421,122,-457365,-458507,-1142.25,194,194,0
1660,113421,113528,107,-458507,-459284,-777.468,194,194,0
1661,113528,113634,106,-459284,-460115,-830.085,194,194,0
1662,113634,113468,-166,-460115,-459711,403.956,194,194,0
1665,113468,113478,10,-459711,-461117,-1406.18,194,194,0
1666,113478,113457,-21,-461117,-461040,76.7368,194,194,0
1667,113457,113537,80,-461040,-462505,-1464.81,194,194,0
1668,113537,113529,-8,-462505,-462337,168.195,194,194,0
1669,113529,113496,-33,-462337,-461375,961.389,194,194,0
1670,113496,113715,219,-461375,-461538,-163.171,194,194,0
1671,113715,113985,270,-461538,-463114,-1575.95,194,194,0
1672,113985,114010,25,-463114,-462037,1077.7,194,194,0
1673,114010,114084,74,-462037,-462325,-288.578,194,194,0
1674,114084,114636,552,-462325,-463067,-741.815,194,194,0
1675,114636,114586,-50,-463067,-462817,249.956,194,194,0
1676,114586,114601,15,-462817,-463385,-568.066,194,194,0
1677,114601,114572,-29,-463385,-462986,399.211,194,194,0
1678,114572,114588,16,-462986,-463181,-194.952,194,194,0
1679,114588,114492,-96,-463181,-463031,150.082,194,194,0
1680,114492,114674,182,-463031,-463384,-353.204,194,194,0
1681,114674,114685,11,-463384,-463732,-347.749,194,194,0
1682,114685,114873,188,-463732,-463877,-144.981,194,194,0
1684,114873,114743,-130,-463877,-464288,-411.378,194,194,0
1685,114743,114717,-26,-464288,-464265,23.3013,194,194,0
1686,114717,113941,-776,-464265,-462016,2248.49,194,192,-2
1687,113941,113533,-408,-462016,-461625,391.541,192,192,0
1688,113533,113515,-18,-461625,-461609,16.1158,192,192,0
1689,113515,113422,-93,-461609,-462321,-711.792,192,192,0
1690,113422,113488,66,-462321,-462515,-194.13,192,192,0
1691,113488,113482,-6,-462515,-462221,293.814,192,192,0
1692,113482,113242,-240,-462221,-460406,1814.87,192,192,0
1693,113242,113123,-119,-460406,-462377,-1971.3,192,192,0
1694,113123,113358,235,-462377,-464346,-1968.69,192,192,0
1695,113358,113309,-49,-464346,-464245,101.284,192,192,0
1696,113309,112727,-582,-464245,-462966,1278.35,192,192,0
1697,112727,112723,-4,-462966,-464056,-1090.13,192,192,0
1698,112723,112653,-70,-464056,-463777,279.218,192,192,0
1700,112653,112612,-41,-463777,-464074,-296.597,192,192,0
1701,112612,112509,-103,-464074,-464380,-306.344,192,192,0
1702,112509,112536,27,-464380,-465020,-640.029,192,192,0
1703,112536,112576,40,-465020,-464830,190.004,192,192,0
1704,112576,112562,-14,-464830,-464465,364.828,192,192,0
1705,112562,112502,-60,-464465,-464159,306.001,192,192,0
1706,112502,112579,77,-464159,-463905,253.993,192,192,0
1707,112579,112543,-36,-463905,-463822,83.2973,192,192,0
1709,112543,112444,-99,-463822,-463529,292.812,192,192,0
1710,112444,112473,29,-463529,-463672,-143.205,192,192,0
1711,112473,112698,225,-463672,-463849,-176.077,192,192,0
1712,112698,112539,-159,-463849,-463066,782.863,192,192,0
1713,112539,112644,105,-463066,-463446,-380.552,192,192,0
1714,112644,112756,112,-463446,-463852,-405.67,192,192,0
1715,112756,112754,-2,-463852,-463651,200.757,192,192,0
1716,112754,112719,-35,-463651,-463590,61.6169,192,192,0
1717,112719,113146,427,-463590,-463949,-359.025,192,194,2
1719,113146,113173,27,-463949,-463376,572.552,194,194,0
1721,113173,113216,43,-463376,-463908,-531.877,194,194,0
1722,113216,113461,245,-463908,-465170,-1261.91,194,194,0
1723,113461,113560,99,-465170,-465070,100.13,194,194,0
1724,113560,113550,-10,-465070,-465536,-465.936,194,194,0
1725,113550,113109,-441,-465536,-460960,4575.52,194,194,0
1726,113109,112878,-231,-460960,-457448,3511.96,194,194,0
1727,112878,113185,307,-457448,-459029,-1581.23,194,194,0
1728,113185,113218,33,-459029,-459140,-110.388,194,194,0
1729,113218,113011,-207,-459140,-457621,1518.36,194,194,0
1730,113011,113014,3,-457621,-457632,-10.3451,194,194,0
1731,113014,113012,-2,-457632,-457709,-77.2386,194,194,0
1732,113012,113045,33,-457709,-458002,-293.549,194,194,0
1733,113045,113125,80,-458002,-457198,804.158,194,194,0
1735,113125,113095,-30,-457198,-457664,-465.363,194,194,0
1736,113095,113026,-69,-457664,-458170,-506.042,194,194,0
1737,113026,113150,124,-458170,-458024,146.03,194,194,0
1738,113150,113078,-72,-458024,-458710,-685.877,194,194,0
1739,113078,113063,-15,-458710,-458676,33.954,194,194,0
1740,113063,113320,257,-458676,-459512,-836.256,194,194,0
1741,113320,113041,-279,-459512,-456384,3127.76,194,194,0
1742,113041,112896,-145,-456384,-456709,-324.386,194,194,0
1743,112896,112687,-209,-456709,-456404,304.374,194,194,0
1744,112687,112626,-61,-456404,-456832,-428.052,194,194,0
1745,112626,112588,-38,-456832,-457393,-560.847,194,194,0
1746,112588,112579,-9,-457393,-460456,-3063.33,194,194,0
1747,112579,112638,59,-460456,-460766,-309.599,194,194,0
1748,112638,112558,-80,-460766,-460584,182.092,194,194,0
1749,112558,112400,-158,-460584,-460598,-14.2351,194,194,0
1750,112400,112435,35,-460598,-459209,1389.13,194,194,0
1751,112435,112485,50,-459209,-459677,-468.146,194,194,0
1752,112485,111693,-792,-459677,-456427,3250.31,194,192,-2
1753,111693,110875,-818,-456427,-454511,1915.87,192,190,-2
1754,110875,110551,-324,-454511,-453001,1510.36,190,190,0
1755,110551,110528,-23,-453001,-452816,185.058,190,190,0
1756,110528,110602,74,-452816,-453293,-477.651,190,190,0
1757,110602,110622,20,-453293,-453462,-169.249,190,190,0
1758,110622,110637,15,-453462,-453711,-248.569,190,190,0
1759,110637,110448,-189,-453711,-453355,355.712,190,190,0
1760,110448,110388,-60,-453355,-453396,-40.8723,190,190,0
1761,110388,110407,19,-453396,-454637,-1240.96,190,190,0
1762,110407,110399,-8,-454637,-455339,-701.909,190,190,0
1763,110399,110390,-9,-455339,-455297,42.3317,190,190,0
1764,110390,110303,-87,-455297,-455275,21.4898,190,190,0
1765,110303,110326,23,-455275,-454890,384.861,190,190,0
1766,110326,110302,-24,-454890,-455168,-277.791,190,190,0
1767,110302,110205,-97,-455168,-455347,-179.112,190,190,0
1768,110205,110437,232,-455347,-455771,-423.968,190,190,0
1769,110437,110570,133,-455771,-456003,-231.632,190,190,0
1770,110570,110508,-62,-456003,-456809,-806.53,190,190,0
1771,110508,110511,3,-456809,-456977,-167.83,190,190,0
1772,110511,110456,-55,-456977,-457072,-94.8147,190,190,0
1773,110456,110446,-10,-457072,-457557,-484.6,190,190,0
1774,110446,110444,-2,-457557,-457018,538.819,190,190,0
1775,110444,110355,-89,-457018,-457211,-192.805,190,190,0
1776,110355,110359,4,-457211,-457268,-57.801,190,190,0
1777,110359,110379,20,-457268,-458168,-899.804,190,190,0
1778,110379,110395,16,-458168,-457738,429.794,190,190,0
1779,110395,110130,-265,-457738,-454812,2926.37,190,190,0
1780,110130,110174,44,-454812,-455564,-752.386,190,190,0
1781,110174,110385,211,-455564,-458840,-3275.76,190,190,0
1782,110385,111566,1181,-458840,-464586,-5745.32,190,192,2
1783,111566,111458,-108,-464586,-464464,122.014,192,192,0
1784,111458,111405,-53,-464464,-462779,1684.65,192,192,0
1785,111405,111366,-39,-462779,-463197,-417.921,192,192,0
1786,111366,111655,289,-463197,-464634,-1436.81,192,192,0
1787,111655,111661,6,-464634,-463646,988.007,192,192,0
1788,111661,111648,-13,-463646,-463800,-154.735,192,192,0
1789,111648,111722,74,-463800,-464685,-884.699,192,192,0
1791,111722,111714,-8,-464685,-465240,-554.91,192,192,0
1792,111714,111734,20,-465240,-465488,-248.383,192,192,0
1793,111734,111640,-94,-465488,-465391,97.0756,192,192,0
1794,111640,111882,242,-465391,-465780,-388.599,192,192,0
1795,111882,111723,-159,-465780,-465947,-167.271,192,192,0
1796,111723,111721,-2,-465947,-466085,-137.572,192,192,0
1797,111721,111633,-88,-466085,-466150,-64.8581,192,192,0
1798,111633,111602,-31,-466150,-465813,337.021,192,192,0
1800,111602,111630,28,-465813,-465938,-125.483,192,192,0
1801,111630,111503,-127,-465938,-465912,26.4519,192,192,0
1802,111503,111494,-9,-465912,-465558,353.755,192,192,0
1804,111494,111666,172,-465558,-465314,244.258,192,192,0
1805,111666,111621,-45,-465314,-465046,267.61,192,192,0
1806,111621,111673,52,-465046,-465112,-66.1032,192,192,0
1807,111673,111635,-38,-465112,-465119,-6.93301,192,192,0
1809,111635,111336,-299,-465119,-464646,472.78,192,192,0
1810,111336,111329,-7,-464646,-462618,2028.24,192,192,0
1811,111329,111156,-173,-462618,-462123,494.92,192,192,0
1812,111156,111216,60,-462123,-462660,-537.393,192,192,0
1813,111216,111359,143,-462660,-462904,-243.264,192,192,0
1814,111359,111389,30,-462904,-462959,-55.7197,192,192,0
1815,111389,111417,28,-462959,-463556,-596.977,192,192,0
1816,111417,111179,-238,-463556,-462802,754.147,192,192,0
1818,111179,111132,-47,-462802,-461612,1190,192,192,0
1819,111132,110944,-188,-461612,-460951,660.715,192,192,0
1820,110944,110958,14,-460951,-461278,-326.596,192,192,0
1821,110958,110831,-127,-461278,-461138,140.465,192,192,0
1822,110831,111264,433,-461138,-461654,-516.849,192,192,0
1823,111264,111328,64,-461654,-461655,-0.129271,192,192,0
1824,111328,111304,-24,-461655,-460715,939.389,192,192,0
1825,111304,111393,89,-460715,-460783,-67.3868,192,192,0
1826,111393,111346,-47,-460783,-460793,-10.4078,192,192,0
1828,111346,111347,1,-460793,-460932,-138.549,192,192,0
1829,111347,111498,151,-460932,-460778,153.975,192,192,0
1830,111498,111442,-56,-460778,-460369,408.584,192,192,0
1831,111442,111379,-63,-460369,-460386,-16.8343,192,192,0
1832,111379,111582,203,-460386,-460500,-114.564,192,192,0
1833,111582,111601,19,-460500,-459964,536.146,192,192,0
1834,111601,111743,142,-459964,-459908,56.0156,192,192,0
1835,111743,112764,1021,-459908,-464529,-4620.33,192,194,2
1836,112764,112770,6,-464529,-464582,-53.1485,194,194,0
1837,112770,113008,238,-464582,-466224,-1642.59,194,194,0
1839,113008,113004,-4,-466224,-465916,308.179,194,194,0
1840,113004,113016,12,-465916,-465346,570.107,194,194,0
1841,113016,112948,-68,-465346,-465670,-323.546,194,194,0
1842,112948,112914,-34,-465670,-462412,3257.99,194,194,0
1843,112914,112840,-74,-462412,-462705,-293.673,194,194,0
1844,112840,113057,217,-462705,-462976,-270.97,194,194,0
1845,113057,112987,-70,-462976,-462921,55.5979,194,194,0
1847,112987,112999,12,-462921,-462241,679.62,194,194,0
1848,112999,112997,-2,-462241,-462428,-186.84,194,194,0
1849,112997,112960,-37,-462428,-462918,-489.736,194,194,0
1850,112960,112992,32,-462918,-462614,303.302,194,194,0
1851,112992,113249,257,-462614,-462945,-330.257,194,194,0
1852,113249,113175,-74,-462945,-462704,240.498,194,194,0
1853,113175,113193,18,-462704,-463650,-946.287,194,194,0
1854,113193,113173,-20,-463650,-463160,490.658,194,194,0
1855,113173,113294,121,-463160,-463363,-203.667,194,194,0
1856,113294,113457,163,-463363,-463538,-175.083,194,194,0
1857,113457,113450,-7,-463538,-463890,-352.044,194,194,0
1858,113450,113445,-5,-463890,-464075,-184.991,194,194,0
1859,113445,113340,-105,-464075,-463464,611.427,194,194,0
1860,113340,113341,1,-463464,-463436,28.4665,194,194,0
1861,113341,113330,-11,-463436,-461864,1571.8,194,194,0
1862,113330,113333,3,-461864,-462055,-191.176,194,194,0
1863,113333,113232,-101,-462055,-462019,35.591,194,194,0
1864,113232,113219,-13,-462019,-462018,1.44143,194,194,0
1865,113219,113103,-116,-462018,-461285,732.562,194,194,0
1866,113103,113126,23,-461285,-460968,317.448,194,194,0
1867,113126,113214,88,-460968,-461310,-341.923,194,194,0
1868,113214,113138,-76,-461310,-462035,-724.905,194,194,0
1869,113138,113257,119,-462035,-461976,58.5401,194,194,0
1870,113257,113352,95,-461976,-462846,-869.681,194,194,0
1871,113352,113337,-15,-462846,-462773,72.5889,194,194,0
1872,113337,113390,53,-462773,-463128,-355.211,194,194,0
1873,113390,113444,54,-463128,-463765,-636.085,194,194,0
1874,113444,113440,-4,-463765,-463402,362.983,194,194,0
1875,113440,113479,39,-463402,-464093,-691.881,194,194,0
1876,113479,113441,-38,-464093,-464406,-312.312,194,194,0
1877,113441,113357,-84,-464406,-464366,40.1393,194,194,0
1878,113357,113336,-21,-464366,-464079,286.312,194,194,0
1879,113336,113549,213,-464079,-463864,215.385,194,194,0
1880,113549,113395,-154,-463864,-463197,666.765,194,194,0
1881,113395,113247,-148,-463197,-462621,576.316,194,194,0
1882,113247,113433,186,-462621,-462885,-264.241,194,194,0
1883,113433,113381,-52,-462885,-463402,-516.442,194,194,0
1884,113381,113427,46,-463402,-463479,-77.8216,194,194,0
1885,113427,113379,-48,-463479,-463579,-100.087,194,194,0
1886,113379,113347,-32,-463579,-464066,-486.657,194,194,0
1887,113347,113467,120,-464066,-464274,-208.151,194,194,0
1888,113467,113164,-303,-464274,-463700,574.378,194,194,0
1889,113164,113107,-57,-463700,-463504,195.72,194,194,0
1890,113107,113187,80,-463504,-463890,-386.121,194,194,0
1891,113187,113171,-16,-463890,-464172,-281.459,194,194,0
1892,113171,113096,-75,-464172,-463927,245.181,194,194,0
1893,113096,113094,-2,-463927,-464715,-788.297,194,194,0
1894,113094,113165,71,-464715,-465837,-1122,194,194,0
1895,113165,113171,6,-465837,-466090,-253.524,194,194,0
1896,113171,113258,87,-466090,-466057,33.1252,194,194,0
1897,113258,113355,97,-466057,-465939,118.604,194,194,0
1898,113355,113733,378,-465939,-467622,-1683.75,194,194,0
1899,113733,113733,0,-467622,-467298,324.698,194,194,0
1900,113733,113726,-7,-467298,-466632,665.387,194,194,0
1902,113726,113762,36,-466632,-466838,-205.845,194,194,0
1903,113762,113785,23,-466838,-466909,-70.5482,194,194,0
1904,113785,113530,-255,-466909,-466817,91.4791,194,194,0
1905,113530,113371,-159,-466817,-466706,111.696,194,194,0
1908,113371,113439,68,-466706,-465777,928.647,194,194,0
1909,113439,113540,101,-465777,-465934,-157.623,194,194,0
1910,113540,113548,8,-465934,-466473,-538.168,194,194,0
1911,113548,113529,-19,-466473,-466359,113.841,194,194,0
1912,113529,113603,74,-466359,-467084,-724.709,194,194,0
1913,113603,113511,-92,-467084,-465431,1652.46,194,194,0
1914,113511,113427,-84,-465431,-464586,844.903,194,194,0
1915,113427,113769,342,-464586,-467860,-3274.32,194,194,0
1916,113769,113794,25,-467860,-468147,-286.195,194,194,0
1917,113794,113796,2,-468147,-467638,508.254,194,194,0
1918,113796,113839,43,-467638,-467475,163.462,194,194,0
1919,113839,113790,-49,-467475,-467237,237.645,194,194,0
1920,113790,113602,-188,-467237,-466877,360.619,194,194,0
1922,113602,113638,36,-466877,-467095,-218.248,194,194,0
1923,113638,113538,-100,-467095,-468100,-1005.48,194,194,0
1924,113538,113543,5,-468100,-467811,289.054,194,194,0
1925,113543,113583,40,-467811,-468469,-658.101,194,194,0
1926,113583,113579,-4,-468469,-468621,-151.239,194,194,0
1927,113579,113557,-22,-468621,-469046,-425.47,194,194,0
1928,113557,113706,149,-469046,-468534,512.102,194,194,0
1929,113706,113741,35,-468534,-468462,72.4413,194,194,0
1930,113741,113752,11,-468462,-467930,531.252,194,194,0
1931,113752,113742,-10,-467930,-467793,137.165,194,194,0
1932,113742,113788,46,-467793,-467486,307.345,194,194,0
1933,113788,114028,240,-467486,-467322,163.895,194,194,0
1934,114028,114078,50,-467322,-468450,-1127.85,194,194,0
1935,114078,114239,161,-468450,-467129,1321.25,194,194,0
1936,114239,114233,-6,-467129,-467423,-294.295,194,194,0
1937,114233,114223,-10,-467423,-467872,-448.701,194,194,0
1938,114223,114214,-9,-467872,-467688,183.625,194,194,0
1939,114214,114113,-101,-467688,-466867,820.549,194,194,0
1940,114113,114055,-58,-466867,-465755,1112.53,194,194,0
1941,114055,114172,117,-465755,-466498,-742.865,194,194,0
1942,114172,114119,-53,-466498,-466036,462.043,194,194,0
1943,114119,114084,-35,-466036,-466298,-262.01,194,194,0
1944,114084,114098,14,-466298,-466185,112.261,194,194,0
1945,114098,114101,3,-466185,-466354,-168.709,194,194,0
1946,114101,114125,24,-466354,-466804,-449.584,194,194,0
1947,114125,114242,117,-466804,-466897,-92.9688,194,194,0
1949,114242,114284,42,-466897,-465653,1244.17,194,194,0
1950,114284,114253,-31,-465653,-466386,-733.035,194,194,0
1951,114253,114206,-47,-466386,-466675,-289.663,194,194,0
1952,114206,114193,-13,-466675,-467198,-522.491,194,194,0
1953,114193,114177,-16,-467198,-467564,-366.16,194,194,0
1954,114177,114158,-19,-467564,-467434,129.633,194,194,0
1955,114158,113999,-159,-467434,-467208,226.316,194,194,0
1956,113999,113943,-56,-467208,-467097,111.292,194,194,0
1957,113943,114133,190,-467097,-467370,-273.438,194,194,0
1958,114133,114436,303,-467370,-467889,-519.296,194,194,0
1959,114436,114526,90,-467889,-467553,336.455,194,194,0
1960,114526,114440,-86,-467553,-464881,2671.89,194,194,0
1961,114440,114516,76,-464881,-464635,246.398,194,194,0
1962,114516,114176,-340,-464635,-463924,710.916,194,194,0
1963,114176,114152,-24,-463924,-464586,-661.936,194,194,0
1964,114152,113450,-702,-464586,-463209,1376.41,194,194,0
1966,113450,113509,59,-463209,-462825,384.724,194,194,0
1967,113509,113490,-19,-462825,-462945,-120.285,194,194,0
1968,113490,113501,11,-462945,-462936,8.57937,194,194,0
1969,113501,113496,-5,-462936,-462827,109.414,194,194,0
1970,113496,113326,-170,-462827,-462444,383.271,194,194,0
1971,113326,113548,222,-462444,-463051,-606.997,194,194,0
1972,113548,113562,14,-463051,-463370,-319.401,194,194,0
1973,113562,113627,65,-463370,-464067,-697.327,194,194,0
1974,113627,113616,-11,-464067,-463989,78.6326,194,194,0
1975,113616,113561,-55,-463989,-464003,-14.0896,194,194,0
1978,113561,113558,-3,-464003,-464515,-512.586,194,194,0
1979,113558,113625,67,-464515,-465493,-978.097,194,194,0
1980,113625,113611,-14,-465493,-465185,308.221,194,194,0
1981,113611,113424,-187,-465185,-462599,2586.24,194,194,0
1982,113424,113343,-81,-462599,-462149,450.2,194,194,0
1983,113343,113441,98,-462149,-462903,-753.877,194,194,0
1984,113441,113440,-1,-462903,-462806,96.2225,194,194,0
1985,113440,113340,-100,-462806,-461035,1771.08,194,194,0
1986,113340,113337,-3,-461035,-461884,-848.696,194,194,0
1988,113337,113200,-137,-461884,-460103,1781.18,194,194,0
1989,113200,113271,71,-460103,-460311,-208.615,194,194,0
1990,113271,113297,26,-460311,-460587,-275.382,194,194,0
1991,113297,113379,82,-460587,-460117,469.867,194,194,0
1992,113379,113366,-13,-460117,-460839,-722.525,194,194,0
1993,113366,113366,0,-460839,-457676,3163.31,194,194,0
1994,113366,113369,3,-457676,-457699,-22.8519,194,194,0
1995,113369,113266,-103,-457699,-457145,553.712,194,194,0
1996,113266,113609,343,-457145,-456447,698.686,194,194,0
1997,113609,113660,51,-456447,-456612,-165.735,194,194,0
1998,113660,113703,43,-456612,-456837,-224.859,194,194,0
1999,113703,113671,-32,-456837,-457277,-439.355,194,194,0
2000,113671,113649,-22,-457277,-457684,-407.891,194,194,0
