run_id,candidates,time_elapsed,logL,true_minus_current
r10_s10000_fast_gtr_findopt500_mean_of_10,0,3.3454,-722502.707262,64647.4475715
r10_s10000_fast_gtr_findopt500_mean_of_10,0,3.35018,-722490.3511245085,64635.091434005124
r10_s10000_fast_gtr_findopt500_mean_of_10,0,3.35027,-722494.2627578903,64639.00306738793
r10_s10000_fast_gtr_findopt500_mean_of_10,1,3.36024,-722442.7677359716,64587.50804545501
r10_s10000_fast_gtr_findopt500_mean_of_10,1,3.37008,-722410.9510024802,64555.69131195122
r10_s10000_fast_gtr_findopt500_mean_of_10,1,3.37481,-722401.4836623659,64546.22397183751
r10_s10000_fast_gtr_findopt500_mean_of_10,1,3.37492,-722415.4480532154,64560.18836269115
r10_s10000_fast_gtr_findopt500_mean_of_10,1,3.37973,-722406.324475909,64551.06478539175
r10_s10000_fast_gtr_findopt500_mean_of_10,1,3.38225,-722407.6048473733,64552.345156859505
r10_s10000_fast_gtr_findopt500_mean_of_10,1,3.38823,-722396.5321431912,64541.27245268373
r10_s10000_fast_gtr_findopt500_mean_of_10,2,3.39487,-722372.9172478227,64517.657557321094
r10_s10000_fast_gtr_findopt500_mean_of_10,3,3.40877,-722341.4617265097,64486.202036025235
r10_s10000_fast_gtr_findopt500_mean_of_10,3,3.41289,-722333.6596263621,64478.39993587781
r10_s10000_fast_gtr_findopt500_mean_of_10,4,3.42066,-722321.837612504,64466.577922023505
r10_s10000_fast_gtr_findopt500_mean_of_10,6,3.45101,-722272.3836261757,64417.12393567468
r10_s10000_fast_gtr_findopt500_mean_of_10,7,3.46049,-722262.0141481075,64406.754457613
r10_s10000_fast_gtr_findopt500_mean_of_10,9,3.49327,-722216.2052410558,64360.94555060172
r10_s10000_fast_gtr_findopt500_mean_of_10,10,3.5115,-722193.6493671257,64338.38967669641
r10_s10000_fast_gtr_findopt500_mean_of_10,12,3.53184,-722167.1547328905,64311.89504247792
r10_s10000_fast_gtr_findopt500_mean_of_10,15,3.58069,-722107.2089172748,64251.949226895944
r10_s10000_fast_gtr_findopt500_mean_of_10,16,3.59008,-722096.0130390839,64240.75334870866
r10_s10000_fast_gtr_findopt500_mean_of_10,19,3.62901,-722050.1280048555,64194.868314510444
r10_s10000_fast_gtr_findopt500_mean_of_10,22,3.67486,-721979.3234132333,64124.063722894076
r10_s10000_fast_gtr_findopt500_mean_of_10,22,3.6784,-721973.8077090045,64118.548018663874
r10_s10000_fast_gtr_findopt500_mean_of_10,26,3.73169,-721895.0820845475,64039.822394236675
r10_s10000_fast_gtr_findopt500_mean_of_10,29,3.77264,-721838.9871127179,63983.727422430136
r10_s10000_fast_gtr_findopt500_mean_of_10,29,3.77632,-721834.426255736,63979.166565450505
r10_s10000_fast_gtr_findopt500_mean_of_10,33,3.83896,-721753.1141175233,63897.85442719479
r10_s10000_fast_gtr_findopt500_mean_of_10,34,3.85336,-721698.7300462383,63843.47035589836
r10_s10000_fast_gtr_findopt500_mean_of_10,35,3.86683,-721682.2897185774,63827.03002822686
r10_s10000_fast_gtr_findopt500_mean_of_10,36,3.87521,-721677.6448685889,63822.38517823529
r10_s10000_fast_gtr_findopt500_mean_of_10,38,3.90176,-721654.2622267004,63799.00253636384
r10_s10000_fast_gtr_findopt500_mean_of_10,39,3.91745,-721630.6624456695,63775.40275538529
r10_s10000_fast_gtr_findopt500_mean_of_10,40,3.92698,-721612.5425946896,63757.28290443274
r10_s10000_fast_gtr_findopt500_mean_of_10,40,3.9298,-721607.2324646943,63751.97277444576
r10_s10000_fast_gtr_findopt500_mean_of_10,41,3.94598,-721589.7614367655,63734.50174652813
r10_s10000_fast_gtr_findopt500_mean_of_10,42,3.95485,-721579.88908886,63724.62939862703
r10_s10000_fast_gtr_findopt500_mean_of_10,42,3.96027,-721572.8338494705,63717.57415923385
r10_s10000_fast_gtr_findopt500_mean_of_10,46,4.01813,-721481.0134752772,63625.753784964516
r10_s10000_fast_gtr_findopt500_mean_of_10,48,4.052,-721448.3093317735,63593.04964142582
r10_s10000_fast_gtr_findopt500_mean_of_10,49,4.05889,-721443.041814386,63587.78212404086
r10_s10000_fast_gtr_findopt500_mean_of_10,51,4.09025,-721418.8892364043,63563.62954607569
r10_s10000_fast_gtr_findopt500_mean_of_10,54,4.13647,-721385.2829427345,63530.02325241866
r10_s10000_fast_gtr_findopt500_mean_of_10,56,4.15662,-721367.5227368122,63512.26304649371
r10_s10000_fast_gtr_findopt500_mean_of_10,57,4.17852,-721342.1860971497,63486.926406824845
r10_s10000_fast_gtr_findopt500_mean_of_10,59,4.20408,-721290.2149727407,63434.95528242232
r10_s10000_fast_gtr_findopt500_mean_of_10,60,4.21431,-721273.1238506733,63417.8641603559
r10_s10000_fast_gtr_findopt500_mean_of_10,60,4.22035,-721262.9363490299,63407.67665871431
r10_s10000_fast_gtr_findopt500_mean_of_10,62,4.24461,-721220.447637116,63365.18794680286
r10_s10000_fast_gtr_findopt500_mean_of_10,63,4.25958,-721193.9967010596,63338.73701074892
r10_s10000_fast_gtr_findopt500_mean_of_10,63,4.26568,-721183.3572115466,63328.09752123755
r10_s10000_fast_gtr_findopt500_mean_of_10,63,4.26604,-721182.7315959957,63327.471905686856
r10_s10000_fast_gtr_findopt500_mean_of_10,67,4.31374,-721143.4774521862,63288.21776187534
r10_s10000_fast_gtr_findopt500_mean_of_10,67,4.31901,-721139.7388903825,63284.479200072485
r10_s10000_fast_gtr_findopt500_mean_of_10,70,4.35459,-721113.630903722,63258.37121341589
r10_s10000_fast_gtr_findopt500_mean_of_10,71,4.37197,-721098.4511743801,63243.19148406775
r10_s10000_fast_gtr_findopt500_mean_of_10,74,4.41431,-721066.9183197645,63211.658629432015
r10_s10000_fast_gtr_findopt500_mean_of_10,76,4.44603,-721041.8593916958,63186.59970135569
r10_s10000_fast_gtr_findopt500_mean_of_10,78,4.47079,-720981.4503208679,63126.190630512625
r10_s10000_fast_gtr_findopt500_mean_of_10,79,4.48084,-720958.5642237683,63103.304533409726
r10_s10000_fast_gtr_findopt500_mean_of_10,82,4.52357,-720866.2573182251,63010.9976278768
r10_s10000_fast_gtr_findopt500_mean_of_10,83,4.54372,-720817.3407142332,62962.08102389226
r10_s10000_fast_gtr_findopt500_mean_of_10,84,4.56103,-720799.7980341262,62944.53834380086
r10_s10000_fast_gtr_findopt500_mean_of_10,87,4.60579,-720754.7825291983,62899.52283890628
r10_s10000_fast_gtr_findopt500_mean_of_10,88,4.60874,-720751.6236558678,62896.36396557812
r10_s10000_fast_gtr_findopt500_mean_of_10,89,4.62812,-720729.7445942378,62874.48490396344
r10_s10000_fast_gtr_findopt500_mean_of_10,90,4.63718,-720721.8105646863,62866.55087441807
r10_s10000_fast_gtr_findopt500_mean_of_10,94,4.69039,-720671.8069804896,62816.547290271206
r10_s10000_fast_gtr_findopt500_mean_of_10,95,4.71833,-720616.7453822384,62761.48569204266
r10_s10000_fast_gtr_findopt500_mean_of_10,96,4.72518,-720605.5312271428,62750.271536962406
r10_s10000_fast_gtr_findopt500_mean_of_10,97,4.73244,-720588.6425735534,62733.38288338822
r10_s10000_fast_gtr_findopt500_mean_of_10,99,4.76159,-720531.4792717217,62676.219581578334
r10_s10000_fast_gtr_findopt500_mean_of_10,100,4.77618,-720479.0033265769,62623.743636465224
r10_s10000_fast_gtr_findopt500_mean_of_10,100,4.77814,-720474.743468874,62619.48377876305
r10_s10000_fast_gtr_findopt500_mean_of_10,100,4.78103,-720468.5398235688,62613.28013345873
r10_s10000_fast_gtr_findopt500_mean_of_10,101,4.79012,-720446.5012089459,62591.24151883159
r10_s10000_fast_gtr_findopt500_mean_of_10,101,4.79496,-720435.1952988958,62579.93560877633
r10_s10000_fast_gtr_findopt500_mean_of_10,105,4.84573,-720321.5707301418,62466.31103995477
r10_s10000_fast_gtr_findopt500_mean_of_10,107,4.87975,-720245.7913896596,62390.53169942438
r10_s10000_fast_gtr_findopt500_mean_of_10,107,4.88057,-720244.5036425656,62389.24395232927
r10_s10000_fast_gtr_findopt500_mean_of_10,107,4.88411,-720239.21562211,62383.95593186845
r10_s10000_fast_gtr_findopt500_mean_of_10,108,4.88814,-720235.3358090871,62380.07611883919
r10_s10000_fast_gtr_findopt500_mean_of_10,108,4.89138,-720231.7312456842,62376.47155543232
r10_s10000_fast_gtr_findopt500_mean_of_10,111,4.93383,-720186.2285080731,62330.96881783431
r10_s10000_fast_gtr_findopt500_mean_of_10,112,4.94778,-720172.5958935029,62317.33620327874
r10_s10000_fast_gtr_findopt500_mean_of_10,117,5.0151,-720120.2098365902,62264.95014637474
r10_s10000_fast_gtr_findopt500_mean_of_10,120,5.05736,-720010.9371670054,62155.677476765355
r10_s10000_fast_gtr_findopt500_mean_of_10,121,5.07362,-719998.9459850794,62143.68629484135
r10_s10000_fast_gtr_findopt500_mean_of_10,122,5.09223,-719984.0866264851,62128.82693625156
r10_s10000_fast_gtr_findopt500_mean_of_10,125,5.13433,-719953.3997682593,62098.1400780437
r10_s10000_fast_gtr_findopt500_mean_of_10,132,5.23456,-719875.0572832552,62019.79759302233
r10_s10000_fast_gtr_findopt500_mean_of_10,134,5.26455,-719840.1703548266,61984.91066460463
r10_s10000_fast_gtr_findopt500_mean_of_10,140,5.34686,-719700.6217046676,61845.36201442353
r10_s10000_fast_gtr_findopt500_mean_of_10,141,5.36228,-719673.8788409389,61818.61915069333
r10_s10000_fast_gtr_findopt500_mean_of_10,141,5.36274,-719673.2915376893,61818.03184744397
r10_s10000_fast_gtr_findopt500_mean_of_10,144,5.40032,-719648.028955821,61792.76926558156
r10_s10000_fast_gtr_findopt500_mean_of_10,144,5.40279,-719646.4151089636,61791.15541872429
r10_s10000_fast_gtr_findopt500_mean_of_10,151,5.49937,-719594.3217696431,61739.06207938275
r10_s10000_fast_gtr_findopt500_mean_of_10,153,5.52813,-719541.9431407143,61686.68345035566
r10_s10000_fast_gtr_findopt500_mean_of_10,155,5.54857,-719512.4658906483,61657.20620029387
r10_s10000_fast_gtr_findopt500_mean_of_10,155,5.5549,-719502.1322036909,61646.87251333571
r10_s10000_fast_gtr_findopt500_mean_of_10,156,5.56933,-719466.3341247819,61611.07443443539
r10_s10000_fast_gtr_findopt500_mean_of_10,157,5.57586,-719452.9829416621,61597.72325131596
r10_s10000_fast_gtr_findopt500_mean_of_10,160,5.61953,-719373.2641806327,61518.004490307125
r10_s10000_fast_gtr_findopt500_mean_of_10,161,5.64074,-719333.8782312365,61478.61854092551
r10_s10000_fast_gtr_findopt500_mean_of_10,162,5.65355,-719312.1960926332,61456.936402329164
r10_s10000_fast_gtr_findopt500_mean_of_10,163,5.66986,-719283.9343371082,61428.67464681391
r10_s10000_fast_gtr_findopt500_mean_of_10,164,5.68746,-719268.85461434,61413.594924046236
r10_s10000_fast_gtr_findopt500_mean_of_10,165,5.69929,-719254.1275567256,61398.867866416535
r10_s10000_fast_gtr_findopt500_mean_of_10,166,5.71076,-719238.1167251435,61382.857034822635
r10_s10000_fast_gtr_findopt500_mean_of_10,168,5.74361,-719180.7868530138,61325.52716264981
r10_s10000_fast_gtr_findopt500_mean_of_10,170,5.75797,-719121.008360733,61265.748670398105
r10_s10000_fast_gtr_findopt500_mean_of_10,173,5.80135,-719062.1819096124,61206.922219269116
r10_s10000_fast_gtr_findopt500_mean_of_10,175,5.83692,-719014.229843264,61158.97015291421
r10_s10000_fast_gtr_findopt500_mean_of_10,178,5.87291,-718966.7472457406,61111.487555380816
r10_s10000_fast_gtr_findopt500_mean_of_10,179,5.89779,-718929.4700542416,61074.21036387491
r10_s10000_fast_gtr_findopt500_mean_of_10,180,5.9004,-718923.8420949265,61068.582404557754
r10_s10000_fast_gtr_findopt500_mean_of_10,181,5.92217,-718882.0647337442,61026.805043358276
r10_s10000_fast_gtr_findopt500_mean_of_10,184,5.96276,-718829.4806793096,60974.22098891649
r10_s10000_fast_gtr_findopt500_mean_of_10,185,5.97696,-718812.197767779,60956.93807738462
r10_s10000_fast_gtr_findopt500_mean_of_10,186,5.99385,-718791.6729254056,60936.413235011474
r10_s10000_fast_gtr_findopt500_mean_of_10,188,6.01446,-718762.5691831408,60907.30949274598
r10_s10000_fast_gtr_findopt500_mean_of_10,195,6.11153,-718620.4555018632,60765.195811507714
r10_s10000_fast_gtr_findopt500_mean_of_10,196,6.13502,-718602.0288477173,60746.769157382674
r10_s10000_fast_gtr_findopt500_mean_of_10,197,6.15065,-718587.3709419225,60732.111251596885
r10_s10000_fast_gtr_findopt500_mean_of_10,198,6.15834,-718575.8554142138,60720.59572390034
r10_s10000_fast_gtr_findopt500_mean_of_10,201,6.19477,-718521.0137878181,60665.75409755848
r10_s10000_fast_gtr_findopt500_mean_of_10,201,6.20724,-718502.4324105365,60647.17272029582
r10_s10000_fast_gtr_findopt500_mean_of_10,202,6.20964,-718500.0256595786,60644.76596933963
r10_s10000_fast_gtr_findopt500_mean_of_10,202,6.20976,-718499.9162496158,60644.656559376745
r10_s10000_fast_gtr_findopt500_mean_of_10,204,6.24794,-718466.0730308589,60610.81334060716
r10_s10000_fast_gtr_findopt500_mean_of_10,206,6.27447,-718440.0497895498,60584.79009929681
r10_s10000_fast_gtr_findopt500_mean_of_10,209,6.30631,-718413.9884786207,60558.728788365246
r10_s10000_fast_gtr_findopt500_mean_of_10,212,6.35179,-718335.3641360924,60480.104445834724
r10_s10000_fast_gtr_findopt500_mean_of_10,214,6.37697,-718282.8065667121,60427.54687646786
r10_s10000_fast_gtr_findopt500_mean_of_10,219,6.45071,-718076.0811682375,60220.8214779887
r10_s10000_fast_gtr_findopt500_mean_of_10,220,6.46087,-718046.8742886283,60191.614598372216
r10_s10000_fast_gtr_findopt500_mean_of_10,223,6.50701,-717988.5335973615,60133.27390709962
r10_s10000_fast_gtr_findopt500_mean_of_10,224,6.52454,-717974.5543589365,60119.29466867688
r10_s10000_fast_gtr_findopt500_mean_of_10,228,6.58409,-717937.3059752418,60082.046284952085
r10_s10000_fast_gtr_findopt500_mean_of_10,229,6.58882,-717934.8631073132,60079.603417020975
r10_s10000_fast_gtr_findopt500_mean_of_10,230,6.60677,-717915.0028314227,60059.74314112257
r10_s10000_fast_gtr_findopt500_mean_of_10,230,6.60958,-717908.2845681192,60053.02487781913
r10_s10000_fast_gtr_findopt500_mean_of_10,231,6.6239,-717792.2774451609,59937.01775488141
r10_s10000_fast_gtr_findopt500_mean_of_10,232,6.63535,-717764.4430352425,59909.18334496254
r10_s10000_fast_gtr_findopt500_mean_of_10,234,6.65782,-717739.1536495902,59883.893959303656
r10_s10000_fast_gtr_findopt500_mean_of_10,234,6.65905,-717738.4683145935,59883.20862430652
r10_s10000_fast_gtr_findopt500_mean_of_10,236,6.69198,-717720.241839775,59864.9821494705
r10_s10000_fast_gtr_findopt500_mean_of_10,244,6.8,-717640.4202891599,59785.16059883653
r10_s10000_fast_gtr_findopt500_mean_of_10,246,6.83024,-717623.4116320441,59768.15194171508
r10_s10000_fast_gtr_findopt500_mean_of_10,254,6.94863,-717553.8053378734,59698.54564750261
r10_s10000_fast_gtr_findopt500_mean_of_10,256,6.96709,-717520.6375138701,59665.37782351546
r10_s10000_fast_gtr_findopt500_mean_of_10,256,6.96871,-717517.6960993691,59662.43640901569
r10_s10000_fast_gtr_findopt500_mean_of_10,258,6.99824,-717455.2658067321,59600.006116412944
r10_s10000_fast_gtr_findopt500_mean_of_10,258,6.99846,-717454.8020305781,59599.5423402592
r10_s10000_fast_gtr_findopt500_mean_of_10,258,7.0026,-717445.6558209837,59590.39613067048
r10_s10000_fast_gtr_findopt500_mean_of_10,261,7.05031,-717397.5888141339,59542.3291238297
r10_s10000_fast_gtr_findopt500_mean_of_10,263,7.06695,-717381.9375873673,59526.67789706625
r10_s10000_fast_gtr_findopt500_mean_of_10,265,7.1047,-717349.7390586394,59494.479368333974
r10_s10000_fast_gtr_findopt500_mean_of_10,267,7.12378,-717332.4154660448,59477.15577574152
r10_s10000_fast_gtr_findopt500_mean_of_10,268,7.13756,-717316.8779303171,59461.61824001088
r10_s10000_fast_gtr_findopt500_mean_of_10,270,7.1683,-717289.3324661738,59434.07277586123
r10_s10000_fast_gtr_findopt500_mean_of_10,275,7.24037,-717223.4503881827,59368.19069785926
r10_s10000_fast_gtr_findopt500_mean_of_10,277,7.26191,-717203.0486641931,59347.78897386781
r10_s10000_fast_gtr_findopt500_mean_of_10,285,7.38327,-717148.2226678459,59292.962977524105
r10_s10000_fast_gtr_findopt500_mean_of_10,290,7.45329,-717126.3671768995,59271.10748656965
r10_s10000_fast_gtr_findopt500_mean_of_10,290,7.45426,-717125.9034429432,59270.64375261369
r10_s10000_fast_gtr_findopt500_mean_of_10,296,7.5381,-717082.3612847739,59227.101594503925
r10_s10000_fast_gtr_findopt500_mean_of_10,298,7.56618,-717046.6926521644,59191.43296186435
r10_s10000_fast_gtr_findopt500_mean_of_10,299,7.58049,-717040.5567910718,59185.29710077434
r10_s10000_fast_gtr_findopt500_mean_of_10,304,7.65156,-716981.901334581,59126.64164432457
r10_s10000_fast_gtr_findopt500_mean_of_10,304,7.65178,-716981.8392708699,59126.579580613354
r10_s10000_fast_gtr_findopt500_mean_of_10,306,7.67755,-716975.8904166527,59120.63072637828
r10_s10000_fast_gtr_findopt500_mean_of_10,311,7.74261,-716959.1074759273,59103.84778559194
r10_s10000_fast_gtr_findopt500_mean_of_10,311,7.74479,-716958.1517618082,59102.89207146915
r10_s10000_fast_gtr_findopt500_mean_of_10,311,7.74812,-716952.1717195081,59096.91202916608
r10_s10000_fast_gtr_findopt500_mean_of_10,312,7.75283,-716937.0041878689,59081.74449752312
r10_s10000_fast_gtr_findopt500_mean_of_10,312,7.76555,-716896.5142733156,59041.25458296169
r10_s10000_fast_gtr_findopt500_mean_of_10,314,7.78773,-716825.7390863518,58970.47939599012
r10_s10000_fast_gtr_findopt500_mean_of_10,317,7.82773,-716723.8418926591,58868.58220226356
r10_s10000_fast_gtr_findopt500_mean_of_10,320,7.87324,-716568.5759193717,58713.31622904196
r10_s10000_fast_gtr_findopt500_mean_of_10,321,7.88442,-716541.4456673588,58686.18597704933
r10_s10000_fast_gtr_findopt500_mean_of_10,321,7.88518,-716540.3457301868,58685.08603987703
r10_s10000_fast_gtr_findopt500_mean_of_10,326,7.95691,-716491.2003047949,58635.9406144444
r10_s10000_fast_gtr_findopt500_mean_of_10,326,7.96157,-716490.0313635606,58634.77167320616
r10_s10000_fast_gtr_findopt500_mean_of_10,329,7.99254,-716478.2825686651,58623.022878289376
r10_s10000_fast_gtr_findopt500_mean_of_10,332,8.04016,-716460.4560779495,58605.19638753855
r10_s10000_fast_gtr_findopt500_mean_of_10,340,8.15329,-716419.6234366137,58564.363746177325
r10_s10000_fast_gtr_findopt500_mean_of_10,353,8.33717,-716328.4371322651,58473.17744176018
r10_s10000_fast_gtr_findopt500_mean_of_10,354,8.3424,-716325.2156355829,58469.95594507679
r10_s10000_fast_gtr_findopt500_mean_of_10,354,8.35143,-716319.4583422494,58464.19865174343
r10_s10000_fast_gtr_findopt500_mean_of_10,355,8.36291,-716309.9857496291,58454.726059120905
r10_s10000_fast_gtr_findopt500_mean_of_10,358,8.40723,-716270.9933587299,58415.73366821627
r10_s10000_fast_gtr_findopt500_mean_of_10,361,8.44939,-716235.3760214497,58380.1163309347
r10_s10000_fast_gtr_findopt500_mean_of_10,369,8.56136,-716148.8724404753,58293.61274993268
r10_s10000_fast_gtr_findopt500_mean_of_10,372,8.59503,-716124.4593667012,58269.19967615263
r10_s10000_fast_gtr_findopt500_mean_of_10,372,8.59741,-716122.9340496075,58267.67435905875
r10_s10000_fast_gtr_findopt500_mean_of_10,374,8.62714,-716103.0002939277,58247.74060337077
r10_s10000_fast_gtr_findopt500_mean_of_10,375,8.63696,-716097.7404488021,58242.48075824388
r10_s10000_fast_gtr_findopt500_mean_of_10,375,8.64822,-716091.7126892386,58236.452998679786
r10_s10000_fast_gtr_findopt500_mean_of_10,377,8.67329,-716082.7070773258,58227.44738677082
r10_s10000_fast_gtr_findopt500_mean_of_10,380,8.71479,-716065.281813411,58210.022122877635
r10_s10000_fast_gtr_findopt500_mean_of_10,383,8.75581,-716048.3998227629,58193.140132251094
r10_s10000_fast_gtr_findopt500_mean_of_10,384,8.76426,-716045.9692513512,58190.70956083827
r10_s10000_fast_gtr_findopt500_mean_of_10,385,8.77885,-716041.1242404038,58185.86454989181
r10_s10000_fast_gtr_findopt500_mean_of_10,389,8.84523,-716002.1582639194,58146.898573401
r10_s10000_fast_gtr_findopt500_mean_of_10,394,8.90679,-715964.8319717995,58109.57228127464
r10_s10000_fast_gtr_findopt500_mean_of_10,396,8.93403,-715934.9766748884,58079.7169843707
r10_s10000_fast_gtr_findopt500_mean_of_10,397,8.95019,-715925.1572976917,58069.89760717265
r10_s10000_fast_gtr_findopt500_mean_of_10,400,8.98618,-715914.3308654381,58059.07117492005
r10_s10000_fast_gtr_findopt500_mean_of_10,402,9.01792,-715902.3524402601,58047.092749740266
r10_s10000_fast_gtr_findopt500_mean_of_10,405,9.05975,-715888.439205831,58033.17951532551
r10_s10000_fast_gtr_findopt500_mean_of_10,407,9.08541,-715860.0565897909,58004.79689928617
r10_s10000_fast_gtr_findopt500_mean_of_10,408,9.10134,-715843.0293266673,57987.76963615988
r10_s10000_fast_gtr_findopt500_mean_of_10,412,9.16143,-715825.5386996518,57970.27900916643
r10_s10000_fast_gtr_findopt500_mean_of_10,419,9.25651,-715796.0408580308,57940.78116758146
r10_s10000_fast_gtr_findopt500_mean_of_10,420,9.26869,-715792.2070023387,57936.94731189221
r10_s10000_fast_gtr_findopt500_mean_of_10,422,9.29603,-715758.217922486,57902.95823206904
r10_s10000_fast_gtr_findopt500_mean_of_10,423,9.31217,-715752.0927246117,57896.833034200376
r10_s10000_fast_gtr_findopt500_mean_of_10,426,9.35742,-715731.127163711,57875.86747328824
r10_s10000_fast_gtr_findopt500_mean_of_10,427,9.3639,-715728.2140773614,57872.95438693832
r10_s10000_fast_gtr_findopt500_mean_of_10,428,9.37942,-715719.2865747826,57864.0268843654
r10_s10000_fast_gtr_findopt500_mean_of_10,431,9.42421,-715696.2045294016,57840.94483899967
r10_s10000_fast_gtr_findopt500_mean_of_10,435,9.48425,-715668.8201207297,57813.5604303663
r10_s10000_fast_gtr_findopt500_mean_of_10,437,9.51603,-715654.6362475946,57799.376557249765
r10_s10000_fast_gtr_findopt500_mean_of_10,441,9.56581,-715623.2833077864,57768.02361744797
r10_s10000_fast_gtr_findopt500_mean_of_10,441,9.57098,-715620.5772232201,57765.31753288196
r10_s10000_fast_gtr_findopt500_mean_of_10,442,9.5814,-715618.262299826,57763.00260948828
r10_s10000_fast_gtr_findopt500_mean_of_10,452,9.71613,-715590.8758861249,57735.61619577834
r10_s10000_fast_gtr_findopt500_mean_of_10,453,9.73402,-715582.4502729059,57727.19058255716
r10_s10000_fast_gtr_findopt500_mean_of_10,457,9.79127,-715543.8655374226,57688.605847073624
r10_s10000_fast_gtr_findopt500_mean_of_10,458,9.79914,-715538.085561196,57682.82587084729
r10_s10000_fast_gtr_findopt500_mean_of_10,458,9.80527,-715533.1282818008,57677.868591451224
r10_s10000_fast_gtr_findopt500_mean_of_10,462,9.85752,-715492.5283074005,57637.26861703889
r10_s10000_fast_gtr_findopt500_mean_of_10,462,9.86345,-715487.7965600346,57632.53686967335
r10_s10000_fast_gtr_findopt500_mean_of_10,463,9.87779,-715417.0262026511,57561.766512381786
r10_s10000_fast_gtr_findopt500_mean_of_10,466,9.92382,-715380.4780194338,57525.21832916889
r10_s10000_fast_gtr_findopt500_mean_of_10,468,9.94346,-715366.300248803,57511.04055854269
r10_s10000_fast_gtr_findopt500_mean_of_10,469,9.95504,-715352.3596958035,57497.10000554925
r10_s10000_fast_gtr_findopt500_mean_of_10,469,9.95638,-715350.7683038043,57495.508613550825
r10_s10000_fast_gtr_findopt500_mean_of_10,472,10.0026,-715307.960722007,57452.70103176367
r10_s10000_fast_gtr_findopt500_mean_of_10,478,10.0839,-715249.7094256218,57394.44973538896
r10_s10000_fast_gtr_findopt500_mean_of_10,479,10.0981,-715238.8489484305,57383.589258198044
r10_s10000_fast_gtr_findopt500_mean_of_10,480,10.118,-715233.3845840282,57378.12489379152
r10_s10000_fast_gtr_findopt500_mean_of_10,482,10.1462,-715160.3568810063,57305.09719073206
r10_s10000_fast_gtr_findopt500_mean_of_10,501,10.4087,-715074.4259917529,57219.16630141299
r10_s10000_fast_gtr_findopt500_mean_of_10,506,10.4775,-715040.8748319893,57185.61514162876
r10_s10000_fast_gtr_findopt500_mean_of_10,506,10.4788,-715040.2347629555,57184.9750725945
r10_s10000_fast_gtr_findopt500_mean_of_10,509,10.5193,-715022.5682562548,57167.308565886866
r10_s10000_fast_gtr_findopt500_mean_of_10,516,10.6182,-714970.7361693182,57115.47647894682
r10_s10000_fast_gtr_findopt500_mean_of_10,517,10.631,-714964.4077896368,57109.14809926009
r10_s10000_fast_gtr_findopt500_mean_of_10,521,10.6865,-714940.4646420622,57085.204951663014
r10_s10000_fast_gtr_findopt500_mean_of_10,521,10.6934,-714937.4820870683,57082.22239666731
r10_s10000_fast_gtr_findopt500_mean_of_10,525,10.744,-714917.1580160514,57061.89832564492
r10_s10000_fast_gtr_findopt500_mean_of_10,527,10.7731,-714904.8630228806,57049.60333247293
r10_s10000_fast_gtr_findopt500_mean_of_10,532,10.8459,-714852.493928635,56997.23423823922
r10_s10000_fast_gtr_findopt500_mean_of_10,533,10.8538,-714845.9406100111,56990.680919615515
r10_s10000_fast_gtr_findopt500_mean_of_10,534,10.8733,-714829.7550771928,56974.49538679495
r10_s10000_fast_gtr_findopt500_mean_of_10,537,10.914,-714797.62892716,56942.369236754996
r10_s10000_fast_gtr_findopt500_mean_of_10,543,10.9948,-714746.0767606008,56890.817070200064
r10_s10000_fast_gtr_findopt500_mean_of_10,544,11.0118,-714734.7013940101,56879.44170360912
r10_s10000_fast_gtr_findopt500_mean_of_10,547,11.048,-714721.9435948763,56866.68390447623
r10_s10000_fast_gtr_findopt500_mean_of_10,549,11.0823,-714710.6675606616,56855.40787024899
r10_s10000_fast_gtr_findopt500_mean_of_10,563,11.277,-714667.3607668509,56812.10107639228
r10_s10000_fast_gtr_findopt500_mean_of_10,565,11.309,-714654.9023525069,56799.6426620504
r10_s10000_fast_gtr_findopt500_mean_of_10,566,11.3199,-714649.5951123193,56794.335421852455
r10_s10000_fast_gtr_findopt500_mean_of_10,567,11.3335,-714645.2098773656,56789.95018688585
r10_s10000_fast_gtr_findopt500_mean_of_10,569,11.3615,-714608.9740822546,56753.71439175989
r10_s10000_fast_gtr_findopt500_mean_of_10,570,11.3788,-714588.7561602006,56733.49646969669
r10_s10000_fast_gtr_findopt500_mean_of_10,571,11.3895,-714577.2341479341,56721.9744574341
r10_s10000_fast_gtr_findopt500_mean_of_10,571,11.3933,-714576.3724510197,56721.11276051983
r10_s10000_fast_gtr_findopt500_mean_of_10,574,11.4314,-714567.542260739,56712.28257024343
r10_s10000_fast_gtr_findopt500_mean_of_10,579,11.5006,-714548.331825458,56693.07213497588
r10_s10000_fast_gtr_findopt500_mean_of_10,581,11.5245,-714542.1755330692,56686.9158425926
r10_s10000_fast_gtr_findopt500_mean_of_10,583,11.5633,-714530.7877448986,56675.52805444165
r10_s10000_fast_gtr_findopt500_mean_of_10,587,11.6183,-714506.7395799623,56651.47988953411
r10_s10000_fast_gtr_findopt500_mean_of_10,599,11.7781,-714427.1162746694,56571.85658435648
r10_s10000_fast_gtr_findopt500_mean_of_10,599,11.7865,-714423.183065519,56567.923375209524
r10_s10000_fast_gtr_findopt500_mean_of_10,605,11.868,-714385.7280383919,56530.468348129965
r10_s10000_fast_gtr_findopt500_mean_of_10,605,11.8699,-714383.7178743889,56528.458184128256
r10_s10000_fast_gtr_findopt500_mean_of_10,609,11.9241,-714326.8624379204,56471.60274769248
r10_s10000_fast_gtr_findopt500_mean_of_10,610,11.9361,-714324.1552649146,56468.89557468501
r10_s10000_fast_gtr_findopt500_mean_of_10,611,11.9489,-714321.4157610557,56466.156070822486
r10_s10000_fast_gtr_findopt500_mean_of_10,616,12.0161,-714309.7545175017,56454.49482725018
r10_s10000_fast_gtr_findopt500_mean_of_10,618,12.0538,-714274.2241386778,56418.96444839784
r10_s10000_fast_gtr_findopt500_mean_of_10,620,12.078,-714224.6695367633,56369.40984644339
r10_s10000_fast_gtr_findopt500_mean_of_10,620,12.0821,-714214.0505714398,56358.79088111538
r10_s10000_fast_gtr_findopt500_mean_of_10,621,12.0858,-714208.4269463009,56353.1672559744
r10_s10000_fast_gtr_findopt500_mean_of_10,623,12.1176,-714182.2582700105,56326.99857967114
r10_s10000_fast_gtr_findopt500_mean_of_10,624,12.1332,-714168.4426296682,56313.18293932178
r10_s10000_fast_gtr_findopt500_mean_of_10,625,12.1469,-714163.7321524204,56308.472462065925
r10_s10000_fast_gtr_findopt500_mean_of_10,632,12.2417,-714120.0436305252,56264.78394006251
r10_s10000_fast_gtr_findopt500_mean_of_10,632,12.2443,-714113.1235891441,56257.863898679054
r10_s10000_fast_gtr_findopt500_mean_of_10,633,12.2563,-714080.9147524466,56225.655061973855
r10_s10000_fast_gtr_findopt500_mean_of_10,633,12.2586,-714079.8765009659,56224.616810492145
r10_s10000_fast_gtr_findopt500_mean_of_10,638,12.3296,-714051.7203333303,56196.460642872014
r10_s10000_fast_gtr_findopt500_mean_of_10,641,12.3771,-714031.866376752,56176.60668630403
r10_s10000_fast_gtr_findopt500_mean_of_10,642,12.389,-714022.1448944359,56166.885203995786
r10_s10000_fast_gtr_findopt500_mean_of_10,643,12.4006,-714011.0738157918,56155.81412536135
r10_s10000_fast_gtr_findopt500_mean_of_10,647,12.4612,-713958.5370174416,56103.277327070435
r10_s10000_fast_gtr_findopt500_mean_of_10,649,12.4869,-713947.5133443843,56092.2536540344
r10_s10000_fast_gtr_findopt500_mean_of_10,653,12.5419,-713927.7141274725,56072.45443716661
r10_s10000_fast_gtr_findopt500_mean_of_10,654,12.556,-713922.7469596579,56067.487269361314
r10_s10000_fast_gtr_findopt500_mean_of_10,656,12.5816,-713913.8173944653,56058.55770417802
r10_s10000_fast_gtr_findopt500_mean_of_10,662,12.6691,-713880.1673639335,56024.90767365937
r10_s10000_fast_gtr_findopt500_mean_of_10,663,12.6773,-713876.5474892978,56021.28779902451
r10_s10000_fast_gtr_findopt500_mean_of_10,669,12.7642,-713836.914701882,55981.65501161304
r10_s10000_fast_gtr_findopt500_mean_of_10,675,12.8414,-713795.4944150413,55940.23472476527
r10_s10000_fast_gtr_findopt500_mean_of_10,675,12.847,-713792.3474834003,55937.08779312406
r10_s10000_fast_gtr_findopt500_mean_of_10,681,12.9259,-713746.0788463444,55890.81915606956
r10_s10000_fast_gtr_findopt500_mean_of_10,690,13.0527,-713618.1699865231,55762.9102962489
r10_s10000_fast_gtr_findopt500_mean_of_10,691,13.0779,-713591.2343493102,55735.97465901701
r10_s10000_fast_gtr_findopt500_mean_of_10,693,13.094,-713581.0765420868,55725.816851782656
r10_s10000_fast_gtr_findopt500_mean_of_10,695,13.1236,-713542.6867837405,55687.42709339624
r10_s10000_fast_gtr_findopt500_mean_of_10,695,13.1248,-713541.2265212956,55685.96683095054
r10_s10000_fast_gtr_findopt500_mean_of_10,696,13.143,-713520.3308388181,55665.0711484716
r10_s10000_fast_gtr_findopt500_mean_of_10,698,13.1719,-713487.5666644208,55632.30697407486
r10_s10000_fast_gtr_findopt500_mean_of_10,700,13.1933,-713466.6224024345,55611.36271208628
r10_s10000_fast_gtr_findopt500_mean_of_10,703,13.2433,-713413.3593057995,55558.09961552677
r10_s10000_fast_gtr_findopt500_mean_of_10,704,13.2547,-713401.3012913237,55546.041601067605
r10_s10000_fast_gtr_findopt500_mean_of_10,707,13.2927,-713359.0271332306,55503.76744302488
r10_s10000_fast_gtr_findopt500_mean_of_10,711,13.347,-713338.6665113942,55483.40682116558
r10_s10000_fast_gtr_findopt500_mean_of_10,712,13.3638,-713332.6364167712,55477.37672652968
r10_s10000_fast_gtr_findopt500_mean_of_10,726,13.5576,-713269.9627576582,55414.70306743507
r10_s10000_fast_gtr_findopt500_mean_of_10,730,13.6132,-713255.4766583908,55400.216968178094
r10_s10000_fast_gtr_findopt500_mean_of_10,732,13.6451,-713246.7253604544,55391.46567023416
r10_s10000_fast_gtr_findopt500_mean_of_10,733,13.6663,-713241.1621108002,55385.902420571874
r10_s10000_fast_gtr_findopt500_mean_of_10,738,13.7345,-713219.6068509228,55364.34716066355
r10_s10000_fast_gtr_findopt500_mean_of_10,739,13.7513,-713214.1647684769,55358.905078207295
r10_s10000_fast_gtr_findopt500_mean_of_10,740,13.7546,-713213.4858515102,55358.22616123889
r10_s10000_fast_gtr_findopt500_mean_of_10,744,13.8173,-713202.1165959449,55346.856905676075
r10_s10000_fast_gtr_findopt500_mean_of_10,751,13.9103,-713145.005982168,55289.74629192844
r10_s10000_fast_gtr_findopt500_mean_of_10,753,13.941,-713122.2754654443,55267.01577521455
r10_s10000_fast_gtr_findopt500_mean_of_10,762,14.0734,-713069.972888658,55214.71319836626
r10_s10000_fast_gtr_findopt500_mean_of_10,764,14.0943,-713061.503524856,55206.24383455313
r10_s10000_fast_gtr_findopt500_mean_of_10,765,14.1058,-713056.878318952,55201.61862864293
r10_s10000_fast_gtr_findopt500_mean_of_10,769,14.1601,-713034.2746230729,55179.01493277152
r10_s10000_fast_gtr_findopt500_mean_of_10,770,14.1743,-712996.6813632889,55141.42167293989
r10_s10000_fast_gtr_findopt500_mean_of_10,771,14.1885,-712990.7939728047,55135.534282528286
r10_s10000_fast_gtr_findopt500_mean_of_10,776,14.2583,-712972.5261328979,55117.266442654145
r10_s10000_fast_gtr_findopt500_mean_of_10,781,14.3347,-712928.2647610115,55073.005070781495
r10_s10000_fast_gtr_findopt500_mean_of_10,783,14.3545,-712916.8371958857,55061.57750565575
r10_s10000_fast_gtr_findopt500_mean_of_10,784,14.3755,-712904.6359987592,55049.37630852942
r10_s10000_fast_gtr_findopt500_mean_of_10,792,14.485,-712841.6326214361,54986.3729311983
r10_s10000_fast_gtr_findopt500_mean_of_10,793,14.4969,-712834.3227374655,54979.06304722563
r10_s10000_fast_gtr_findopt500_mean_of_10,798,14.5676,-712765.9527220905,54910.693031917035
r10_s10000_fast_gtr_findopt500_mean_of_10,804,14.6501,-712716.3051274171,54861.04543723789
r10_s10000_fast_gtr_findopt500_mean_of_10,804,14.6585,-712711.4841977183,54856.224507537394
r10_s10000_fast_gtr_findopt500_mean_of_10,820,14.8777,-712609.0935395944,54753.83384932942
r10_s10000_fast_gtr_findopt500_mean_of_10,824,14.9368,-712578.6535128162,54723.39382253921
r10_s10000_fast_gtr_findopt500_mean_of_10,829,15.008,-712542.1448608566,54686.885170590635
r10_s10000_fast_gtr_findopt500_mean_of_10,832,15.0524,-712533.4646103265,54678.20492006561
r10_s10000_fast_gtr_findopt500_mean_of_10,833,15.0645,-712530.2460025197,54674.98631226011
r10_s10000_fast_gtr_findopt500_mean_of_10,835,15.0932,-712516.4899278359,54661.23023759003
r10_s10000_fast_gtr_findopt500_mean_of_10,839,15.1499,-712444.4118518727,54589.152161564525
r10_s10000_fast_gtr_findopt500_mean_of_10,840,15.1588,-712441.7599815957,54586.50029128561
r10_s10000_fast_gtr_findopt500_mean_of_10,852,15.3279,-712376.8202341686,54521.56054384393
r10_s10000_fast_gtr_findopt500_mean_of_10,859,15.4249,-712353.5893530748,54498.329662671254
r10_s10000_fast_gtr_findopt500_mean_of_10,863,15.491,-712333.9452587717,54478.68556832788
r10_s10000_fast_gtr_findopt500_mean_of_10,865,15.5068,-712327.6302790025,54472.37058858665
r10_s10000_fast_gtr_findopt500_mean_of_10,865,15.5144,-712324.0702428815,54468.8105524803
r10_s10000_fast_gtr_findopt500_mean_of_10,866,15.5216,-712320.2663856767,54465.00669529048
r10_s10000_fast_gtr_findopt500_mean_of_10,866,15.5333,-712313.8147294216,54458.55503900271
r10_s10000_fast_gtr_findopt500_mean_of_10,867,15.5358,-712312.4882194177,54457.22852898699
r10_s10000_fast_gtr_findopt500_mean_of_10,867,15.5401,-712310.2114250707,54454.9517346413
r10_s10000_fast_gtr_findopt500_mean_of_10,869,15.5712,-712293.7702026359,54438.51051222011
r10_s10000_fast_gtr_findopt500_mean_of_10,875,15.6515,-712256.3436066029,54401.08391617007
r10_s10000_fast_gtr_findopt500_mean_of_10,875,15.656,-712253.4373692735,54398.17767883946
r10_s10000_fast_gtr_findopt500_mean_of_10,887,15.8146,-712142.530493015,54287.27080262095
r10_s10000_fast_gtr_findopt500_mean_of_10,889,15.846,-712120.4287659696,54265.16907558149
r10_s10000_fast_gtr_findopt500_mean_of_10,890,15.8698,-712100.8952477103,54245.63555732267
r10_s10000_fast_gtr_findopt500_mean_of_10,892,15.8848,-712088.741334367,54233.481643979976
r10_s10000_fast_gtr_findopt500_mean_of_10,894,15.9158,-712061.7000858303,54206.44039544616
r10_s10000_fast_gtr_findopt500_mean_of_10,900,16.0086,-711991.6479892989,54136.38829894053
r10_s10000_fast_gtr_findopt500_mean_of_10,901,16.0167,-711985.7792711274,54130.51958077025
r10_s10000_fast_gtr_findopt500_mean_of_10,902,16.0288,-711978.2409228743,54122.981232509774
r10_s10000_fast_gtr_findopt500_mean_of_10,904,16.0664,-711953.3547164529,54098.09502606173
r10_s10000_fast_gtr_findopt500_mean_of_10,906,16.0831,-711941.8919701204,54086.63227971854
r10_s10000_fast_gtr_findopt500_mean_of_10,910,16.1435,-711873.9459137891,54018.686223286626
r10_s10000_fast_gtr_findopt500_mean_of_10,911,16.1536,-711863.9049736431,54008.645283130536
r10_s10000_fast_gtr_findopt500_mean_of_10,918,16.2518,-711739.4585533959,53884.19886289162
r10_s10000_fast_gtr_findopt500_mean_of_10,919,16.2639,-711724.4445473114,53869.18485680828
r10_s10000_fast_gtr_findopt500_mean_of_10,924,16.3341,-711666.0758296947,53810.81613919193
r10_s10000_fast_gtr_findopt500_mean_of_10,924,16.3368,-711664.336376296,53809.07668580072
r10_s10000_fast_gtr_findopt500_mean_of_10,925,16.3485,-711657.4421260953,53802.182435628805
r10_s10000_fast_gtr_findopt500_mean_of_10,927,16.3835,-711643.4588498374,53788.19915936214
r10_s10000_fast_gtr_findopt500_mean_of_10,940,16.5637,-711531.4692357437,53676.20954528969
r10_s10000_fast_gtr_findopt500_mean_of_10,941,16.5823,-711520.2696411565,53665.00995071077
r10_s10000_fast_gtr_findopt500_mean_of_10,941,16.5843,-711519.6781108608,53664.418420415415
r10_s10000_fast_gtr_findopt500_mean_of_10,943,16.6016,-711514.827786265,53659.568095822746
r10_s10000_fast_gtr_findopt500_mean_of_10,946,16.6461,-711497.9921862839,53642.73249586493
r10_s10000_fast_gtr_findopt500_mean_of_10,954,16.7568,-711470.3520406128,53615.092350253544
r10_s10000_fast_gtr_findopt500_mean_of_10,955,16.7743,-711466.8574587938,53611.59776843737
r10_s10000_fast_gtr_findopt500_mean_of_10,958,16.8139,-711459.037957778,53603.77826742687
r10_s10000_fast_gtr_findopt500_mean_of_10,966,16.9339,-711428.4228426089,53573.16315225094
r10_s10000_fast_gtr_findopt500_mean_of_10,971,17.0048,-711411.1679040696,53555.90821371025
r10_s10000_fast_gtr_findopt500_mean_of_10,992,17.293,-711346.4433019187,53491.18361159833
r10_s10000_fast_gtr_findopt500_mean_of_10,999,17.3919,-711327.8034175462,53472.54372731173
r10_s10000_fast_gtr_findopt500_mean_of_10,1016,17.6396,-711245.3369298475,53390.077239672966
r10_s10000_fast_gtr_findopt500_mean_of_10,1024,17.7472,-711212.4385703146,53357.17888015163
r10_s10000_fast_gtr_findopt500_mean_of_10,1029,17.8184,-711159.8488817483,53304.589191596744
r10_s10000_fast_gtr_findopt500_mean_of_10,1031,17.8471,-711135.7222388029,53280.46254865518
r10_s10000_fast_gtr_findopt500_mean_of_10,1032,17.8592,-711120.8547669866,53265.59507685291
r10_s10000_fast_gtr_findopt500_mean_of_10,1033,17.8756,-711107.8629447492,53252.60325463289
r10_s10000_fast_gtr_findopt500_mean_of_10,1035,17.8979,-711098.304118778,53243.04442866209
r10_s10000_fast_gtr_findopt500_mean_of_10,1036,17.9153,-711089.5408554588,53234.281165336855
r10_s10000_fast_gtr_findopt500_mean_of_10,1042,17.9982,-711053.6266310441,53198.36694089298
r10_s10000_fast_gtr_findopt500_mean_of_10,1054,18.1642,-710988.4002802228,53133.14059001376
r10_s10000_fast_gtr_findopt500_mean_of_10,1055,18.1774,-710959.1495035,53103.88981328033
r10_s10000_fast_gtr_findopt500_mean_of_10,1056,18.1908,-710954.425847074,53099.166156854226
r10_s10000_fast_gtr_findopt500_mean_of_10,1060,18.2471,-710934.7234866273,53079.463796403375
r10_s10000_fast_gtr_findopt500_mean_of_10,1065,18.3247,-710909.5542156312,53054.29452535357
r10_s10000_fast_gtr_findopt500_mean_of_10,1067,18.3442,-710903.2551609443,53047.99547065188
r10_s10000_fast_gtr_findopt500_mean_of_10,1069,18.376,-710896.2268034368,53040.96711314014
r10_s10000_fast_gtr_findopt500_mean_of_10,1069,18.3805,-710895.0010558367,53039.741365541006
r10_s10000_fast_gtr_findopt500_mean_of_10,1074,18.4466,-710866.4792853806,53011.219595106806
r10_s10000_fast_gtr_findopt500_mean_of_10,1076,18.477,-710855.0273173441,52999.767627073255
r10_s10000_fast_gtr_findopt500_mean_of_10,1079,18.5216,-710848.794408174,52993.534717894625
r10_s10000_fast_gtr_findopt500_mean_of_10,1084,18.5923,-710827.055107308,52971.79541701383
r10_s10000_fast_gtr_findopt500_mean_of_10,1099,18.7997,-710791.1470129526,52935.88732261873
r10_s10000_fast_gtr_findopt500_mean_of_10,1100,18.8156,-710744.376247984,52889.11655768923
r10_s10000_fast_gtr_findopt500_mean_of_10,1101,18.8281,-710702.2146585173,52846.954968242695
r10_s10000_fast_gtr_findopt500_mean_of_10,1104,18.8723,-710673.1344571218,52817.874766803325
r10_s10000_fast_gtr_findopt500_mean_of_10,1116,19.0414,-710598.3850597137,52743.12536944627
r10_s10000_fast_gtr_findopt500_mean_of_10,1117,19.0548,-710527.991976687,52672.7322863581
r10_s10000_fast_gtr_findopt500_mean_of_10,1129,19.2127,-710492.1429745969,52636.88328426597
r10_s10000_fast_gtr_findopt500_mean_of_10,1130,19.2359,-710488.1307808841,52632.87109055163
r10_s10000_fast_gtr_findopt500_mean_of_10,1131,19.2464,-710486.5037272208,52631.24403689507
r10_s10000_fast_gtr_findopt500_mean_of_10,1135,19.3007,-710478.4498966603,52623.19020636601
r10_s10000_fast_gtr_findopt500_mean_of_10,1139,19.3627,-710468.2163984267,52612.95670817011
r10_s10000_fast_gtr_findopt500_mean_of_10,1140,19.3742,-710465.9450708369,52610.68538057861
r10_s10000_fast_gtr_findopt500_mean_of_10,1143,19.4163,-710453.4030724155,52598.14338211975
r10_s10000_fast_gtr_findopt500_mean_of_10,1161,19.66,-710404.4303563328,52549.170666015845
r10_s10000_fast_gtr_findopt500_mean_of_10,1163,19.6888,-710398.58557964,52543.32588931507
r10_s10000_fast_gtr_findopt500_mean_of_10,1164,19.7026,-710394.7303015,52539.470611172364
r10_s10000_fast_gtr_findopt500_mean_of_10,1165,19.7155,-710390.7109133368,52535.45122300661
r10_s10000_fast_gtr_findopt500_mean_of_10,1167,19.7502,-710373.9326399788,52518.67294966094
r10_s10000_fast_gtr_findopt500_mean_of_10,1168,19.7701,-710364.2094304216,52508.94974010645
r10_s10000_fast_gtr_findopt500_mean_of_10,1173,19.8278,-710336.8822578766,52481.622567566534
r10_s10000_fast_gtr_findopt500_mean_of_10,1184,19.9865,-710303.3448581541,52448.08516780151
r10_s10000_fast_gtr_findopt500_mean_of_10,1184,19.9943,-710301.1513422693,52445.891651921185
r10_s10000_fast_gtr_findopt500_mean_of_10,1191,20.0835,-710272.2603842528,52417.00069394424
r10_s10000_fast_gtr_findopt500_mean_of_10,1192,20.0969,-710265.524101009,52410.26441070777
r10_s10000_fast_gtr_findopt500_mean_of_10,1196,20.1552,-710242.587914971,52387.328224658595
r10_s10000_fast_gtr_findopt500_mean_of_10,1197,20.164,-710238.4349308641,52383.17524054779
r10_s10000_fast_gtr_findopt500_mean_of_10,1206,20.3035,-710170.389398678,52315.12970829967
r10_s10000_fast_gtr_findopt500_mean_of_10,1207,20.3179,-710162.9834368653,52307.72374648069
r10_s10000_fast_gtr_findopt500_mean_of_10,1210,20.3533,-710144.2409271066,52288.98123671093
r10_s10000_fast_gtr_findopt500_mean_of_10,1231,20.6473,-710019.3700222324,52164.11033182313
r10_s10000_fast_gtr_findopt500_mean_of_10,1232,20.6607,-710013.6830547217,52158.42336431229
r10_s10000_fast_gtr_findopt500_mean_of_10,1235,20.6995,-709994.3963389712,52139.13664856685
r10_s10000_fast_gtr_findopt500_mean_of_10,1240,20.7715,-709967.1406667185,52111.88097633062
r10_s10000_fast_gtr_findopt500_mean_of_10,1242,20.8034,-709959.1314315626,52103.87174117727
r10_s10000_fast_gtr_findopt500_mean_of_10,1255,20.9858,-709855.7179683907,52000.45827798403
r10_s10000_fast_gtr_findopt500_mean_of_10,1259,21.0374,-709846.9455209909,51991.68583057493
r10_s10000_fast_gtr_findopt500_mean_of_10,1265,21.1224,-709837.0194459839,51981.75975556851
r10_s10000_fast_gtr_findopt500_mean_of_10,1269,21.1793,-709830.8111064243,51975.551416046525
r10_s10000_fast_gtr_findopt500_mean_of_10,1284,21.3907,-709804.5702531144,51949.31056271741
r10_s10000_fast_gtr_findopt500_mean_of_10,1285,21.3973,-709803.6355781683,51948.37588777086
r10_s10000_fast_gtr_findopt500_mean_of_10,1287,21.4249,-709794.9764694804,51939.71677902994
r10_s10000_fast_gtr_findopt500_mean_of_10,1287,21.4338,-709793.460777006,51938.20108655462
r10_s10000_fast_gtr_findopt500_mean_of_10,1290,21.4798,-709787.381123842,51932.12143338465
r10_s10000_fast_gtr_findopt500_mean_of_10,1291,21.4896,-709785.7516158335,51930.49192537599
r10_s10000_fast_gtr_findopt500_mean_of_10,1298,21.5796,-709771.3353130724,51916.075622629345
r10_s10000_fast_gtr_findopt500_mean_of_10,1310,21.7463,-709744.2750800151,51889.015389595166
r10_s10000_fast_gtr_findopt500_mean_of_10,1318,21.8591,-709714.5266311871,51859.2669407402
r10_s10000_fast_gtr_findopt500_mean_of_10,1320,21.8932,-709708.9330964445,51853.673406030626
r10_s10000_fast_gtr_findopt500_mean_of_10,1321,21.9015,-709707.4818822282,51852.22219182217
r10_s10000_fast_gtr_findopt500_mean_of_10,1328,22.0009,-709694.3127836077,51839.053093200004
r10_s10000_fast_gtr_findopt500_mean_of_10,1330,22.0291,-709686.3984092155,51831.13871887677
r10_s10000_fast_gtr_findopt500_mean_of_10,1335,22.0974,-709678.9599273165,51823.70023697412
r10_s10000_fast_gtr_findopt500_mean_of_10,1339,22.1592,-709658.87942609,51803.6197357717
r10_s10000_fast_gtr_findopt500_mean_of_10,1347,22.2673,-709618.5043429058,51763.24465262298
r10_s10000_fast_gtr_findopt500_mean_of_10,1351,22.3226,-709610.2918165063,51755.03212621799
r10_s10000_fast_gtr_findopt500_mean_of_10,1354,22.3689,-709599.1542239139,51743.89453362258
r10_s10000_fast_gtr_findopt500_mean_of_10,1369,22.5849,-709531.4386200554,51676.17892976443
r10_s10000_fast_gtr_findopt500_mean_of_10,1370,22.5919,-709528.0593257442,51672.79963545255
r10_s10000_fast_gtr_findopt500_mean_of_10,1377,22.6866,-709484.1819414365,51628.92225113505
r10_s10000_fast_gtr_findopt500_mean_of_10,1385,22.7985,-709373.3256828247,51518.06599241869
r10_s10000_fast_gtr_findopt500_mean_of_10,1386,22.8175,-709365.8674682464,51510.60777783781
r10_s10000_fast_gtr_findopt500_mean_of_10,1392,22.8971,-709348.7804299494,51493.52073953998
r10_s10000_fast_gtr_findopt500_mean_of_10,1397,22.9658,-709263.3083325481,51408.04864210539
r10_s10000_fast_gtr_findopt500_mean_of_10,1401,23.0337,-709246.5595891208,51391.29989866375
r10_s10000_fast_gtr_findopt500_mean_of_10,1405,23.0879,-709234.8748267475,51379.61513628256
r10_s10000_fast_gtr_findopt500_mean_of_10,1405,23.089,-709234.4993937267,51379.2397032609
r10_s10000_fast_gtr_findopt500_mean_of_10,1408,23.1306,-709221.439420836,51366.17973034762
r10_s10000_fast_gtr_findopt500_mean_of_10,1419,23.2817,-709203.3401884792,51348.08049801121
r10_s10000_fast_gtr_findopt500_mean_of_10,1425,23.3646,-709186.1771788524,51330.91748839963
r10_s10000_fast_gtr_findopt500_mean_of_10,1445,23.641,-709128.3939177066,51273.13422724154
r10_s10000_fast_gtr_findopt500_mean_of_10,1446,23.6553,-709123.64980234,51268.3901119045
r10_s10000_fast_gtr_findopt500_mean_of_10,1446,23.6633,-709122.0723651011,51266.81267466544
r10_s10000_fast_gtr_findopt500_mean_of_10,1476,24.0761,-709063.2829110548,51208.02322061001
r10_s10000_fast_gtr_findopt500_mean_of_10,1477,24.087,-709061.6961545883,51206.43646414364
r10_s10000_fast_gtr_findopt500_mean_of_10,1478,24.1003,-709041.4102015642,51186.15051114957
r10_s10000_fast_gtr_findopt500_mean_of_10,1500,24.4117,-708991.7243715242,51136.464681099715
r10_s10000_fast_gtr_findopt500_mean_of_10,1501,24.4271,-708990.060403613,51134.800713187564
r10_s10000_fast_gtr_findopt500_mean_of_10,1502,24.4377,-708988.8254069549,51133.56571652928
r10_s10000_fast_gtr_findopt500_mean_of_10,1526,24.7768,-708954.9982279091,51099.73853745711
r10_s10000_fast_gtr_findopt500_mean_of_10,1533,24.8735,-708946.6425382412,51091.382847781686
r10_s10000_fast_gtr_findopt500_mean_of_10,1535,24.8958,-708943.8748161511,51088.61512569124
r10_s10000_fast_gtr_findopt500_mean_of_10,1549,25.0915,-708915.3827268122,51060.12303633308
r10_s10000_fast_gtr_findopt500_mean_of_10,1553,25.1491,-708900.7363938871,51045.47670342613
r10_s10000_fast_gtr_findopt500_mean_of_10,1554,25.1644,-708896.6499348143,51041.39024435771
r10_s10000_fast_gtr_findopt500_mean_of_10,1557,25.2043,-708882.8158596881,51027.55616924622
r10_s10000_fast_gtr_findopt500_mean_of_10,1560,25.2529,-708871.8484801218,51016.5887896722
r10_s10000_fast_gtr_findopt500_mean_of_10,1562,25.2782,-708862.7253877751,51007.465697322004
r10_s10000_fast_gtr_findopt500_mean_of_10,1570,25.3937,-708763.4148767907,50908.1551863282
r10_s10000_fast_gtr_findopt500_mean_of_10,1570,25.3954,-708761.4841661683,50906.2244757086
r10_s10000_fast_gtr_findopt500_mean_of_10,1572,25.4222,-708730.4829556603,50875.223265251436
r10_s10000_fast_gtr_findopt500_mean_of_10,1573,25.4303,-708724.3657393083,50869.10604890053
r10_s10000_fast_gtr_findopt500_mean_of_10,1581,25.5383,-708640.4959658505,50785.236275465766
r10_s10000_fast_gtr_findopt500_mean_of_10,1582,25.5603,-708635.3663240308,50780.1066336508
r10_s10000_fast_gtr_findopt500_mean_of_10,1594,25.7313,-708606.1614608171,50750.90177042952
r10_s10000_fast_gtr_findopt500_mean_of_10,1607,25.9024,-708585.5358292621,50730.2761388519
r10_s10000_fast_gtr_findopt500_mean_of_10,1607,25.9157,-708583.8267471661,50728.567056753905
r10_s10000_fast_gtr_findopt500_mean_of_10,1611,25.9606,-708574.6323408363,50719.37265040957
r10_s10000_fast_gtr_findopt500_mean_of_10,1620,26.0966,-708530.5376771537,50675.277986705674
r10_s10000_fast_gtr_findopt500_mean_of_10,1623,26.1298,-708519.728690333,50664.4689998835
r10_s10000_fast_gtr_findopt500_mean_of_10,1641,26.3875,-708439.3729413844,50584.11325092132
r10_s10000_fast_gtr_findopt500_mean_of_10,1652,26.5368,-708412.3280889491,50557.06839846501
r10_s10000_fast_gtr_findopt500_mean_of_10,1666,26.7368,-708371.5438647436,50516.284174247216
r10_s10000_fast_gtr_findopt500_mean_of_10,1678,26.9024,-708312.1093931232,50456.849702674386
r10_s10000_fast_gtr_findopt500_mean_of_10,1679,26.9151,-708309.6365229685,50454.37683251907
r10_s10000_fast_gtr_findopt500_mean_of_10,1680,26.9294,-708295.4690656377,50440.20937524759
r10_s10000_fast_gtr_findopt500_mean_of_10,1687,27.0288,-708271.3263024067,50416.06661199767
r10_s10000_fast_gtr_findopt500_mean_of_10,1695,27.1389,-708239.1418043674,50383.88211394402
r10_s10000_fast_gtr_findopt500_mean_of_10,1698,27.1831,-708227.8282358645,50372.568545435024
r10_s10000_fast_gtr_findopt500_mean_of_10,1708,27.3192,-708194.8026698066,50339.54297936997
r10_s10000_fast_gtr_findopt500_mean_of_10,1709,27.3364,-708190.8585885463,50335.598898108896
r10_s10000_fast_gtr_findopt500_mean_of_10,1718,27.4648,-708167.7122757646,50312.45258533963
r10_s10000_fast_gtr_findopt500_mean_of_10,1727,27.5836,-708142.6635483587,50287.40385797189
r10_s10000_fast_gtr_findopt500_mean_of_10,1730,27.6345,-708134.1139105947,50278.8542202252
r10_s10000_fast_gtr_findopt500_mean_of_10,1735,27.6998,-708118.7399472463,50263.48025687515
r10_s10000_fast_gtr_findopt500_mean_of_10,1747,27.8615,-708084.1308962215,50228.87120584195
r10_s10000_fast_gtr_findopt500_mean_of_10,1756,27.997,-708037.6394018424,50182.37971146251
r10_s10000_fast_gtr_findopt500_mean_of_10,1764,28.1098,-707984.1351041656,50128.87541371175
r10_s10000_fast_gtr_findopt500_mean_of_10,1766,28.1362,-707974.1363656803,50118.87667522605
r10_s10000_fast_gtr_findopt500_mean_of_10,1772,28.2169,-707945.8020491005,50090.54235864283
r10_s10000_fast_gtr_findopt500_mean_of_10,1791,28.4854,-707869.9333463307,50014.67365589311
r10_s10000_fast_gtr_findopt500_mean_of_10,1791,28.4908,-707868.3879026118,50013.12821217522
r10_s10000_fast_gtr_findopt500_mean_of_10,1796,28.5488,-707855.3980512094,50000.138360771954
r10_s10000_fast_gtr_findopt500_mean_of_10,1804,28.6619,-707813.6515429984,49958.39185254674
r10_s10000_fast_gtr_findopt500_mean_of_10,1804,28.6711,-707811.8513283243,49956.59163787228
r10_s10000_fast_gtr_findopt500_mean_of_10,1811,28.7616,-707793.2033073478,49937.94361689715
r10_s10000_fast_gtr_findopt500_mean_of_10,1832,29.059,-707764.5349766662,49909.27528625095
r10_s10000_fast_gtr_findopt500_mean_of_10,1840,29.1718,-707753.4286659614,49898.168975555614
r10_s10000_fast_gtr_findopt500_mean_of_10,1842,29.1978,-707733.5149211644,49878.25523076133
r10_s10000_fast_gtr_findopt500_mean_of_10,1846,29.2563,-707687.9678472318,49832.70815683674
r10_s10000_fast_gtr_findopt500_mean_of_10,1849,29.2996,-707681.1731067639,49825.913416359916
r10_s10000_fast_gtr_findopt500_mean_of_10,1851,29.3286,-707617.0535632824,49761.7938728422
r10_s10000_fast_gtr_findopt500_mean_of_10,1857,29.4056,-707605.1583503484,49749.898659892526
r10_s10000_fast_gtr_findopt500_mean_of_10,1859,29.4318,-707600.3827076998,49745.12301724276
r10_s10000_fast_gtr_findopt500_mean_of_10,1865,29.5218,-707585.0973673798,49729.83767691763
r10_s10000_fast_gtr_findopt500_mean_of_10,1874,29.6525,-707562.7420272438,49707.482336811765
r10_s10000_fast_gtr_findopt500_mean_of_10,1893,29.9138,-707512.0409942557,49656.78130387191
r10_s10000_fast_gtr_findopt500_mean_of_10,1898,29.9804,-707500.4218437877,49645.16215341762
r10_s10000_fast_gtr_findopt500_mean_of_10,1899,30.0016,-707496.8385256801,49641.57883531201
r10_s10000_fast_gtr_findopt500_mean_of_10,1902,30.0448,-707334.100736059,49478.841045785484
r10_s10000_fast_gtr_findopt500_mean_of_10,1903,30.0465,-707333.8041299207,49478.544439647136
r10_s10000_fast_gtr_findopt500_mean_of_10,1911,30.1633,-707315.5611263793,49460.301436095695
r10_s10000_fast_gtr_findopt500_mean_of_10,1913,30.1907,-707247.4140807367,49392.15439043895
r10_s10000_fast_gtr_findopt500_mean_of_10,1926,30.3778,-707228.0893833109,49372.8296929838
r10_s10000_fast_gtr_findopt500_mean_of_10,1935,30.5025,-707190.7127047104,49335.45301430066
r10_s10000_fast_gtr_findopt500_mean_of_10,1952,30.7462,-707165.7908230091,49310.53113256699
r10_s10000_fast_gtr_findopt500_mean_of_10,1964,30.901,-707130.5320317398,49275.27234131077
r10_s10000_fast_gtr_findopt500_mean_of_10,1968,30.9653,-707115.098171908,49259.83848148598
r10_s10000_fast_gtr_findopt500_mean_of_10,1975,31.0637,-707090.850064432,49235.590374024
r10_s10000_fast_gtr_findopt500_mean_of_10,1978,31.1083,-707078.7532963005,49223.49360589798
r10_s10000_fast_gtr_findopt500_mean_of_10,2015,31.6237,-707009.1145169225,49153.85482654264
r10_s10000_fast_gtr_findopt500_mean_of_10,2024,31.7432,-706993.1392612125,49137.87957082854
r10_s10000_fast_gtr_findopt500_mean_of_10,2030,31.8358,-706979.5479288562,49124.28823847044
r10_s10000_fast_gtr_findopt500_mean_of_10,2031,31.8466,-706977.3885333984,49122.128843013386
r10_s10000_fast_gtr_findopt500_mean_of_10,2035,31.9047,-706966.0306371447,49110.77094676164
r10_s10000_fast_gtr_findopt500_mean_of_10,2055,32.1819,-706908.5637160151,49053.304025629644
r10_s10000_fast_gtr_findopt500_mean_of_10,2057,32.2126,-706901.8034085226,49046.54371813749
r10_s10000_fast_gtr_findopt500_mean_of_10,2071,32.4026,-706861.7522787775,49006.49258841324
r10_s10000_fast_gtr_findopt500_mean_of_10,2075,32.4681,-706850.1087360176,48994.84904564777
r10_s10000_fast_gtr_findopt500_mean_of_10,2093,32.7231,-706803.2975379914,48948.03784764251
r10_s10000_fast_gtr_findopt500_mean_of_10,2101,32.8329,-706780.6845408216,48925.42485048613
r10_s10000_fast_gtr_findopt500_mean_of_10,2111,32.9696,-706752.4573520215,48897.19766171191
r10_s10000_fast_gtr_findopt500_mean_of_10,2111,32.9759,-706749.4841524472,48894.22446213945
r10_s10000_fast_gtr_findopt500_mean_of_10,2116,33.0418,-706697.9257560009,48842.66606571187
r10_s10000_fast_gtr_findopt500_mean_of_10,2122,33.1269,-706613.6150896426,48758.355399383014
r10_s10000_fast_gtr_findopt500_mean_of_10,2128,33.2095,-706558.8370802163,48703.57738997282
r10_s10000_fast_gtr_findopt500_mean_of_10,2135,33.3095,-706452.2165561055,48596.956865865526
r10_s10000_fast_gtr_findopt500_mean_of_10,2136,33.324,-706445.4011731142,48590.141482876345
r10_s10000_fast_gtr_findopt500_mean_of_10,2156,33.5965,-706320.6666598127,48465.40696960914
r10_s10000_fast_gtr_findopt500_mean_of_10,2172,33.8251,-706223.7974511139,48368.53776094256
r10_s10000_fast_gtr_findopt500_mean_of_10,2175,33.8629,-706207.6796258674,48352.41993569913
r10_s10000_fast_gtr_findopt500_mean_of_10,2182,33.9612,-706194.0428953506,48338.78320518986
r10_s10000_fast_gtr_findopt500_mean_of_10,2184,33.9929,-706178.2003793891,48322.940689229355
r10_s10000_fast_gtr_findopt500_mean_of_10,2185,34.0038,-706173.1513657212,48317.89167556005
r10_s10000_fast_gtr_findopt500_mean_of_10,2225,34.5735,-706120.3130459627,48265.05335572671
r10_s10000_fast_gtr_findopt500_mean_of_10,2229,34.6268,-706115.7229300846,48260.46323984391
r10_s10000_fast_gtr_findopt500_mean_of_10,2257,35.0236,-706065.9623959984,48210.70270578137
r10_s10000_fast_gtr_findopt500_mean_of_10,2261,35.0784,-706057.2052961449,48201.94560592972
r10_s10000_fast_gtr_findopt500_mean_of_10,2272,35.2231,-706039.5192916023,48184.25960139106
r10_s10000_fast_gtr_findopt500_mean_of_10,2296,35.5586,-705984.7384985709,48129.47880835957
r10_s10000_fast_gtr_findopt500_mean_of_10,2306,35.7051,-705961.8999689966,48106.64027878591
r10_s10000_fast_gtr_findopt500_mean_of_10,2315,35.8321,-705942.4440208003,48087.184330589545
r10_s10000_fast_gtr_findopt500_mean_of_10,2323,35.9364,-705923.9974507825,48068.737760575576
r10_s10000_fast_gtr_findopt500_mean_of_10,2354,36.3821,-705845.7497174245,47990.49002721381
r10_s10000_fast_gtr_findopt500_mean_of_10,2357,36.4226,-705839.5876824422,47984.327992230465
r10_s10000_fast_gtr_findopt500_mean_of_10,2361,36.4821,-705828.5828184026,47973.32312818667
r10_s10000_fast_gtr_findopt500_mean_of_10,2366,36.5473,-705815.1106814538,47959.85099124023
r10_s10000_fast_gtr_findopt500_mean_of_10,2384,36.8028,-705759.5228090368,47904.26311883196
r10_s10000_fast_gtr_findopt500_mean_of_10,2390,36.8869,-705731.5380844176,47876.278394223016
r10_s10000_fast_gtr_findopt500_mean_of_10,2392,36.9121,-705727.279175259,47872.01948506208
r10_s10000_fast_gtr_findopt500_mean_of_10,2394,36.939,-705722.4940819975,47867.234391796286
r10_s10000_fast_gtr_findopt500_mean_of_10,2403,37.0681,-705696.5019998892,47841.242309669906
r10_s10000_fast_gtr_findopt500_mean_of_10,2404,37.0833,-705694.2373701929,47838.977679971424
r10_s10000_fast_gtr_findopt500_mean_of_10,2404,37.0836,-705694.073567631,47838.81387740941
r10_s10000_fast_gtr_findopt500_mean_of_10,2412,37.1955,-705632.6445038931,47777.384813649034
r10_s10000_fast_gtr_findopt500_mean_of_10,2418,37.2714,-705613.1788666475,47757.91917640284
r10_s10000_fast_gtr_findopt500_mean_of_10,2426,37.392,-705582.3994902006,47727.13979994932
r10_s10000_fast_gtr_findopt500_mean_of_10,2427,37.4049,-705580.3973427163,47725.13765246335
r10_s10000_fast_gtr_findopt500_mean_of_10,2428,37.4092,-705579.7498324852,47724.49014223188
r10_s10000_fast_gtr_findopt500_mean_of_10,2449,37.7123,-705533.0657427724,47677.80605246588
r10_s10000_fast_gtr_findopt500_mean_of_10,2458,37.8401,-705500.1958393767,47644.93614909264
r10_s10000_fast_gtr_findopt500_mean_of_10,2460,37.8645,-705495.5416286745,47640.28193838776
r10_s10000_fast_gtr_findopt500_mean_of_10,2468,37.9702,-705477.5251511049,47622.26546081636
r10_s10000_fast_gtr_findopt500_mean_of_10,2473,38.0436,-705466.1991260827,47610.939435792934
r10_s10000_fast_gtr_findopt500_mean_of_10,2476,38.0864,-705437.4366825552,47582.176992267414
r10_s10000_fast_gtr_findopt500_mean_of_10,2489,38.2633,-705410.6542026679,47555.39451238773
r10_s10000_fast_gtr_findopt500_mean_of_10,2520,38.7082,-705372.3177832809,47517.05809297871
r10_s10000_fast_gtr_findopt500_mean_of_10,2530,38.8436,-705356.6735171754,47501.413826864075
r10_s10000_fast_gtr_findopt500_mean_of_10,2551,39.1315,-705319.4583865369,47464.198696223924
r10_s10000_fast_gtr_findopt500_mean_of_10,2563,39.3048,-705290.1922903649,47434.93260004762
r10_s10000_fast_gtr_findopt500_mean_of_10,2586,39.623,-705236.5347497336,47381.27505940764
r10_s10000_fast_gtr_findopt500_mean_of_10,2600,39.8287,-705200.186418663,47344.92672834078
r10_s10000_fast_gtr_findopt500_mean_of_10,2614,40.0152,-705171.1406696477,47315.88097932527
r10_s10000_fast_gtr_findopt500_mean_of_10,2621,40.1147,-705153.1387826302,47297.87909230038
r10_s10000_fast_gtr_findopt500_mean_of_10,2637,40.3361,-705123.309399754,47268.049709409264
r10_s10000_fast_gtr_findopt500_mean_of_10,2671,40.8248,-705049.4892809058,47194.2295905832
r10_s10000_fast_gtr_findopt500_mean_of_10,2672,40.8352,-705047.3261628635,47192.066472543156
r10_s10000_fast_gtr_findopt500_mean_of_10,2684,40.9985,-705014.7484135105,47159.488723225826
r10_s10000_fast_gtr_findopt500_mean_of_10,2689,41.0669,-704999.980260148,47144.720569859644
r10_s10000_fast_gtr_findopt500_mean_of_10,2714,41.4255,-704944.5871921144,47089.32750174736
r10_s10000_fast_gtr_findopt500_mean_of_10,2723,41.5473,-704914.7014619461,47059.441771549566
r10_s10000_fast_gtr_findopt500_mean_of_10,2726,41.5868,-704907.2176533418,47051.95796294276
r10_s10000_fast_gtr_findopt500_mean_of_10,2730,41.6504,-704895.7396776092,47040.4799872111
r10_s10000_fast_gtr_findopt500_mean_of_10,2731,41.6563,-704894.9116008766,47039.651910479624
r10_s10000_fast_gtr_findopt500_mean_of_10,2771,42.2159,-704815.2656728601,46960.005982548755
r10_s10000_fast_gtr_findopt500_mean_of_10,2782,42.3767,-704806.7382157239,46951.4785254566
r10_s10000_fast_gtr_findopt500_mean_of_10,2793,42.5298,-704789.0397610425,46933.78007077631
r10_s10000_fast_gtr_findopt500_mean_of_10,2805,42.6944,-704765.0057791391,46909.74608890431
r10_s10000_fast_gtr_findopt500_mean_of_10,2819,42.8915,-704737.3638082743,46882.104118032774
r10_s10000_fast_gtr_findopt500_mean_of_10,2823,42.9514,-704729.6970441062,46874.4373538771
r10_s10000_fast_gtr_findopt500_mean_of_10,2839,43.1762,-704698.1418216989,46842.88213149606
r10_s10000_fast_gtr_findopt500_mean_of_10,2839,43.1779,-704697.9062836731,46842.64659347045
r10_s10000_fast_gtr_findopt500_mean_of_10,2856,43.4074,-704667.1202914,46811.86060120008
r10_s10000_fast_gtr_findopt500_mean_of_10,2885,43.8204,-704605.3690011537,46750.10931095876
r10_s10000_fast_gtr_findopt500_mean_of_10,2889,43.8736,-704600.463909714,46745.204219515275
r10_s10000_fast_gtr_findopt500_mean_of_10,2891,43.9013,-704495.059223057,46639.799532817546
r10_s10000_fast_gtr_findopt500_mean_of_10,2938,44.5514,-704450.5534495754,46595.29375936066
r10_s10000_fast_gtr_findopt500_mean_of_10,2946,44.6685,-704438.9418118519,46583.682121646256
r10_s10000_fast_gtr_findopt500_mean_of_10,2947,44.6902,-704437.134389771,46581.874699560336
r10_s10000_fast_gtr_findopt500_mean_of_10,2958,44.8335,-704425.2993183729,46570.039628131875
r10_s10000_fast_gtr_findopt500_mean_of_10,2975,45.0718,-704405.5702905188,46550.31060028876
r10_s10000_fast_gtr_findopt500_mean_of_10,2993,45.3287,-704386.5555135562,46531.29582332763
r10_s10000_fast_gtr_findopt500_mean_of_10,2996,45.3692,-704383.3402839882,46528.08059376113
r10_s10000_fast_gtr_findopt500_mean_of_10,3021,45.7251,-704366.4751448842,46511.21545465469
r10_s10000_fast_gtr_findopt500_mean_of_10,3048,46.1054,-704355.1146501616,46499.854959905526
r10_s10000_fast_gtr_findopt500_mean_of_10,3049,46.1168,-704354.770600157,46499.51090990012
r10_s10000_fast_gtr_findopt500_mean_of_10,3049,46.1172,-704354.7600430727,46499.50035281586
r10_s10000_fast_gtr_findopt500_mean_of_10,3058,46.245,-704351.5340481438,46496.27435787606
r10_s10000_fast_gtr_findopt500_mean_of_10,3076,46.4924,-704307.7218193065,46452.46212903434
r10_s10000_fast_gtr_findopt500_mean_of_10,3095,46.7557,-704290.8264480273,46435.56675773056
r10_s10000_fast_gtr_findopt500_mean_of_10,3099,46.811,-704286.9856307895,46431.72594050037
r10_s10000_fast_gtr_findopt500_mean_of_10,3103,46.8668,-704275.0190643745,46419.75937409526
r10_s10000_fast_gtr_findopt500_mean_of_10,3114,47.0205,-704241.2910627897,46386.031372543206
r10_s10000_fast_gtr_findopt500_mean_of_10,3121,47.1153,-704218.7579468499,46363.49825661014
r10_s10000_fast_gtr_findopt500_mean_of_10,3147,47.4933,-704130.9270062792,46275.667315988736
r10_s10000_fast_gtr_findopt500_mean_of_10,3155,47.6002,-704121.804304303,46266.54461399325
r10_s10000_fast_gtr_findopt500_mean_of_10,3162,47.6937,-704101.8614666637,46246.60177635203
r10_s10000_fast_gtr_findopt500_mean_of_10,3184,48.0105,-704034.5960707002,46179.336380373046
r10_s10000_fast_gtr_findopt500_mean_of_10,3195,48.1617,-704024.8803046185,46169.62061428673
r10_s10000_fast_gtr_findopt500_mean_of_10,3198,48.1988,-704022.5661016338,46167.306411295955
r10_s10000_fast_gtr_findopt500_mean_of_10,3213,48.4118,-704009.219514072,46153.9598237018
r10_s10000_fast_gtr_findopt500_mean_of_10,3214,48.4255,-704007.6685638644,46152.40887349318
r10_s10000_fast_gtr_findopt500_mean_of_10,3231,48.6585,-703971.3443327907,46116.08464244127
r10_s10000_fast_gtr_findopt500_mean_of_10,3283,49.3976,-703899.8667009836,46044.607010653745
r10_s10000_fast_gtr_findopt500_mean_of_10,3289,49.4801,-703888.0958106475,46032.83612030575
r10_s10000_fast_gtr_findopt500_mean_of_10,3297,49.5897,-703868.268983199,46013.009292858536
r10_s10000_fast_gtr_findopt500_mean_of_10,3315,49.8459,-703838.5961255755,45983.336435277866
r10_s10000_fast_gtr_findopt500_mean_of_10,3334,50.1049,-703695.191728777,45839.932038506544
r10_s10000_fast_gtr_findopt500_mean_of_10,3336,50.1417,-703674.8230106578,45819.563320392605
r10_s10000_fast_gtr_findopt500_mean_of_10,3353,50.3809,-703548.1383725348,45692.87868225832
r10_s10000_fast_gtr_findopt500_mean_of_10,3364,50.5258,-703531.6032684586,45676.34357816776
r10_s10000_fast_gtr_findopt500_mean_of_10,3371,50.6296,-703520.1141835172,45664.85449321584
r10_s10000_fast_gtr_findopt500_mean_of_10,3394,50.9427,-703478.7415899865,45623.48189965676
r10_s10000_fast_gtr_findopt500_mean_of_10,3396,50.9726,-703475.5007667256,45620.24107639626
r10_s10000_fast_gtr_findopt500_mean_of_10,3401,51.0425,-703465.9781675988,45610.71847726454
r10_s10000_fast_gtr_findopt500_mean_of_10,3403,51.0746,-703461.7688389713,45606.509148637015
r10_s10000_fast_gtr_findopt500_mean_of_10,3409,51.1646,-703450.0224869114,45594.76279657675
r10_s10000_fast_gtr_findopt500_mean_of_10,3439,51.5757,-703413.5945612347,45558.33487087828
r10_s10000_fast_gtr_findopt500_mean_of_10,3453,51.7811,-703403.2209433776,45547.96125302735
r10_s10000_fast_gtr_findopt500_mean_of_10,3505,52.5058,-703380.7093702963,45525.44967995667
r10_s10000_fast_gtr_findopt500_mean_of_10,3524,52.7664,-703370.7710864188,45515.51139605782
r10_s10000_fast_gtr_findopt500_mean_of_10,3526,52.7977,-703369.1808080832,45513.921117721744
r10_s10000_fast_gtr_findopt500_mean_of_10,3550,53.1371,-703346.2371220633,45490.97743169875
r10_s10000_fast_gtr_findopt500_mean_of_10,3559,53.263,-703317.6454219981,45462.38573167611
r10_s10000_fast_gtr_findopt500_mean_of_10,3561,53.2883,-703314.6237086931,45459.36401836829
r10_s10000_fast_gtr_findopt500_mean_of_10,3561,53.2886,-703314.5871298546,45459.32743952964
r10_s10000_fast_gtr_findopt500_mean_of_10,3578,53.5341,-703286.2513463837,45430.991655995385
r10_s10000_fast_gtr_findopt500_mean_of_10,3588,53.6688,-703272.3938979964,45417.13420756439
r10_s10000_fast_gtr_findopt500_mean_of_10,3591,53.7136,-703267.8614484831,45412.60175804798
r10_s10000_fast_gtr_findopt500_mean_of_10,3600,53.8322,-703261.8892860615,45406.62959563635
r10_s10000_fast_gtr_findopt500_mean_of_10,3630,54.2536,-703244.9924930686,45389.73280267515
r10_s10000_fast_gtr_findopt500_mean_of_10,3678,54.9306,-703211.2898734382,45356.03018305315
r10_s10000_fast_gtr_findopt500_mean_of_10,3688,55.0752,-703202.5094282741,45347.249737894635
r10_s10000_fast_gtr_findopt500_mean_of_10,3786,56.4431,-703146.1064913312,45290.84680101089
r10_s10000_fast_gtr_findopt500_mean_of_10,3800,56.6364,-703135.2154868116,45279.95579649371
r10_s10000_fast_gtr_findopt500_mean_of_10,3817,56.8718,-703120.4831075758,45265.22341725977
r10_s10000_fast_gtr_findopt500_mean_of_10,3830,57.0548,-703015.5910186492,45160.33132829676
r10_s10000_fast_gtr_findopt500_mean_of_10,3833,57.0982,-703013.2808103526,45158.02112000118
r10_s10000_fast_gtr_findopt500_mean_of_10,3836,57.1427,-703010.7587349975,45155.49904464846
r10_s10000_fast_gtr_findopt500_mean_of_10,3886,57.8412,-702968.9784531234,45113.71876281516
r10_s10000_fast_gtr_findopt500_mean_of_10,3919,58.3068,-702941.3490920797,45086.089401779886
r10_s10000_fast_gtr_findopt500_mean_of_10,3920,58.3181,-702940.6179375644,45085.35824726478
r10_s10000_fast_gtr_findopt500_mean_of_10,3939,58.5816,-702922.5498486208,45067.29015832898
r10_s10000_fast_gtr_findopt500_mean_of_10,3945,58.6617,-702916.2731284087,45061.013438117545
r10_s10000_fast_gtr_findopt500_mean_of_10,3969,59.0023,-702887.4199274604,45032.16023715037
r10_s10000_fast_gtr_findopt500_mean_of_10,3995,59.362,-702859.3938311393,45004.13414081097
r10_s10000_fast_gtr_findopt500_mean_of_10,4022,59.7408,-702817.5232970468,44962.26360669301
r10_s10000_fast_gtr_findopt500_mean_of_10,4032,59.8752,-702801.9391258437,44946.67943547679
r10_s10000_fast_gtr_findopt500_mean_of_10,4059,60.2589,-702761.8844724152,44906.62478200883
r10_s10000_fast_gtr_findopt500_mean_of_10,4061,60.2826,-702758.731417002,44903.47172659516
r10_s10000_fast_gtr_findopt500_mean_of_10,4061,60.2841,-702758.5291416517,44903.26945124498
r10_s10000_fast_gtr_findopt500_mean_of_10,4071,60.4211,-702737.9235308425,44882.66384043044
r10_s10000_fast_gtr_findopt500_mean_of_10,4078,60.5253,-702723.2088355675,44867.94914513748
r10_s10000_fast_gtr_findopt500_mean_of_10,4080,60.5529,-702719.8284070077,44864.56871657793
r10_s10000_fast_gtr_findopt500_mean_of_10,4086,60.6299,-702713.2810078632,44858.02131743229
r10_s10000_fast_gtr_findopt500_mean_of_10,4112,61.0024,-702683.2808838818,44828.021193447654
r10_s10000_fast_gtr_findopt500_mean_of_10,4132,61.2705,-702661.6620744927,44806.402384084
r10_s10000_fast_gtr_findopt500_mean_of_10,4206,62.3152,-702581.2122431796,44725.95255286045
r10_s10000_fast_gtr_findopt500_mean_of_10,4209,62.3492,-702580.0850009285,44724.82531061214
r10_s10000_fast_gtr_findopt500_mean_of_10,4217,62.4565,-702576.1740603927,44720.91437007828
r10_s10000_fast_gtr_findopt500_mean_of_10,4224,62.5561,-702553.4073596265,44698.147669233724
r10_s10000_fast_gtr_findopt500_mean_of_10,4276,63.2837,-702528.9776713612,44673.71798098689
r10_s10000_fast_gtr_findopt500_mean_of_10,4283,63.3819,-702525.4253507556,44670.16566038431
r10_s10000_fast_gtr_findopt500_mean_of_10,4339,64.1605,-702496.3576275471,44641.097937175226
r10_s10000_fast_gtr_findopt500_mean_of_10,4408,65.1218,-702470.0517639599,44614.792073570614
r10_s10000_fast_gtr_findopt500_mean_of_10,4416,65.2458,-702466.7701468526,44611.51045646104
r10_s10000_fast_gtr_findopt500_mean_of_10,4453,65.7528,-702453.4410605876,44598.181370174294
r10_s10000_fast_gtr_findopt500_mean_of_10,4526,66.7729,-702433.158229114,44577.898538670925
r10_s10000_fast_gtr_findopt500_mean_of_10,4527,66.791,-702432.4930864412,44577.233395997886
r10_s10000_fast_gtr_findopt500_mean_of_10,4539,66.9548,-702426.1900410263,44570.93035057939
r10_s10000_fast_gtr_findopt500_mean_of_10,4551,67.1215,-702419.5759286818,44564.31623823254
r10_s10000_fast_gtr_findopt500_mean_of_10,4597,67.7726,-702386.1176699188,44530.857979488406
r10_s10000_fast_gtr_findopt500_mean_of_10,4644,68.4232,-702353.6622035684,44498.40251315838
r10_s10000_fast_gtr_findopt500_mean_of_10,4669,68.7781,-702336.0964005892,44480.83671019373
r10_s10000_fast_gtr_findopt500_mean_of_10,4713,69.3914,-702317.9064149943,44462.646724613514
r10_s10000_fast_gtr_findopt500_mean_of_10,4808,70.7166,-702254.5653798247,44399.30568936926
r10_s10000_fast_gtr_findopt500_mean_of_10,4870,71.5878,-702210.3494334525,44355.089742987344
r10_s10000_fast_gtr_findopt500_mean_of_10,4947,72.6616,-702161.0807335239,44305.82104304556
r10_s10000_fast_gtr_findopt500_mean_of_10,4976,73.0647,-702140.3903335545,44285.13064307814
r10_s10000_fast_gtr_findopt500_mean_of_10,4991,73.2842,-702110.8899932684,44255.63030282372
r10_s10000_fast_gtr_findopt500_mean_of_10,5022,73.7142,-702065.0893723433,44209.82968190933
r10_s10000_fast_gtr_findopt500_mean_of_10,5032,73.8516,-702054.1809302592,44198.92123983304
r10_s10000_fast_gtr_findopt500_mean_of_10,5057,74.2074,-702024.679203625,44169.41951320913
r10_s10000_fast_gtr_findopt500_mean_of_10,5085,74.5991,-701992.2594629449,44136.9997725441
r10_s10000_fast_gtr_findopt500_mean_of_10,5124,75.145,-701947.9559404537,44092.69625007047
r10_s10000_fast_gtr_findopt500_mean_of_10,5152,75.5279,-701918.4817203672,44063.222030011
r10_s10000_fast_gtr_findopt500_mean_of_10,5156,75.5913,-701915.8028283396,44060.54313798765
r10_s10000_fast_gtr_findopt500_mean_of_10,5196,76.142,-701842.0530822368,43986.79339189039
r10_s10000_fast_gtr_findopt500_mean_of_10,5262,77.0727,-701715.9778761847,43860.718185830905
r10_s10000_fast_gtr_findopt500_mean_of_10,5277,77.2835,-701691.8878609465,43836.62817058823
r10_s10000_fast_gtr_findopt500_mean_of_10,5286,77.4029,-701689.5170550448,43834.25736468814
r10_s10000_fast_gtr_findopt500_mean_of_10,5291,77.4827,-701688.1209064873,43832.86121613098
r10_s10000_fast_gtr_findopt500_mean_of_10,5298,77.573,-701681.2764007038,43826.016710334414
r10_s10000_fast_gtr_findopt500_mean_of_10,5317,77.8357,-701646.6278403569,43791.368149945505
r10_s10000_fast_gtr_findopt500_mean_of_10,5361,78.457,-701595.7636344153,43740.50394399114
r10_s10000_fast_gtr_findopt500_mean_of_10,5370,78.5749,-701592.7807088044,43737.52101838413
r10_s10000_fast_gtr_findopt500_mean_of_10,5394,78.9116,-701583.1840965265,43727.924406111844
r10_s10000_fast_gtr_findopt500_mean_of_10,5415,79.2033,-701568.1608045147,43712.901114125445
r10_s10000_fast_gtr_findopt500_mean_of_10,5458,79.8143,-701537.308753156,43682.049062821054
r10_s10000_fast_gtr_findopt500_mean_of_10,5491,80.2805,-701510.9147208761,43655.655030575785
r10_s10000_fast_gtr_findopt500_mean_of_10,5499,80.3965,-701504.2383946108,43648.978704310626
r10_s10000_fast_gtr_findopt500_mean_of_10,5562,81.2971,-701451.3765120151,43596.116821661344
r10_s10000_fast_gtr_findopt500_mean_of_10,5569,81.4113,-701444.4955199794,43589.235829616424
r10_s10000_fast_gtr_findopt500_mean_of_10,5594,81.7598,-701423.9822328284,43568.72254244688
r10_s10000_fast_gtr_findopt500_mean_of_10,5616,82.0879,-701404.7916436099,43549.531953222155
r10_s10000_fast_gtr_findopt500_mean_of_10,5633,82.3313,-701389.6627439546,43534.40305354168
r10_s10000_fast_gtr_findopt500_mean_of_10,5663,82.7653,-701372.7947183067,43517.53502786222
r10_s10000_fast_gtr_findopt500_mean_of_10,5701,83.3027,-701355.5163088115,43500.25661836721
r10_s10000_fast_gtr_findopt500_mean_of_10,5741,83.8812,-701335.8122074275,43480.55251699025
r10_s10000_fast_gtr_findopt500_mean_of_10,5768,84.2701,-701321.9706964586,43466.71100601042
r10_s10000_fast_gtr_findopt500_mean_of_10,5801,84.7416,-701289.2256957067,43433.96600523428
r10_s10000_fast_gtr_findopt500_mean_of_10,5802,84.756,-701265.247263646,43409.987573122875
r10_s10000_fast_gtr_findopt500_mean_of_10,5806,84.8165,-701260.9133168033,43405.65362627668
r10_s10000_fast_gtr_findopt500_mean_of_10,5831,85.1824,-701228.8286464263,43373.56895588053
r10_s10000_fast_gtr_findopt500_mean_of_10,5837,85.2658,-701219.2374267398,43363.97773620493
r10_s10000_fast_gtr_findopt500_mean_of_10,5874,85.7975,-701156.7012815326,43301.4415910713
r10_s10000_fast_gtr_findopt500_mean_of_10,5877,85.8408,-701152.7443757122,43297.48468524963
r10_s10000_fast_gtr_findopt500_mean_of_10,5886,85.9729,-701140.6957117658,43285.43602130101
r10_s10000_fast_gtr_findopt500_mean_of_10,5925,86.5372,-701090.5395625689,43235.27987208549
r10_s10000_fast_gtr_findopt500_mean_of_10,5987,87.4331,-701015.0767651353,43159.817074626386
r10_s10000_fast_gtr_findopt500_mean_of_10,6029,88.0271,-700985.5107216192,43130.251031109874
r10_s10000_fast_gtr_findopt500_mean_of_10,6118,89.3212,-700924.3320544354,43069.072363954816
r10_s10000_fast_gtr_findopt500_mean_of_10,6155,89.8486,-700905.1613546225,43049.901664146615
r10_s10000_fast_gtr_findopt500_mean_of_10,6285,91.6695,-700855.4770257769,43000.21733534827
r10_s10000_fast_gtr_findopt500_mean_of_10,6386,93.078,-700818.0182299075,42962.75853950837
r10_s10000_fast_gtr_findopt500_mean_of_10,6390,93.1343,-700816.5239556127,42961.26426521427
r10_s10000_fast_gtr_findopt500_mean_of_10,6427,93.6567,-700799.5719399082,42944.31224953239
r10_s10000_fast_gtr_findopt500_mean_of_10,6637,96.596,-700740.6061646681,42885.34647429742
r10_s10000_fast_gtr_findopt500_mean_of_10,6671,97.0716,-700730.2786183167,42875.018927945785
r10_s10000_fast_gtr_findopt500_mean_of_10,6692,97.374,-700724.1914486438,42868.93175827045
r10_s10000_fast_gtr_findopt500_mean_of_10,6745,98.1098,-700708.5953431383,42853.33565272692
r10_s10000_fast_gtr_findopt500_mean_of_10,6769,98.4519,-700682.07267648,42826.81298602015
r10_s10000_fast_gtr_findopt500_mean_of_10,6798,98.8552,-700674.2304644887,42818.970774007226
r10_s10000_fast_gtr_findopt500_mean_of_10,6809,99.0128,-700614.5905519748,42759.33086148114
r10_s10000_fast_gtr_findopt500_mean_of_10,6829,99.2924,-700599.6856324367,42744.42594195656
r10_s10000_fast_gtr_findopt500_mean_of_10,6844,99.4977,-700586.8294930991,42731.56980263301
r10_s10000_fast_gtr_findopt500_mean_of_10,6876,99.9525,-700575.5186251496,42720.25893469452
r10_s10000_fast_gtr_findopt500_mean_of_10,6967,101.219,-700527.257365653,42671.99767523657
r10_s10000_fast_gtr_findopt500_mean_of_10,6971,101.28,-700525.5361661504,42670.27647573446
r10_s10000_fast_gtr_findopt500_mean_of_10,7005,101.758,-700511.6540892643,42656.394398852215
r10_s10000_fast_gtr_findopt500_mean_of_10,7087,102.903,-700477.9422881156,42622.68259768297
r10_s10000_fast_gtr_findopt500_mean_of_10,7092,102.975,-700475.8038906018,42620.544200170305
r10_s10000_fast_gtr_findopt500_mean_of_10,7107,103.175,-700469.0932020807,42613.83351166379
r10_s10000_fast_gtr_findopt500_mean_of_10,7117,103.32,-700464.943559672,42609.6838692622
r10_s10000_fast_gtr_findopt500_mean_of_10,7119,103.351,-700464.2196441842,42608.959953774145
r10_s10000_fast_gtr_findopt500_mean_of_10,7126,103.448,-700461.9091256468,42606.649435237865
r10_s10000_fast_gtr_findopt500_mean_of_10,7222,104.799,-700431.372470091,42576.112779701005
r10_s10000_fast_gtr_findopt500_mean_of_10,7418,107.537,-700410.356750648,42555.09706024052
r10_s10000_fast_gtr_findopt500_mean_of_10,7485,108.483,-700401.5239612878,42546.264270845735
r10_s10000_fast_gtr_findopt500_mean_of_10,7557,109.494,-700366.9107984868,42511.65110801591
r10_s10000_fast_gtr_findopt500_mean_of_10,7616,110.317,-700337.4503268653,42482.19063637361
r10_s10000_fast_gtr_findopt500_mean_of_10,7667,111.037,-700303.6917984296,42448.432107941335
r10_s10000_fast_gtr_findopt500_mean_of_10,7679,111.205,-700294.8619419081,42439.60225142447
r10_s10000_fast_gtr_findopt500_mean_of_10,7713,111.672,-700281.2838820012,42426.02419153951
r10_s10000_fast_gtr_findopt500_mean_of_10,7750,112.198,-700271.7045804397,42416.44488998735
r10_s10000_fast_gtr_findopt500_mean_of_10,7804,112.952,-700258.3893611836,42403.129670746355
r10_s10000_fast_gtr_findopt500_mean_of_10,7824,113.227,-700254.710782854,42399.45109242727
r10_s10000_fast_gtr_findopt500_mean_of_10,7844,113.509,-700250.6052263243,42395.34553590189
r10_s10000_fast_gtr_findopt500_mean_of_10,7915,114.507,-700234.030376198,42378.7706857909
r10_s10000_fast_gtr_findopt500_mean_of_10,8039,116.249,-700202.8106777141,42347.55098734675
r10_s10000_fast_gtr_findopt500_mean_of_10,8084,116.876,-700191.339839089,42336.08014872436
r10_s10000_fast_gtr_findopt500_mean_of_10,8280,119.622,-700129.1173826115,42273.85769222749
r10_s10000_fast_gtr_findopt500_mean_of_10,8336,120.408,-700114.8748976894,42259.61520731071
r10_s10000_fast_gtr_findopt500_mean_of_10,8380,121.024,-700098.3680768172,42243.10838644145
r10_s10000_fast_gtr_findopt500_mean_of_10,8489,122.553,-700052.4689368097,42197.20924642698
r10_s10000_fast_gtr_findopt500_mean_of_10,8683,125.269,-699994.4905436961,42139.23085327503
r10_s10000_fast_gtr_findopt500_mean_of_10,8850,127.612,-699959.2170901262,42103.957399670224
r10_s10000_fast_gtr_findopt500_mean_of_10,8928,128.718,-699943.3418535052,42088.08216303222
r10_s10000_fast_gtr_findopt500_mean_of_10,8938,128.85,-699941.474325157,42086.21463468361
r10_s10000_fast_gtr_findopt500_mean_of_10,8953,129.06,-699936.7950962915,42081.5354058203
r10_s10000_fast_gtr_findopt500_mean_of_10,9062,130.584,-699902.3586643682,42047.098973909466
r10_s10000_fast_gtr_findopt500_mean_of_10,9120,131.402,-699886.6339501946,42031.374259745346
r10_s10000_fast_gtr_findopt500_mean_of_10,9155,131.895,-699878.6399459593,42023.38025551449
r10_s10000_fast_gtr_findopt500_mean_of_10,9162,131.999,-699876.8010041604,42021.54131371863
r10_s10000_fast_gtr_findopt500_mean_of_10,9247,133.189,-699855.5606309467,42000.300940546935
r10_s10000_fast_gtr_findopt500_mean_of_10,9271,133.516,-699847.23452523,41991.97483484064
r10_s10000_fast_gtr_findopt500_mean_of_10,9343,134.528,-699801.8932699917,41946.633579645204
r10_s10000_fast_gtr_findopt500_mean_of_10,9343,134.536,-699801.5859469238,41946.32625657749
r10_s10000_fast_gtr_findopt500_mean_of_10,9394,135.241,-699781.423941824,41926.16425147246
r10_s10000_fast_gtr_findopt500_mean_of_10,9396,135.273,-699780.9983660544,41925.738675702145
r10_s10000_fast_gtr_findopt500_mean_of_10,9402,135.362,-699779.7167441355,41924.45705378296
r10_s10000_fast_gtr_findopt500_mean_of_10,9638,138.669,-699742.6043157259,41887.344625398255
r10_s10000_fast_gtr_findopt500_mean_of_10,9656,138.917,-699740.1056034022,41884.845913072975
r10_s10000_fast_gtr_findopt500_mean_of_10,9727,139.914,-699734.6620575469,41879.40236721587
r10_s10000_fast_gtr_findopt500_mean_of_10,9769,140.495,-699731.7039370064,41876.44424667592
r10_s10000_fast_gtr_findopt500_mean_of_10,9749,140.579,-699598.6004061424,41743.34071580873
r10_s10000_fast_gtr_findopt500_mean_of_10,9723,140.654,-699766.1690583944,41910.90936803162
r10_s10000_fast_gtr_findopt500_mean_of_10,9747,140.991,-699764.2022478537,41908.942557492126
r10_s10000_fast_gtr_findopt500_mean_of_10,9756,141.126,-699763.7885584385,41908.528868076195
r10_s10000_fast_gtr_findopt500_mean_of_10,9840,142.298,-699741.5048406317,41886.24515019581
r10_s10000_fast_gtr_findopt500_mean_of_10,9851,142.46,-699741.15946725,41885.8997768125
r10_s10000_fast_gtr_findopt500_mean_of_10,9892,143.034,-699705.43048875,41850.170798375
r10_s10000_fast_gtr_findopt500_mean_of_10,9922,143.454,-699705.43048875,41850.170798375
r10_s10000_fast_gtr_findopt500_mean_of_10,9949,144.0,-699788.39366,41933.1339696
r10_s10000_fast_gtr_findopt500_mean_of_10,9984,144.611,-699672.4477628333,41817.18807241667
r10_s10000_fast_gtr_findopt500_mean_of_10,9982,144.625,-699428.5816436,41573.321953260005
r10_s10000_fast_gtr_findopt500_mean_of_10,9987,144.766,-699324.616318,41469.356627675
r10_s10000_fast_gtr_findopt500_mean_of_10,9997,144.956,-699481.2512683333,41625.99157786667
r10_s10000_fast_gtr_findopt500_mean_of_10,10000,145.023,-699504.1285485,41648.86885785
r10_s10000_fast_gtr_findopt500_mean_of_10,10000,145.03,-698937.364988,41082.1052974
r1_s10000_fast_gtr_findopt500_mean_of_10,0,3.32585,-722502.707262,64647.4475715
r1_s10000_fast_gtr_findopt500_mean_of_10,1,3.34865,-722499.2975583042,64644.03786783709
r1_s10000_fast_gtr_findopt500_mean_of_10,1,3.35267,-722499.203404714,64643.943714242276
r1_s10000_fast_gtr_findopt500_mean_of_10,1,3.35413,-722498.5539644341,64643.29427395642
r1_s10000_fast_gtr_findopt500_mean_of_10,1,3.36601,-722480.5504859176,64625.29079544898
r1_s10000_fast_gtr_findopt500_mean_of_10,2,3.37467,-722472.4493922138,64617.18970175148
r1_s10000_fast_gtr_findopt500_mean_of_10,2,3.38417,-722457.8370040741,64602.57731361724
r1_s10000_fast_gtr_findopt500_mean_of_10,2,3.38936,-722454.0477456204,64598.7880551696
r1_s10000_fast_gtr_findopt500_mean_of_10,2,3.39609,-722440.8221661844,64585.56247575258
r1_s10000_fast_gtr_findopt500_mean_of_10,3,3.40178,-722437.5287321726,64582.26904174719
r1_s10000_fast_gtr_findopt500_mean_of_10,3,3.40432,-722431.3292176933,64576.06952727483
r1_s10000_fast_gtr_findopt500_mean_of_10,4,3.42497,-722378.7545473353,64523.494856971694
r1_s10000_fast_gtr_findopt500_mean_of_10,5,3.43173,-722358.2880221303,64503.02833177362
r1_s10000_fast_gtr_findopt500_mean_of_10,5,3.43267,-722355.273824538,64500.01413418118
r1_s10000_fast_gtr_findopt500_mean_of_10,5,3.43723,-722359.3082285421,64504.04853817101
r1_s10000_fast_gtr_findopt500_mean_of_10,6,3.46031,-722303.4184527692,64448.15876240361
r1_s10000_fast_gtr_findopt500_mean_of_10,6,3.46197,-722298.9669374258,64443.707247062004
r1_s10000_fast_gtr_findopt500_mean_of_10,6,3.46433,-722287.1508604784,64431.89117011358
r1_s10000_fast_gtr_findopt500_mean_of_10,7,3.46719,-722271.6512936279,64416.39160325976
r1_s10000_fast_gtr_findopt500_mean_of_10,8,3.48956,-722158.2347092532,64302.97501886678
r1_s10000_fast_gtr_findopt500_mean_of_10,8,3.49268,-722149.6705241908,64294.41083380855
r1_s10000_fast_gtr_findopt500_mean_of_10,10,3.51578,-722095.5069331537,64240.24724280625
r1_s10000_fast_gtr_findopt500_mean_of_10,10,3.51699,-722092.4415933967,64237.1819030458
r1_s10000_fast_gtr_findopt500_mean_of_10,10,3.51758,-722091.246871696,64235.9871813432
r1_s10000_fast_gtr_findopt500_mean_of_10,11,3.53008,-722065.9839565924,64210.72426620263
r1_s10000_fast_gtr_findopt500_mean_of_10,11,3.53237,-722061.2608219602,64206.0011315741
r1_s10000_fast_gtr_findopt500_mean_of_10,12,3.53544,-722056.0137661406,64200.75407575603
r1_s10000_fast_gtr_findopt500_mean_of_10,12,3.53613,-722054.7953936815,64199.53570329722
r1_s10000_fast_gtr_findopt500_mean_of_10,13,3.5503,-722023.4670997399,64168.20740933615
r1_s10000_fast_gtr_findopt500_mean_of_10,13,3.56194,-722004.9501824245,64149.690492012865
r1_s10000_fast_gtr_findopt500_mean_of_10,13,3.56298,-722003.5476640514,64148.28797363973
r1_s10000_fast_gtr_findopt500_mean_of_10,14,3.56434,-722001.3766258706,64146.116935458056
r1_s10000_fast_gtr_findopt500_mean_of_10,16,3.59276,-721916.8502811764,64061.59059067967
r1_s10000_fast_gtr_findopt500_mean_of_10,16,3.60149,-721890.2490709418,64034.989380447856
r1_s10000_fast_gtr_findopt500_mean_of_10,17,3.60562,-721878.4582723307,64023.19858183974
r1_s10000_fast_gtr_findopt500_mean_of_10,17,3.61588,-721851.2826070916,63996.02291660417
r1_s10000_fast_gtr_findopt500_mean_of_10,18,3.62036,-721839.0745537203,63983.81486323177
r1_s10000_fast_gtr_findopt500_mean_of_10,19,3.63548,-721797.9908848141,63942.73119433301
r1_s10000_fast_gtr_findopt500_mean_of_10,21,3.66252,-721764.1809987905,63908.92130829357
r1_s10000_fast_gtr_findopt500_mean_of_10,21,3.67382,-721749.9150860753,63894.65539558154
r1_s10000_fast_gtr_findopt500_mean_of_10,22,3.683,-721737.8097035283,63882.55001303517
r1_s10000_fast_gtr_findopt500_mean_of_10,27,3.75669,-721643.3580596016,63788.09836904068
r1_s10000_fast_gtr_findopt500_mean_of_10,27,3.75675,-721643.1283019792,63787.868611418504
r1_s10000_fast_gtr_findopt500_mean_of_10,28,3.76078,-721626.739896941,63771.480206409644
r1_s10000_fast_gtr_findopt500_mean_of_10,28,3.76655,-721600.7290966982,63745.469406210796
r1_s10000_fast_gtr_findopt500_mean_of_10,28,3.77084,-721579.7491231125,63724.489432667906
r1_s10000_fast_gtr_findopt500_mean_of_10,28,3.77146,-721577.7507078756,63722.49101743307
r1_s10000_fast_gtr_findopt500_mean_of_10,30,3.79468,-721503.3194272392,63648.059736874806
r1_s10000_fast_gtr_findopt500_mean_of_10,30,3.79799,-721493.2762585953,63638.01656823604
r1_s10000_fast_gtr_findopt500_mean_of_10,30,3.7989,-721490.0683427745,63634.808652415835
r1_s10000_fast_gtr_findopt500_mean_of_10,30,3.7993,-721489.0447299654,63633.78503960687
r1_s10000_fast_gtr_findopt500_mean_of_10,31,3.81354,-721445.2923102981,63590.03261990506
r1_s10000_fast_gtr_findopt500_mean_of_10,32,3.82306,-721414.4612030418,63559.20151265449
r1_s10000_fast_gtr_findopt500_mean_of_10,32,3.82744,-721400.7955798516,63545.53588946261
r1_s10000_fast_gtr_findopt500_mean_of_10,33,3.84184,-721303.3701908712,63448.1105005225
r1_s10000_fast_gtr_findopt500_mean_of_10,33,3.84194,-721302.7014407222,63447.44175037352
r1_s10000_fast_gtr_findopt500_mean_of_10,35,3.86524,-721234.2122093128,63378.95251890652
r1_s10000_fast_gtr_findopt500_mean_of_10,36,3.87379,-721208.2275640002,63352.96787357774
r1_s10000_fast_gtr_findopt500_mean_of_10,36,3.87574,-721202.8270200703,63347.56732964349
r1_s10000_fast_gtr_findopt500_mean_of_10,36,3.88316,-721181.5319175844,63326.272227139656
r1_s10000_fast_gtr_findopt500_mean_of_10,37,3.89902,-721124.9964007691,63269.73671030321
r1_s10000_fast_gtr_findopt500_mean_of_10,38,3.91201,-721083.4763783545,63228.21668788276
r1_s10000_fast_gtr_findopt500_mean_of_10,39,3.92117,-721031.150413483,63175.89072301381
r1_s10000_fast_gtr_findopt500_mean_of_10,39,3.92415,-721014.9363454996,63159.67665504072
r1_s10000_fast_gtr_findopt500_mean_of_10,39,3.92423,-721014.4441373644,63159.18444690584
r1_s10000_fast_gtr_findopt500_mean_of_10,39,3.92567,-721005.6089533927,63150.3492629427
r1_s10000_fast_gtr_findopt500_mean_of_10,40,3.94012,-720904.440078425,63049.180387983986
r1_s10000_fast_gtr_findopt500_mean_of_10,40,3.94026,-720903.6597774195,63048.40008697917
r1_s10000_fast_gtr_findopt500_mean_of_10,41,3.94463,-720890.1778973662,63034.918206950555
r1_s10000_fast_gtr_findopt500_mean_of_10,41,3.94929,-720877.1314406137,63021.87175022431
r1_s10000_fast_gtr_findopt500_mean_of_10,41,3.95517,-720860.4214464709,63005.16175608585
r1_s10000_fast_gtr_findopt500_mean_of_10,42,3.96366,-720839.4876644488,62984.2279740656
r1_s10000_fast_gtr_findopt500_mean_of_10,42,3.96589,-720832.360324291,62977.1006339145
r1_s10000_fast_gtr_findopt500_mean_of_10,42,3.96652,-720830.3529736676,62975.093283291804
r1_s10000_fast_gtr_findopt500_mean_of_10,43,3.97249,-720816.1441042935,62960.88441392806
r1_s10000_fast_gtr_findopt500_mean_of_10,43,3.97564,-720806.2297055408,62950.97001518131
r1_s10000_fast_gtr_findopt500_mean_of_10,43,3.978,-720798.7252128917,62943.46552253717
r1_s10000_fast_gtr_findopt500_mean_of_10,46,4.01516,-720710.2081463996,62854.94845609543
r1_s10000_fast_gtr_findopt500_mean_of_10,47,4.03816,-720677.7301931723,62822.47050290481
r1_s10000_fast_gtr_findopt500_mean_of_10,48,4.04842,-720655.1404446445,62799.88075442494
r1_s10000_fast_gtr_findopt500_mean_of_10,48,4.05243,-720644.5392593554,62789.27956915519
r1_s10000_fast_gtr_findopt500_mean_of_10,49,4.06613,-720596.3531075877,62741.093417361364
r1_s10000_fast_gtr_findopt500_mean_of_10,50,4.08048,-720547.1549608737,62691.8952706027
r1_s10000_fast_gtr_findopt500_mean_of_10,50,4.08192,-720544.8242698697,62689.564579599464
r1_s10000_fast_gtr_findopt500_mean_of_10,52,4.10378,-720509.6185783815,62654.35888812045
r1_s10000_fast_gtr_findopt500_mean_of_10,52,4.10754,-720504.2055830641,62648.94589280484
r1_s10000_fast_gtr_findopt500_mean_of_10,53,4.12184,-720482.8780350372,62627.618344795155
r1_s10000_fast_gtr_findopt500_mean_of_10,55,4.1425,-720452.4174230939,62597.15773287656
r1_s10000_fast_gtr_findopt500_mean_of_10,55,4.14795,-720444.1749219988,62588.915231784864
r1_s10000_fast_gtr_findopt500_mean_of_10,58,4.18389,-720405.7833915825,62550.52370138319
r1_s10000_fast_gtr_findopt500_mean_of_10,58,4.19194,-720396.6636959345,62541.40400574131
r1_s10000_fast_gtr_findopt500_mean_of_10,62,4.24391,-720331.5346297963,62476.2749396476
r1_s10000_fast_gtr_findopt500_mean_of_10,63,4.26064,-720314.641884711,62459.38219457732
r1_s10000_fast_gtr_findopt500_mean_of_10,64,4.26801,-720307.9874278277,62452.727737698806
r1_s10000_fast_gtr_findopt500_mean_of_10,64,4.2769,-720292.1663221495,62436.9066320188
r1_s10000_fast_gtr_findopt500_mean_of_10,66,4.29756,-720255.415416274,62400.15572614358
r1_s10000_fast_gtr_findopt500_mean_of_10,66,4.30231,-720248.324515296,62393.06482516018
r1_s10000_fast_gtr_findopt500_mean_of_10,67,4.30954,-720238.1278346871,62382.86814453731
r1_s10000_fast_gtr_findopt500_mean_of_10,67,4.31388,-720230.6323714957,62375.37268133655
r1_s10000_fast_gtr_findopt500_mean_of_10,67,4.3175,-720223.3740530392,62368.11436287167
r1_s10000_fast_gtr_findopt500_mean_of_10,68,4.32349,-720211.5920453516,62356.332355171304
r1_s10000_fast_gtr_findopt500_mean_of_10,70,4.35699,-720186.6266198616,62331.36692963153
r1_s10000_fast_gtr_findopt500_mean_of_10,70,4.35706,-720186.5769250328,62331.31723480254
r1_s10000_fast_gtr_findopt500_mean_of_10,72,4.38059,-720169.9000128938,62314.640322618
r1_s10000_fast_gtr_findopt500_mean_of_10,72,4.38394,-720166.9697834601,62311.71009318162
r1_s10000_fast_gtr_findopt500_mean_of_10,74,4.41105,-720132.2070404489,62276.94735019722
r1_s10000_fast_gtr_findopt500_mean_of_10,75,4.42522,-720096.4307766982,62241.17108635971
r1_s10000_fast_gtr_findopt500_mean_of_10,75,4.42553,-720096.1037913781,62240.844101039474
r1_s10000_fast_gtr_findopt500_mean_of_10,75,4.43118,-720091.2869592513,62236.02726891539
r1_s10000_fast_gtr_findopt500_mean_of_10,77,4.44875,-720074.5964090894,62219.33671875094
r1_s10000_fast_gtr_findopt500_mean_of_10,78,4.46281,-720049.1864676112,62193.92677733062
r1_s10000_fast_gtr_findopt500_mean_of_10,80,4.50152,-719991.9711469088,62136.711456617726
r1_s10000_fast_gtr_findopt500_mean_of_10,81,4.5084,-719982.0339408799,62126.774250588904
r1_s10000_fast_gtr_findopt500_mean_of_10,81,4.51041,-719979.2256136491,62123.965923356474
r1_s10000_fast_gtr_findopt500_mean_of_10,83,4.54486,-719909.957531246,62054.697840936366
r1_s10000_fast_gtr_findopt500_mean_of_10,85,4.56693,-719882.0200060906,62026.760315770436
r1_s10000_fast_gtr_findopt500_mean_of_10,86,4.58136,-719866.5680132209,62011.30832295392
r1_s10000_fast_gtr_findopt500_mean_of_10,87,4.59529,-719856.6083172655,62001.34862699055
r1_s10000_fast_gtr_findopt500_mean_of_10,88,4.60852,-719844.9850415501,61989.72535127236
r1_s10000_fast_gtr_findopt500_mean_of_10,90,4.6422,-719805.4838721443,61950.22418185639
r1_s10000_fast_gtr_findopt500_mean_of_10,93,4.6809,-719748.8921232993,61893.63243299496
r1_s10000_fast_gtr_findopt500_mean_of_10,96,4.71638,-719700.7099618334,61845.45027150017
r1_s10000_fast_gtr_findopt500_mean_of_10,97,4.73415,-719660.3404499205,61805.08075955687
r1_s10000_fast_gtr_findopt500_mean_of_10,99,4.75597,-719609.2769313043,61754.0172409049
r1_s10000_fast_gtr_findopt500_mean_of_10,101,4.78579,-719548.0383610453,61692.778670571235
r1_s10000_fast_gtr_findopt500_mean_of_10,101,4.78994,-719542.8286670964,61687.56897661488
r1_s10000_fast_gtr_findopt500_mean_of_10,102,4.79763,-719533.7364387128,61678.476748217596
r1_s10000_fast_gtr_findopt500_mean_of_10,102,4.79998,-719525.0848373139,61669.825146819116
r1_s10000_fast_gtr_findopt500_mean_of_10,104,4.82639,-719434.770607298,61579.510916812265
r1_s10000_fast_gtr_findopt500_mean_of_10,104,4.8342,-719427.904723692,61572.645033201596
r1_s10000_fast_gtr_findopt500_mean_of_10,106,4.8552,-719408.1556895335,61552.89599903617
r1_s10000_fast_gtr_findopt500_mean_of_10,108,4.89443,-719370.9593473545,61515.69965685501
r1_s10000_fast_gtr_findopt500_mean_of_10,109,4.9021,-719364.5783521693,61509.31866167057
r1_s10000_fast_gtr_findopt500_mean_of_10,110,4.91456,-719353.8055044819,61498.5458139862
r1_s10000_fast_gtr_findopt500_mean_of_10,110,4.92002,-719346.9256119584,61491.66592146536
r1_s10000_fast_gtr_findopt500_mean_of_10,114,4.97354,-719295.2846931781,61440.02500271108
r1_s10000_fast_gtr_findopt500_mean_of_10,116,4.99357,-719271.8691106775,61416.60942026238
r1_s10000_fast_gtr_findopt500_mean_of_10,116,5.00226,-719261.3125941914,61406.05290380122
r1_s10000_fast_gtr_findopt500_mean_of_10,116,5.00669,-719256.8461752124,61401.586484824
r1_s10000_fast_gtr_findopt500_mean_of_10,122,5.08103,-719184.5076352218,61329.24794488297
r1_s10000_fast_gtr_findopt500_mean_of_10,123,5.10457,-719172.140743693,61316.881053366735
r1_s10000_fast_gtr_findopt500_mean_of_10,125,5.12319,-719160.2930028278,61305.03331251083
r1_s10000_fast_gtr_findopt500_mean_of_10,125,5.13015,-719155.7398605433,61300.48017022683
r1_s10000_fast_gtr_findopt500_mean_of_10,128,5.16219,-719133.8938029036,61278.634112609005
r1_s10000_fast_gtr_findopt500_mean_of_10,128,5.17412,-719126.2135206589,61270.95383037043
r1_s10000_fast_gtr_findopt500_mean_of_10,134,5.2468,-719086.5122348862,61231.252544660514
r1_s10000_fast_gtr_findopt500_mean_of_10,135,5.26092,-719014.6394012527,61159.379711026944
r1_s10000_fast_gtr_findopt500_mean_of_10,135,5.27066,-718996.2668161364,61141.00712591739
r1_s10000_fast_gtr_findopt500_mean_of_10,136,5.27443,-718987.3353060512,61132.07561583227
r1_s10000_fast_gtr_findopt500_mean_of_10,137,5.29202,-718944.39783424,61089.13814402397
r1_s10000_fast_gtr_findopt500_mean_of_10,138,5.30094,-718923.1760987986,61067.91640858236
r1_s10000_fast_gtr_findopt500_mean_of_10,138,5.30176,-718920.9413893884,61065.68169917165
r1_s10000_fast_gtr_findopt500_mean_of_10,138,5.31318,-718902.3231491843,61047.06345895614
r1_s10000_fast_gtr_findopt500_mean_of_10,140,5.33259,-718880.4533050236,61025.19361478816
r1_s10000_fast_gtr_findopt500_mean_of_10,140,5.34016,-718870.6101731358,61015.350482900896
r1_s10000_fast_gtr_findopt500_mean_of_10,141,5.34555,-718863.8562735041,61008.59658326623
r1_s10000_fast_gtr_findopt500_mean_of_10,143,5.3847,-718817.0482869436,60961.78859666273
r1_s10000_fast_gtr_findopt500_mean_of_10,143,5.38485,-718815.9139365915,60960.654246310434
r1_s10000_fast_gtr_findopt500_mean_of_10,145,5.3989,-718713.4002053174,60858.14051501742
r1_s10000_fast_gtr_findopt500_mean_of_10,145,5.40603,-718708.6382603415,60853.37857003957
r1_s10000_fast_gtr_findopt500_mean_of_10,147,5.42691,-718695.1809861137,60839.92129581569
r1_s10000_fast_gtr_findopt500_mean_of_10,148,5.44096,-718687.4900510336,60832.230360726375
r1_s10000_fast_gtr_findopt500_mean_of_10,151,5.49394,-718631.2942150185,60776.034524613875
r1_s10000_fast_gtr_findopt500_mean_of_10,151,5.49665,-718628.1380742067,60772.878383795614
r1_s10000_fast_gtr_findopt500_mean_of_10,152,5.50713,-718552.4247765361,60697.16508614125
r1_s10000_fast_gtr_findopt500_mean_of_10,152,5.51002,-718531.3883410745,60676.128650684666
r1_s10000_fast_gtr_findopt500_mean_of_10,152,5.51073,-718526.213587202,60670.953896813866
r1_s10000_fast_gtr_findopt500_mean_of_10,153,5.51624,-718522.1251624477,60666.86547205651
r1_s10000_fast_gtr_findopt500_mean_of_10,153,5.51652,-718521.9347554159,60666.675065024596
r1_s10000_fast_gtr_findopt500_mean_of_10,155,5.54973,-718500.2004015568,60644.94071113008
r1_s10000_fast_gtr_findopt500_mean_of_10,157,5.57732,-718482.1852454024,60626.92555495619
r1_s10000_fast_gtr_findopt500_mean_of_10,159,5.60411,-718460.9236598627,60605.663969409
r1_s10000_fast_gtr_findopt500_mean_of_10,161,5.62785,-718438.7639578406,60583.50426738168
r1_s10000_fast_gtr_findopt500_mean_of_10,161,5.62854,-718438.1392639203,60582.87957346106
r1_s10000_fast_gtr_findopt500_mean_of_10,161,5.62864,-718438.0251923793,60582.76550192012
r1_s10000_fast_gtr_findopt500_mean_of_10,162,5.64507,-718408.2229856229,60552.96329513623
r1_s10000_fast_gtr_findopt500_mean_of_10,164,5.67115,-718361.407348647,60506.14765811552
r1_s10000_fast_gtr_findopt500_mean_of_10,165,5.68298,-718335.1182510385,60479.85856050897
r1_s10000_fast_gtr_findopt500_mean_of_10,167,5.71764,-718254.7235894263,60399.4638989216
r1_s10000_fast_gtr_findopt500_mean_of_10,168,5.72181,-718245.031227117,60389.771536615444
r1_s10000_fast_gtr_findopt500_mean_of_10,169,5.74657,-718173.853965771,60318.59427530706
r1_s10000_fast_gtr_findopt500_mean_of_10,170,5.75457,-718149.0817728773,60293.8220824262
r1_s10000_fast_gtr_findopt500_mean_of_10,170,5.75578,-718145.2936676128,60290.03397716382
r1_s10000_fast_gtr_findopt500_mean_of_10,171,5.76948,-718101.793430044,60246.53373960885
r1_s10000_fast_gtr_findopt500_mean_of_10,172,5.78365,-718029.0849654058,60173.82527504497
r1_s10000_fast_gtr_findopt500_mean_of_10,173,5.79229,-718010.6132991444,60155.353608790305
r1_s10000_fast_gtr_findopt500_mean_of_10,173,5.79772,-717998.885300781,60143.62561042431
r1_s10000_fast_gtr_findopt500_mean_of_10,174,5.81269,-717967.2615197053,60112.00182934337
r1_s10000_fast_gtr_findopt500_mean_of_10,175,5.82292,-717947.2292174879,60091.96952718442
r1_s10000_fast_gtr_findopt500_mean_of_10,175,5.82711,-717936.9868174364,60081.72712715824
r1_s10000_fast_gtr_findopt500_mean_of_10,177,5.84611,-717896.5512890747,60041.29159879484
r1_s10000_fast_gtr_findopt500_mean_of_10,180,5.89033,-717818.3785288944,59963.11883857654
r1_s10000_fast_gtr_findopt500_mean_of_10,181,5.90378,-717801.5536248599,59946.293934537294
r1_s10000_fast_gtr_findopt500_mean_of_10,181,5.91113,-717792.6826198192,59937.42292948825
r1_s10000_fast_gtr_findopt500_mean_of_10,182,5.92565,-717769.1707420194,59913.91105171093
r1_s10000_fast_gtr_findopt500_mean_of_10,186,5.97234,-717710.42796016,59855.16826981721
r1_s10000_fast_gtr_findopt500_mean_of_10,186,5.97355,-717708.7982578718,59853.538567527685
r1_s10000_fast_gtr_findopt500_mean_of_10,187,5.99364,-717669.6356175166,59814.375927182424
r1_s10000_fast_gtr_findopt500_mean_of_10,188,5.99997,-717655.7943355966,59800.53464526157
r1_s10000_fast_gtr_findopt500_mean_of_10,188,6.00226,-717649.9604935144,59794.70080318155
r1_s10000_fast_gtr_findopt500_mean_of_10,188,6.00243,-717649.5071392837,59794.247448950984
r1_s10000_fast_gtr_findopt500_mean_of_10,188,6.00296,-717648.0905651189,59792.83087478564
r1_s10000_fast_gtr_findopt500_mean_of_10,189,6.01703,-717614.7394590051,59759.47976863338
r1_s10000_fast_gtr_findopt500_mean_of_10,189,6.02358,-717596.4616005865,59741.20191020148
r1_s10000_fast_gtr_findopt500_mean_of_10,190,6.03104,-717576.4390730218,59721.17938262562
r1_s10000_fast_gtr_findopt500_mean_of_10,190,6.03482,-717567.1038618966,59711.84417150014
r1_s10000_fast_gtr_findopt500_mean_of_10,192,6.06075,-717503.2799137087,59648.02022330641
r1_s10000_fast_gtr_findopt500_mean_of_10,192,6.06272,-717500.4518819053,59645.19219150287
r1_s10000_fast_gtr_findopt500_mean_of_10,194,6.08572,-717468.9277363552,59613.66804595907
r1_s10000_fast_gtr_findopt500_mean_of_10,195,6.10759,-717430.596708944,59575.337018559956
r1_s10000_fast_gtr_findopt500_mean_of_10,195,6.10923,-717427.6203544511,59572.360664067775
r1_s10000_fast_gtr_findopt500_mean_of_10,195,6.10953,-717426.8046253728,59571.544934989164
r1_s10000_fast_gtr_findopt500_mean_of_10,197,6.13635,-717339.3678494039,59484.10815899761
r1_s10000_fast_gtr_findopt500_mean_of_10,197,6.13788,-717331.8524008992,59476.59271050105
r1_s10000_fast_gtr_findopt500_mean_of_10,198,6.15085,-717275.9591362483,59420.69944593415
r1_s10000_fast_gtr_findopt500_mean_of_10,199,6.1542,-717267.5154627122,59412.25577240024
r1_s10000_fast_gtr_findopt500_mean_of_10,199,6.15604,-717262.9790241264,59407.71933381578
r1_s10000_fast_gtr_findopt500_mean_of_10,199,6.16444,-717242.2613144026,59387.00162410245
r1_s10000_fast_gtr_findopt500_mean_of_10,202,6.20575,-717188.9773506674,59333.71766041113
r1_s10000_fast_gtr_findopt500_mean_of_10,203,6.21101,-717181.5409108866,59326.28122063641
r1_s10000_fast_gtr_findopt500_mean_of_10,205,6.23808,-717154.1838733538,59298.92418313019
r1_s10000_fast_gtr_findopt500_mean_of_10,207,6.26587,-717080.5335857746,59225.27389556094
r1_s10000_fast_gtr_findopt500_mean_of_10,208,6.28007,-717036.1450330404,59180.8853428469
r1_s10000_fast_gtr_findopt500_mean_of_10,208,6.28093,-717031.0499411395,59175.79025094306
r1_s10000_fast_gtr_findopt500_mean_of_10,209,6.29416,-716978.3143664541,59123.05467621641
r1_s10000_fast_gtr_findopt500_mean_of_10,209,6.29435,-716977.6432226237,59122.383532385094
r1_s10000_fast_gtr_findopt500_mean_of_10,210,6.3098,-716965.5401609858,59110.28047075197
r1_s10000_fast_gtr_findopt500_mean_of_10,210,6.31734,-716959.7405831262,59104.48089289403
r1_s10000_fast_gtr_findopt500_mean_of_10,211,6.32842,-716950.6953256775,59095.43563544025
r1_s10000_fast_gtr_findopt500_mean_of_10,211,6.32975,-716948.6926827386,59093.432992498194
r1_s10000_fast_gtr_findopt500_mean_of_10,213,6.35656,-716906.0753696451,59050.8156793205
r1_s10000_fast_gtr_findopt500_mean_of_10,214,6.37121,-716881.6606570038,59026.40096662859
r1_s10000_fast_gtr_findopt500_mean_of_10,215,6.37809,-716868.0266217766,59012.76693139614
r1_s10000_fast_gtr_findopt500_mean_of_10,218,6.42705,-716777.9932318099,58922.73354141181
r1_s10000_fast_gtr_findopt500_mean_of_10,219,6.43592,-716762.0117728313,58906.75208244085
r1_s10000_fast_gtr_findopt500_mean_of_10,220,6.44922,-716727.9121043922,58872.65241402588
r1_s10000_fast_gtr_findopt500_mean_of_10,220,6.45688,-716705.4731035994,58850.21341324592
r1_s10000_fast_gtr_findopt500_mean_of_10,222,6.47457,-716636.6874005422,58781.42771017867
r1_s10000_fast_gtr_findopt500_mean_of_10,222,6.4847,-716587.2643811393,58732.00469077241
r1_s10000_fast_gtr_findopt500_mean_of_10,223,6.49132,-716567.2900670001,58712.03037664066
r1_s10000_fast_gtr_findopt500_mean_of_10,223,6.49163,-716566.4943658934,58711.23467553428
r1_s10000_fast_gtr_findopt500_mean_of_10,223,6.50078,-716529.5747773501,58674.315086990246
r1_s10000_fast_gtr_findopt500_mean_of_10,224,6.50471,-716513.0658617497,58657.806171388285
r1_s10000_fast_gtr_findopt500_mean_of_10,224,6.51461,-716491.553041023,58636.29335066156
r1_s10000_fast_gtr_findopt500_mean_of_10,225,6.52431,-716481.4197692727,58626.16007890795
r1_s10000_fast_gtr_findopt500_mean_of_10,225,6.52494,-716480.7797052396,58625.52001487375
r1_s10000_fast_gtr_findopt500_mean_of_10,226,6.54231,-716463.3400171857,58608.08032679387
r1_s10000_fast_gtr_findopt500_mean_of_10,228,6.56021,-716439.7718642416,58584.51217382075
r1_s10000_fast_gtr_findopt500_mean_of_10,228,6.5662,-716427.6496967578,58572.39000634446
r1_s10000_fast_gtr_findopt500_mean_of_10,230,6.58809,-716384.1525921193,58528.89290174114
r1_s10000_fast_gtr_findopt500_mean_of_10,231,6.61282,-716350.4017818039,58495.14209140702
r1_s10000_fast_gtr_findopt500_mean_of_10,234,6.65456,-716299.9636451809,58444.70395475232
r1_s10000_fast_gtr_findopt500_mean_of_10,235,6.65584,-716298.2689611234,58443.0092706942
r1_s10000_fast_gtr_findopt500_mean_of_10,235,6.66078,-716290.2849236305,58435.02523319567
r1_s10000_fast_gtr_findopt500_mean_of_10,235,6.66809,-716269.2494532244,58413.98976281415
r1_s10000_fast_gtr_findopt500_mean_of_10,236,6.67425,-716235.1454841656,58379.88579380474
r1_s10000_fast_gtr_findopt500_mean_of_10,236,6.68122,-716199.832726766,58344.57303642684
r1_s10000_fast_gtr_findopt500_mean_of_10,237,6.69631,-716164.0721187744,58308.81242841057
r1_s10000_fast_gtr_findopt500_mean_of_10,238,6.69848,-716160.1951399592,58304.9354495931
r1_s10000_fast_gtr_findopt500_mean_of_10,238,6.70482,-716151.1937159563,58295.93402558494
r1_s10000_fast_gtr_findopt500_mean_of_10,243,6.77333,-716060.7830787909,58205.523388392314
r1_s10000_fast_gtr_findopt500_mean_of_10,244,6.7909,-716051.0065224816,58195.74683209152
r1_s10000_fast_gtr_findopt500_mean_of_10,244,6.79281,-716050.0957539188,58194.836063530194
r1_s10000_fast_gtr_findopt500_mean_of_10,246,6.81594,-716037.1151115503,58181.85542117603
r1_s10000_fast_gtr_findopt500_mean_of_10,249,6.85583,-716014.0375845743,58158.777894206054
r1_s10000_fast_gtr_findopt500_mean_of_10,251,6.88024,-715966.08443552,58110.82474520513
r1_s10000_fast_gtr_findopt500_mean_of_10,251,6.88443,-715957.8958610519,58102.63617074571
r1_s10000_fast_gtr_findopt500_mean_of_10,255,6.94595,-715925.0898598139,58069.83016949923
r1_s10000_fast_gtr_findopt500_mean_of_10,258,6.98757,-715903.4823832487,58048.22269292837
r1_s10000_fast_gtr_findopt500_mean_of_10,263,7.05423,-715867.2922285002,58012.03253813835
r1_s10000_fast_gtr_findopt500_mean_of_10,265,7.07878,-715856.7781140881,58001.518423716756
r1_s10000_fast_gtr_findopt500_mean_of_10,266,7.09972,-715838.1733986009,57982.913708238324
r1_s10000_fast_gtr_findopt500_mean_of_10,268,7.12665,-715805.8001674373,57950.54047708931
r1_s10000_fast_gtr_findopt500_mean_of_10,269,7.13434,-715796.3496842545,57941.08999391422
r1_s10000_fast_gtr_findopt500_mean_of_10,269,7.1374,-715792.3544878195,57937.09479748355
r1_s10000_fast_gtr_findopt500_mean_of_10,270,7.14853,-715777.9790921396,57922.719401812355
r1_s10000_fast_gtr_findopt500_mean_of_10,273,7.19162,-715731.0655301535,57875.80583977849
r1_s10000_fast_gtr_findopt500_mean_of_10,275,7.22357,-715692.9054081626,57837.64571778949
r1_s10000_fast_gtr_findopt500_mean_of_10,276,7.23477,-715681.3350597563,57826.07536937912
r1_s10000_fast_gtr_findopt500_mean_of_10,278,7.25901,-715658.8867054828,57803.62701509705
r1_s10000_fast_gtr_findopt500_mean_of_10,280,7.28772,-715632.2698492665,57777.0101588609
r1_s10000_fast_gtr_findopt500_mean_of_10,282,7.32024,-715590.4062052652,57735.14651483497
r1_s10000_fast_gtr_findopt500_mean_of_10,283,7.33486,-715571.3057168988,57716.04602652949
r1_s10000_fast_gtr_findopt500_mean_of_10,284,7.34142,-715562.9530296987,57707.69333932475
r1_s10000_fast_gtr_findopt500_mean_of_10,284,7.34549,-715557.3267571495,57702.06706677787
r1_s10000_fast_gtr_findopt500_mean_of_10,285,7.35797,-715540.002229684,57684.74253932024
r1_s10000_fast_gtr_findopt500_mean_of_10,286,7.36951,-715520.3862539812,57665.126563625774
r1_s10000_fast_gtr_findopt500_mean_of_10,289,7.41315,-715445.2830545667,57590.02336415327
r1_s10000_fast_gtr_findopt500_mean_of_10,290,7.42517,-715426.6592978731,57571.39960744728
r1_s10000_fast_gtr_findopt500_mean_of_10,290,7.42942,-715419.6272196724,57564.367529243114
r1_s10000_fast_gtr_findopt500_mean_of_10,291,7.43835,-715404.8517734914,57549.592083054384
r1_s10000_fast_gtr_findopt500_mean_of_10,291,7.44774,-715384.9401840265,57529.680493586486
r1_s10000_fast_gtr_findopt500_mean_of_10,292,7.45237,-715376.1762080472,57520.916517605736
r1_s10000_fast_gtr_findopt500_mean_of_10,293,7.46697,-715347.6151155877,57492.35542514386
r1_s10000_fast_gtr_findopt500_mean_of_10,295,7.49583,-715283.8310945518,57428.571404132716
r1_s10000_fast_gtr_findopt500_mean_of_10,296,7.51424,-715246.1211211431,57390.86143075801
r1_s10000_fast_gtr_findopt500_mean_of_10,297,7.52211,-715228.8643175575,57373.60462718653
r1_s10000_fast_gtr_findopt500_mean_of_10,297,7.53549,-715209.6048734745,57354.3451831198
r1_s10000_fast_gtr_findopt500_mean_of_10,301,7.58029,-715159.4268143538,57304.16712400831
r1_s10000_fast_gtr_findopt500_mean_of_10,302,7.59213,-715142.0785905881,57286.81890024068
r1_s10000_fast_gtr_findopt500_mean_of_10,302,7.59241,-715141.6957462147,57286.436055867
r1_s10000_fast_gtr_findopt500_mean_of_10,304,7.62031,-715098.5785032754,57243.318812903446
r1_s10000_fast_gtr_findopt500_mean_of_10,305,7.63671,-715078.5110673846,57223.2513769931
r1_s10000_fast_gtr_findopt500_mean_of_10,306,7.64813,-715068.9482636291,57213.68857322323
r1_s10000_fast_gtr_findopt500_mean_of_10,306,7.65464,-715062.6222999952,57207.3626095931
r1_s10000_fast_gtr_findopt500_mean_of_10,309,7.69432,-715038.4249163328,57183.16522596513
r1_s10000_fast_gtr_findopt500_mean_of_10,311,7.72438,-715024.2951400757,57169.035449731324
r1_s10000_fast_gtr_findopt500_mean_of_10,312,7.73195,-715019.2524887988,57163.99279846047
r1_s10000_fast_gtr_findopt500_mean_of_10,312,7.74536,-715011.5462068054,57156.28651646282
r1_s10000_fast_gtr_findopt500_mean_of_10,315,7.7813,-714975.0222062832,57119.762515911156
r1_s10000_fast_gtr_findopt500_mean_of_10,316,7.78857,-714958.2838857685,57103.02419539421
r1_s10000_fast_gtr_findopt500_mean_of_10,316,7.79577,-714942.0705431735,57086.81085279754
r1_s10000_fast_gtr_findopt500_mean_of_10,319,7.83,-714914.7007539558,57059.44106353361
r1_s10000_fast_gtr_findopt500_mean_of_10,319,7.84252,-714899.5827816112,57044.32309118402
r1_s10000_fast_gtr_findopt500_mean_of_10,321,7.85855,-714880.499309232,57025.23961879425
r1_s10000_fast_gtr_findopt500_mean_of_10,324,7.90844,-714863.606891822,57008.347201338445
r1_s10000_fast_gtr_findopt500_mean_of_10,328,7.95774,-714846.6995143509,56991.43982385087
r1_s10000_fast_gtr_findopt500_mean_of_10,328,7.95819,-714846.2082060471,56990.94851554709
r1_s10000_fast_gtr_findopt500_mean_of_10,328,7.95847,-714845.8672929872,56990.607602487355
r1_s10000_fast_gtr_findopt500_mean_of_10,329,7.97447,-714826.3370349737,56971.07734447876
r1_s10000_fast_gtr_findopt500_mean_of_10,331,8.00946,-714749.7820417152,56894.52235121494
r1_s10000_fast_gtr_findopt500_mean_of_10,332,8.0175,-714730.6161080704,56875.35641755939
r1_s10000_fast_gtr_findopt500_mean_of_10,332,8.02383,-714721.5175639549,56866.25787343968
r1_s10000_fast_gtr_findopt500_mean_of_10,337,8.08264,-714649.7885628585,56794.52887238878
r1_s10000_fast_gtr_findopt500_mean_of_10,339,8.11972,-714631.6524255152,56776.39273506585
r1_s10000_fast_gtr_findopt500_mean_of_10,341,8.14925,-714616.698087191,56761.438396754806
r1_s10000_fast_gtr_findopt500_mean_of_10,344,8.18438,-714586.2173905199,56730.957700122926
r1_s10000_fast_gtr_findopt500_mean_of_10,345,8.1969,-714575.9654445203,56720.70575413455
r1_s10000_fast_gtr_findopt500_mean_of_10,348,8.24533,-714530.2259122167,56674.96622186166
r1_s10000_fast_gtr_findopt500_mean_of_10,349,8.25763,-714505.505985359,56650.246295040284
r1_s10000_fast_gtr_findopt500_mean_of_10,351,8.28818,-714467.94906732,56612.689377015384
r1_s10000_fast_gtr_findopt500_mean_of_10,358,8.37617,-714392.5233883141,56537.263697985676
r1_s10000_fast_gtr_findopt500_mean_of_10,359,8.40123,-714373.1642615224,56517.90457120002
r1_s10000_fast_gtr_findopt500_mean_of_10,360,8.41048,-714363.4415954833,56508.181905160076
r1_s10000_fast_gtr_findopt500_mean_of_10,361,8.42368,-714334.3248957412,56479.065205337654
r1_s10000_fast_gtr_findopt500_mean_of_10,364,8.46268,-714304.0624478807,56448.80275748428
r1_s10000_fast_gtr_findopt500_mean_of_10,365,8.48047,-714289.5141790967,56434.25448870119
r1_s10000_fast_gtr_findopt500_mean_of_10,366,8.48947,-714282.5017173364,56427.242026944514
r1_s10000_fast_gtr_findopt500_mean_of_10,370,8.55247,-714232.8686308844,56377.60894051289
r1_s10000_fast_gtr_findopt500_mean_of_10,370,8.55477,-714230.7527211251,56375.49303075815
r1_s10000_fast_gtr_findopt500_mean_of_10,371,8.56677,-714222.3509896056,56367.09129926715
r1_s10000_fast_gtr_findopt500_mean_of_10,372,8.5816,-714214.2982361853,56359.03854586226
r1_s10000_fast_gtr_findopt500_mean_of_10,376,8.62712,-714191.6583875192,56336.39869721752
r1_s10000_fast_gtr_findopt500_mean_of_10,378,8.65635,-714178.1385623541,56322.878872057845
r1_s10000_fast_gtr_findopt500_mean_of_10,378,8.65915,-714176.8422049944,56321.582514696966
r1_s10000_fast_gtr_findopt500_mean_of_10,379,8.67173,-714170.6301101013,56315.370419796884
r1_s10000_fast_gtr_findopt500_mean_of_10,379,8.67586,-714168.4162723629,56313.15658205713
r1_s10000_fast_gtr_findopt500_mean_of_10,381,8.70162,-714154.6171027429,56299.35741244957
r1_s10000_fast_gtr_findopt500_mean_of_10,381,8.70444,-714152.969900056,56297.7102097634
r1_s10000_fast_gtr_findopt500_mean_of_10,382,8.71285,-714147.9787566152,56292.71906631553
r1_s10000_fast_gtr_findopt500_mean_of_10,385,8.76255,-714113.0902149181,56257.83052462593
r1_s10000_fast_gtr_findopt500_mean_of_10,389,8.81584,-714063.599348716,56208.33965844137
r1_s10000_fast_gtr_findopt500_mean_of_10,390,8.82415,-714056.0909092084,56200.831218933185
r1_s10000_fast_gtr_findopt500_mean_of_10,390,8.8283,-714053.1758980363,56197.916207756745
r1_s10000_fast_gtr_findopt500_mean_of_10,391,8.83938,-714046.6518116515,56191.39212136283
r1_s10000_fast_gtr_findopt500_mean_of_10,391,8.84596,-714042.690903584,56187.43121329014
r1_s10000_fast_gtr_findopt500_mean_of_10,395,8.90236,-714005.5708669485,56150.311176544594
r1_s10000_fast_gtr_findopt500_mean_of_10,395,8.9044,-714004.315088136,56149.05539773182
r1_s10000_fast_gtr_findopt500_mean_of_10,399,8.95057,-713976.9385471215,56121.6788566979
r1_s10000_fast_gtr_findopt500_mean_of_10,404,9.02329,-713930.4020085633,56075.14231817948
r1_s10000_fast_gtr_findopt500_mean_of_10,404,9.02764,-713925.2662174349,56070.00652705595
r1_s10000_fast_gtr_findopt500_mean_of_10,405,9.03581,-713915.5613447775,56060.30165440242
r1_s10000_fast_gtr_findopt500_mean_of_10,408,9.08185,-713855.071276155,55999.81158581072
r1_s10000_fast_gtr_findopt500_mean_of_10,409,9.08706,-713848.0759322054,55992.816241871056
r1_s10000_fast_gtr_findopt500_mean_of_10,412,9.13609,-713770.1555756466,55914.89588540158
r1_s10000_fast_gtr_findopt500_mean_of_10,412,9.14009,-713764.5838249044,55909.32413466207
r1_s10000_fast_gtr_findopt500_mean_of_10,413,9.14508,-713756.9708967931,55901.71120655412
r1_s10000_fast_gtr_findopt500_mean_of_10,416,9.18772,-713690.6502772203,55835.39058694312
r1_s10000_fast_gtr_findopt500_mean_of_10,416,9.19758,-713675.8545888206,55820.59489853919
r1_s10000_fast_gtr_findopt500_mean_of_10,419,9.22983,-713637.0071597766,55781.74746947283
r1_s10000_fast_gtr_findopt500_mean_of_10,420,9.24695,-713616.3709889092,55761.111298605996
r1_s10000_fast_gtr_findopt500_mean_of_10,421,9.25915,-713601.679639167,55746.41994884467
r1_s10000_fast_gtr_findopt500_mean_of_10,422,9.27323,-713583.8999271888,55728.64023683971
r1_s10000_fast_gtr_findopt500_mean_of_10,423,9.2857,-713556.7467026658,55701.48701232129
r1_s10000_fast_gtr_findopt500_mean_of_10,424,9.30066,-713531.6668311985,55676.40714085642
r1_s10000_fast_gtr_findopt500_mean_of_10,425,9.31155,-713525.2473106567,55669.98762030875
r1_s10000_fast_gtr_findopt500_mean_of_10,430,9.39053,-713476.5022431556,55621.24255275851
r1_s10000_fast_gtr_findopt500_mean_of_10,433,9.42579,-713452.214518344,55596.95482793414
r1_s10000_fast_gtr_findopt500_mean_of_10,433,9.43206,-713448.3802638202,55593.120573408145
r1_s10000_fast_gtr_findopt500_mean_of_10,435,9.45718,-713434.3128693935,55579.05317900395
r1_s10000_fast_gtr_findopt500_mean_of_10,436,9.47479,-713423.594704228,55568.335013852724
r1_s10000_fast_gtr_findopt500_mean_of_10,440,9.53283,-713374.7065806685,55519.44689024779
r1_s10000_fast_gtr_findopt500_mean_of_10,440,9.53296,-713374.5810325554,55519.32134213479
r1_s10000_fast_gtr_findopt500_mean_of_10,440,9.53301,-713374.5362140952,55519.27652367441
r1_s10000_fast_gtr_findopt500_mean_of_10,441,9.54597,-713363.002315908,55507.742625482475
r1_s10000_fast_gtr_findopt500_mean_of_10,442,9.56048,-713335.3540198805,55480.0943294257
r1_s10000_fast_gtr_findopt500_mean_of_10,446,9.61687,-713296.9587846525,55441.69909420051
r1_s10000_fast_gtr_findopt500_mean_of_10,447,9.62411,-713291.348598948,55436.08890850538
r1_s10000_fast_gtr_findopt500_mean_of_10,448,9.63916,-713275.4436260792,55420.18393565038
r1_s10000_fast_gtr_findopt500_mean_of_10,448,9.64446,-713270.3401672427,55415.08047681903
r1_s10000_fast_gtr_findopt500_mean_of_10,449,9.65764,-713253.5530767806,55398.29338635354
r1_s10000_fast_gtr_findopt500_mean_of_10,450,9.65945,-713251.2332274867,55395.97353706216
r1_s10000_fast_gtr_findopt500_mean_of_10,451,9.68558,-713158.9246344611,55303.664944101605
r1_s10000_fast_gtr_findopt500_mean_of_10,452,9.68795,-713150.5374501421,55295.27775978418
r1_s10000_fast_gtr_findopt500_mean_of_10,452,9.69745,-713141.1834263135,55285.92373595027
r1_s10000_fast_gtr_findopt500_mean_of_10,453,9.70867,-713134.0086016856,55278.74891131816
r1_s10000_fast_gtr_findopt500_mean_of_10,454,9.72511,-713124.6866732232,55269.4269828619
r1_s10000_fast_gtr_findopt500_mean_of_10,455,9.73322,-713118.349681408,55263.08999105087
r1_s10000_fast_gtr_findopt500_mean_of_10,458,9.77749,-713084.5896192217,55229.32992889156
r1_s10000_fast_gtr_findopt500_mean_of_10,460,9.80773,-713059.2320742768,55203.97238396354
r1_s10000_fast_gtr_findopt500_mean_of_10,462,9.83612,-713039.7108028955,55184.45111260165
r1_s10000_fast_gtr_findopt500_mean_of_10,463,9.84642,-713034.7642480528,55179.50455776135
r1_s10000_fast_gtr_findopt500_mean_of_10,463,9.854,-713026.6072827453,55171.34759245282
r1_s10000_fast_gtr_findopt500_mean_of_10,464,9.86059,-713019.4893856235,55164.22969532908
r1_s10000_fast_gtr_findopt500_mean_of_10,466,9.89006,-712988.1062425514,55132.84655224417
r1_s10000_fast_gtr_findopt500_mean_of_10,467,9.89817,-712980.6521927932,55125.39250248019
r1_s10000_fast_gtr_findopt500_mean_of_10,471,9.95389,-712872.3390500626,55017.07935968738
r1_s10000_fast_gtr_findopt500_mean_of_10,471,9.95602,-712869.9754778264,55014.71578745016
r1_s10000_fast_gtr_findopt500_mean_of_10,474,10.0026,-712845.3703680892,54990.11067770458
r1_s10000_fast_gtr_findopt500_mean_of_10,482,10.1114,-712728.0855542229,54872.82586389569
r1_s10000_fast_gtr_findopt500_mean_of_10,484,10.1367,-712674.8546464144,54819.594956043504
r1_s10000_fast_gtr_findopt500_mean_of_10,484,10.1397,-712667.9779055937,54812.71821521588
r1_s10000_fast_gtr_findopt500_mean_of_10,484,10.1445,-712661.7134966303,54806.45380625214
r1_s10000_fast_gtr_findopt500_mean_of_10,485,10.1529,-712608.2829848167,54753.023294410305
r1_s10000_fast_gtr_findopt500_mean_of_10,485,10.1591,-712567.6155997087,54712.35590928463
r1_s10000_fast_gtr_findopt500_mean_of_10,488,10.1917,-712535.011404867,54679.75171443551
r1_s10000_fast_gtr_findopt500_mean_of_10,489,10.2052,-712522.9030107232,54667.64332029301
r1_s10000_fast_gtr_findopt500_mean_of_10,490,10.2243,-712504.736423487,54649.476733064046
r1_s10000_fast_gtr_findopt500_mean_of_10,491,10.235,-712494.8518520094,54639.59216158552
r1_s10000_fast_gtr_findopt500_mean_of_10,493,10.2638,-712471.2783313188,54616.018640912356
r1_s10000_fast_gtr_findopt500_mean_of_10,493,10.2647,-712470.6359872883,54615.37629688178
r1_s10000_fast_gtr_findopt500_mean_of_10,494,10.2793,-712451.279167827,54596.0194773796
r1_s10000_fast_gtr_findopt500_mean_of_10,502,10.3916,-712370.109795572,54514.85010512675
r1_s10000_fast_gtr_findopt500_mean_of_10,504,10.4174,-712349.7695140144,54494.509823564185
r1_s10000_fast_gtr_findopt500_mean_of_10,505,10.4278,-712334.6491713596,54479.38948089697
r1_s10000_fast_gtr_findopt500_mean_of_10,505,10.4341,-712324.2284187826,54468.96872830733
r1_s10000_fast_gtr_findopt500_mean_of_10,506,10.4455,-712294.8733484696,54439.61365799951
r1_s10000_fast_gtr_findopt500_mean_of_10,506,10.449,-712289.212012734,54433.952322269186
r1_s10000_fast_gtr_findopt500_mean_of_10,507,10.4611,-712268.6271964,54413.36750595427
r1_s10000_fast_gtr_findopt500_mean_of_10,508,10.4784,-712253.3941252482,54398.1344347887
r1_s10000_fast_gtr_findopt500_mean_of_10,512,10.5281,-712196.7795019464,54341.5198114433
r1_s10000_fast_gtr_findopt500_mean_of_10,512,10.5285,-712196.2551865513,54340.995496047646
r1_s10000_fast_gtr_findopt500_mean_of_10,513,10.5478,-712167.1767945457,54311.91710402995
r1_s10000_fast_gtr_findopt500_mean_of_10,513,10.5521,-712160.4236559905,54305.16396547413
r1_s10000_fast_gtr_findopt500_mean_of_10,514,10.5652,-712134.8247419551,54279.56505147341
r1_s10000_fast_gtr_findopt500_mean_of_10,517,10.6067,-712048.4206175136,54193.16092698635
r1_s10000_fast_gtr_findopt500_mean_of_10,518,10.6162,-712035.8090417966,54180.549351274734
r1_s10000_fast_gtr_findopt500_mean_of_10,523,10.6867,-711946.6396177042,54091.37992722621
r1_s10000_fast_gtr_findopt500_mean_of_10,525,10.7117,-711923.3277362317,54068.06804576126
r1_s10000_fast_gtr_findopt500_mean_of_10,530,10.7822,-711864.5676532399,54009.30796278831
r1_s10000_fast_gtr_findopt500_mean_of_10,530,10.7836,-711863.1885199795,54007.92882952923
r1_s10000_fast_gtr_findopt500_mean_of_10,531,10.7911,-711850.3826368869,53995.12294643825
r1_s10000_fast_gtr_findopt500_mean_of_10,531,10.7944,-711844.3916168873,53989.13192643867
r1_s10000_fast_gtr_findopt500_mean_of_10,532,10.8079,-711719.4439714395,53864.184280951136
r1_s10000_fast_gtr_findopt500_mean_of_10,532,10.8084,-711714.5995188528,53859.33982836285
r1_s10000_fast_gtr_findopt500_mean_of_10,534,10.8382,-711649.9389539597,53794.67926347456
r1_s10000_fast_gtr_findopt500_mean_of_10,535,10.8547,-711619.1878007562,53763.9281102644
r1_s10000_fast_gtr_findopt500_mean_of_10,537,10.8766,-711593.5566190776,53738.2969286001
r1_s10000_fast_gtr_findopt500_mean_of_10,539,10.9117,-711556.2837574296,53701.024066976956
r1_s10000_fast_gtr_findopt500_mean_of_10,540,10.9182,-711549.8101061725,53694.550415721606
r1_s10000_fast_gtr_findopt500_mean_of_10,541,10.9399,-711525.6186443198,53670.35895387108
r1_s10000_fast_gtr_findopt500_mean_of_10,542,10.9441,-711521.362155068,53666.10246462055
r1_s10000_fast_gtr_findopt500_mean_of_10,543,10.9652,-711493.3682297922,53638.10853934323
r1_s10000_fast_gtr_findopt500_mean_of_10,544,10.9741,-711481.662660951,53626.40297050007
r1_s10000_fast_gtr_findopt500_mean_of_10,545,10.9963,-711461.0341707027,53605.77448024948
r1_s10000_fast_gtr_findopt500_mean_of_10,546,11.0006,-711437.8984858366,53582.63879538908
r1_s10000_fast_gtr_findopt500_mean_of_10,548,11.0388,-711233.1825666971,53377.922876313234
r1_s10000_fast_gtr_findopt500_mean_of_10,548,11.0391,-711232.9215873397,53377.66189695586
r1_s10000_fast_gtr_findopt500_mean_of_10,549,11.044,-711229.2342015402,53373.97451118168
r1_s10000_fast_gtr_findopt500_mean_of_10,549,11.0537,-711222.3966279621,53367.136937651994
r1_s10000_fast_gtr_findopt500_mean_of_10,550,11.0683,-711179.1080590703,53323.848368733095
r1_s10000_fast_gtr_findopt500_mean_of_10,551,11.0824,-711167.126487103,53311.866796772156
r1_s10000_fast_gtr_findopt500_mean_of_10,555,11.1376,-711100.422997372,53245.16330696524
r1_s10000_fast_gtr_findopt500_mean_of_10,560,11.2042,-711049.4493757039,53194.189685321646
r1_s10000_fast_gtr_findopt500_mean_of_10,563,11.2378,-711025.4020367299,53170.14234636625
r1_s10000_fast_gtr_findopt500_mean_of_10,563,11.2384,-711024.4287410807,53169.1690507169
r1_s10000_fast_gtr_findopt500_mean_of_10,565,11.2657,-710978.8772605519,53123.61757018297
r1_s10000_fast_gtr_findopt500_mean_of_10,566,11.2793,-710971.4297900932,53116.170099726376
r1_s10000_fast_gtr_findopt500_mean_of_10,569,11.3288,-710944.6222083318,53089.3625179511
r1_s10000_fast_gtr_findopt500_mean_of_10,574,11.3905,-710897.4200643933,53042.160374013976
r1_s10000_fast_gtr_findopt500_mean_of_10,576,11.423,-710863.9923019893,53008.732611617204
r1_s10000_fast_gtr_findopt500_mean_of_10,576,11.4319,-710854.1514753515,52998.891784987085
r1_s10000_fast_gtr_findopt500_mean_of_10,584,11.5403,-710726.0818794842,52870.82218910973
r1_s10000_fast_gtr_findopt500_mean_of_10,584,11.5425,-710724.0156641569,52868.7559737813
r1_s10000_fast_gtr_findopt500_mean_of_10,588,11.5969,-710678.4539940237,52823.194303733864
r1_s10000_fast_gtr_findopt500_mean_of_10,589,11.6007,-710675.8934676424,52820.633777353236
r1_s10000_fast_gtr_findopt500_mean_of_10,592,11.6423,-710643.0872360084,52787.827545721724
r1_s10000_fast_gtr_findopt500_mean_of_10,597,11.7208,-710600.1114306693,52744.8517403959
r1_s10000_fast_gtr_findopt500_mean_of_10,598,11.7265,-710597.2006424398,52741.940952161254
r1_s10000_fast_gtr_findopt500_mean_of_10,598,11.7389,-710590.8826163986,52735.622926105825
r1_s10000_fast_gtr_findopt500_mean_of_10,600,11.7654,-710580.3185638651,52725.05887354355
r1_s10000_fast_gtr_findopt500_mean_of_10,601,11.7809,-710560.0526716836,52704.79298133911
r1_s10000_fast_gtr_findopt500_mean_of_10,602,11.793,-710544.7881308625,52689.52844049807
r1_s10000_fast_gtr_findopt500_mean_of_10,604,11.8213,-710492.2350364648,52636.975346016385
r1_s10000_fast_gtr_findopt500_mean_of_10,605,11.8342,-710487.3817277577,52632.12203729971
r1_s10000_fast_gtr_findopt500_mean_of_10,606,11.8489,-710455.5054635883,52600.24577320097
r1_s10000_fast_gtr_findopt500_mean_of_10,610,11.8965,-710440.650611703,52585.39092130792
r1_s10000_fast_gtr_findopt500_mean_of_10,616,11.9899,-710395.7139467773,52540.45425637548
r1_s10000_fast_gtr_findopt500_mean_of_10,617,12.0024,-710390.3159297641,52535.05623936135
r1_s10000_fast_gtr_findopt500_mean_of_10,619,12.021,-710368.9195639798,52513.6598735703
r1_s10000_fast_gtr_findopt500_mean_of_10,620,12.0379,-710334.8166867904,52479.55699637662
r1_s10000_fast_gtr_findopt500_mean_of_10,621,12.0492,-710313.7841390294,52458.52444861608
r1_s10000_fast_gtr_findopt500_mean_of_10,623,12.0781,-710259.1320978595,52403.87240744254
r1_s10000_fast_gtr_findopt500_mean_of_10,623,12.0828,-710254.0904811136,52398.8307907002
r1_s10000_fast_gtr_findopt500_mean_of_10,627,12.135,-710193.6586928436,52338.39900247617
r1_s10000_fast_gtr_findopt500_mean_of_10,627,12.1423,-710180.7567790014,52325.49708863473
r1_s10000_fast_gtr_findopt500_mean_of_10,629,12.1689,-710154.0086483067,52298.748957945114
r1_s10000_fast_gtr_findopt500_mean_of_10,630,12.1793,-710143.5787316249,52288.319041264156
r1_s10000_fast_gtr_findopt500_mean_of_10,631,12.1998,-710122.6411501147,52267.381459761265
r1_s10000_fast_gtr_findopt500_mean_of_10,634,12.2343,-710085.523111399,52230.26342106161
r1_s10000_fast_gtr_findopt500_mean_of_10,635,12.2499,-710077.9275073594,52222.667817025416
r1_s10000_fast_gtr_findopt500_mean_of_10,637,12.2819,-710060.850770144,52205.591079817306
r1_s10000_fast_gtr_findopt500_mean_of_10,640,12.3176,-710043.0726344271,52187.812944098696
r1_s10000_fast_gtr_findopt500_mean_of_10,643,12.3666,-710015.6720368349,52160.412346509715
r1_s10000_fast_gtr_findopt500_mean_of_10,646,12.4076,-709989.525471824,52134.265781495975
r1_s10000_fast_gtr_findopt500_mean_of_10,647,12.4254,-709978.4748634698,52123.215173137716
r1_s10000_fast_gtr_findopt500_mean_of_10,648,12.4309,-709967.2937038143,52112.0340134744
r1_s10000_fast_gtr_findopt500_mean_of_10,649,12.4522,-709921.4174267382,52066.15773638738
r1_s10000_fast_gtr_findopt500_mean_of_10,651,12.473,-709906.7806548541,52051.52096451579
r1_s10000_fast_gtr_findopt500_mean_of_10,653,12.5091,-709889.1996364697,52033.93994611615
r1_s10000_fast_gtr_findopt500_mean_of_10,654,12.5173,-709884.6648510295,52029.4051606717
r1_s10000_fast_gtr_findopt500_mean_of_10,659,12.5863,-709845.1083413489,51989.848650976666
r1_s10000_fast_gtr_findopt500_mean_of_10,663,12.6448,-709815.4832567736,51960.223566393426
r1_s10000_fast_gtr_findopt500_mean_of_10,663,12.6469,-709814.2408477354,51958.98115735507
r1_s10000_fast_gtr_findopt500_mean_of_10,665,12.6739,-709798.0080555235,51942.7483651305
r1_s10000_fast_gtr_findopt500_mean_of_10,670,12.7423,-709738.8400425073,51883.58035205061
r1_s10000_fast_gtr_findopt500_mean_of_10,671,12.7599,-709724.6844517628,51869.42476129828
r1_s10000_fast_gtr_findopt500_mean_of_10,673,12.7805,-709705.1537224355,51849.89403197281
r1_s10000_fast_gtr_findopt500_mean_of_10,673,12.7845,-709698.2745060596,51843.014815598755
r1_s10000_fast_gtr_findopt500_mean_of_10,673,12.7856,-709696.4529384433,51841.19324798364
r1_s10000_fast_gtr_findopt500_mean_of_10,674,12.7934,-709685.9185993758,51830.658908928446
r1_s10000_fast_gtr_findopt500_mean_of_10,675,12.8114,-709661.4264498536,51806.16675943579
r1_s10000_fast_gtr_findopt500_mean_of_10,679,12.8693,-709586.3445314086,51731.08484107616
r1_s10000_fast_gtr_findopt500_mean_of_10,684,12.9415,-709494.5538884433,51639.2941982467
r1_s10000_fast_gtr_findopt500_mean_of_10,685,12.9524,-709478.4874885865,51623.22779840851
r1_s10000_fast_gtr_findopt500_mean_of_10,686,12.9662,-709469.0535626167,51613.793872451424
r1_s10000_fast_gtr_findopt500_mean_of_10,686,12.9717,-709465.3895694363,51610.12987927334
r1_s10000_fast_gtr_findopt500_mean_of_10,687,12.9818,-709459.2584820645,51603.99879190519
r1_s10000_fast_gtr_findopt500_mean_of_10,687,12.9857,-709456.1175509332,51600.8578607719
r1_s10000_fast_gtr_findopt500_mean_of_10,688,12.9986,-709447.6029383261,51592.343248155245
r1_s10000_fast_gtr_findopt500_mean_of_10,692,13.0502,-709405.8035549528,51550.54386476009
r1_s10000_fast_gtr_findopt500_mean_of_10,692,13.0529,-709403.5518221455,51548.29213195057
r1_s10000_fast_gtr_findopt500_mean_of_10,693,13.0675,-709378.337659084,51523.07796881402
r1_s10000_fast_gtr_findopt500_mean_of_10,695,13.0962,-709357.5995297099,51502.33983943207
r1_s10000_fast_gtr_findopt500_mean_of_10,696,13.1098,-709350.639917266,51495.3802269813
r1_s10000_fast_gtr_findopt500_mean_of_10,697,13.1239,-709338.3907927033,51483.13110242349
r1_s10000_fast_gtr_findopt500_mean_of_10,703,13.2104,-709266.1140372404,51410.85434693534
r1_s10000_fast_gtr_findopt500_mean_of_10,706,13.2479,-709240.7994801681,51385.53978984247
r1_s10000_fast_gtr_findopt500_mean_of_10,706,13.2496,-709239.5599171722,51384.30022684501
r1_s10000_fast_gtr_findopt500_mean_of_10,708,13.2733,-709211.8934492127,51356.633758876975
r1_s10000_fast_gtr_findopt500_mean_of_10,708,13.276,-709208.63513217,51353.37544183365
r1_s10000_fast_gtr_findopt500_mean_of_10,711,13.3199,-709155.3104217421,51300.05073138908
r1_s10000_fast_gtr_findopt500_mean_of_10,714,13.3526,-709116.7971228242,51261.53743244622
r1_s10000_fast_gtr_findopt500_mean_of_10,714,13.3614,-709108.7989645267,51253.5392741393
r1_s10000_fast_gtr_findopt500_mean_of_10,718,13.418,-709082.3582832207,51227.098592845745
r1_s10000_fast_gtr_findopt500_mean_of_10,718,13.4203,-709081.399511649,51226.13982127457
r1_s10000_fast_gtr_findopt500_mean_of_10,720,13.4466,-709055.1512766844,51199.891586319376
r1_s10000_fast_gtr_findopt500_mean_of_10,721,13.4575,-709041.5669530933,51186.307262714254
r1_s10000_fast_gtr_findopt500_mean_of_10,721,13.4627,-709035.2687644304,51180.00907404668
r1_s10000_fast_gtr_findopt500_mean_of_10,723,13.4908,-709019.4017866829,51164.14209626876
r1_s10000_fast_gtr_findopt500_mean_of_10,725,13.5111,-709005.5368245544,51150.27713413356
r1_s10000_fast_gtr_findopt500_mean_of_10,726,13.5285,-708993.8848500315,51138.62515960714
r1_s10000_fast_gtr_findopt500_mean_of_10,727,13.546,-708980.4531919267,51125.19350150237
r1_s10000_fast_gtr_findopt500_mean_of_10,728,13.5595,-708973.3945386962,51118.13484827917
r1_s10000_fast_gtr_findopt500_mean_of_10,734,13.6376,-708935.3338346647,51080.07414422311
r1_s10000_fast_gtr_findopt500_mean_of_10,737,13.6782,-708909.511027441,51054.25133699954
r1_s10000_fast_gtr_findopt500_mean_of_10,737,13.6788,-708908.2957453534,51053.036054912656
r1_s10000_fast_gtr_findopt500_mean_of_10,740,13.721,-708815.1742494205,50959.914558943565
r1_s10000_fast_gtr_findopt500_mean_of_10,741,13.7333,-708790.5393789225,50935.279688463226
r1_s10000_fast_gtr_findopt500_mean_of_10,742,13.753,-708779.0253039169,50923.76561346448
r1_s10000_fast_gtr_findopt500_mean_of_10,743,13.7674,-708753.2041568407,50897.94446637257
r1_s10000_fast_gtr_findopt500_mean_of_10,749,13.8435,-708716.9241331293,50861.664442676476
r1_s10000_fast_gtr_findopt500_mean_of_10,749,13.8471,-708715.2771568281,50860.01746637559
r1_s10000_fast_gtr_findopt500_mean_of_10,750,13.8605,-708708.8279776193,50853.56828716064
r1_s10000_fast_gtr_findopt500_mean_of_10,751,13.8716,-708696.2555205107,50840.99583004699
r1_s10000_fast_gtr_findopt500_mean_of_10,753,13.9003,-708658.2747797582,50803.0150892779
r1_s10000_fast_gtr_findopt500_mean_of_10,754,13.923,-708602.712973513,50747.45328301025
r1_s10000_fast_gtr_findopt500_mean_of_10,755,13.9279,-708589.8392495678,50734.579559059646
r1_s10000_fast_gtr_findopt500_mean_of_10,756,13.9431,-708526.417947781,50671.158257260664
r1_s10000_fast_gtr_findopt500_mean_of_10,757,13.9649,-708460.0972661263,50604.83757561439
r1_s10000_fast_gtr_findopt500_mean_of_10,759,13.9848,-708399.7166904344,50544.45699993202
r1_s10000_fast_gtr_findopt500_mean_of_10,759,13.9949,-708371.4948680255,50516.235177533556
r1_s10000_fast_gtr_findopt500_mean_of_10,761,14.0111,-708331.5700561436,50476.310365668425
r1_s10000_fast_gtr_findopt500_mean_of_10,761,14.0118,-708330.3601142841,50475.100423809825
r1_s10000_fast_gtr_findopt500_mean_of_10,761,14.0126,-708328.9541357877,50473.69444531427
r1_s10000_fast_gtr_findopt500_mean_of_10,763,14.0411,-708298.2523017004,50442.99261126896
r1_s10000_fast_gtr_findopt500_mean_of_10,764,14.0538,-708281.0206952399,50425.761004808985
r1_s10000_fast_gtr_findopt500_mean_of_10,767,14.0979,-708259.4167438459,50404.15705339734
r1_s10000_fast_gtr_findopt500_mean_of_10,769,14.1257,-708246.1722772787,50390.91258680581
r1_s10000_fast_gtr_findopt500_mean_of_10,771,14.1532,-708237.3713097555,50382.11161931041
r1_s10000_fast_gtr_findopt500_mean_of_10,772,14.1681,-708232.9570352247,50377.69734479344
r1_s10000_fast_gtr_findopt500_mean_of_10,773,14.1828,-708230.4478081574,50375.18811772189
r1_s10000_fast_gtr_findopt500_mean_of_10,791,14.4374,-708193.3361339058,50338.07644347628
r1_s10000_fast_gtr_findopt500_mean_of_10,797,14.5274,-708179.9652378554,50324.70554745065
r1_s10000_fast_gtr_findopt500_mean_of_10,803,14.6125,-708158.9502203433,50303.69052995629
r1_s10000_fast_gtr_findopt500_mean_of_10,807,14.6645,-708141.805786075,50286.546095708116
r1_s10000_fast_gtr_findopt500_mean_of_10,809,14.6863,-708131.8334083969,50276.573718034
r1_s10000_fast_gtr_findopt500_mean_of_10,810,14.7007,-708123.7692529113,50268.50956252891
r1_s10000_fast_gtr_findopt500_mean_of_10,813,14.7448,-708104.0760785724,50248.81638818771
r1_s10000_fast_gtr_findopt500_mean_of_10,815,14.7818,-708084.4705086099,50229.210818241976
r1_s10000_fast_gtr_findopt500_mean_of_10,817,14.8078,-708073.4448513815,50218.185161019836
r1_s10000_fast_gtr_findopt500_mean_of_10,822,14.8719,-707943.4850946862,50088.22540435156
r1_s10000_fast_gtr_findopt500_mean_of_10,822,14.8723,-707942.6481295318,50087.388439196904
r1_s10000_fast_gtr_findopt500_mean_of_10,822,14.8758,-707935.1044361405,50079.84474580299
r1_s10000_fast_gtr_findopt500_mean_of_10,825,14.9138,-707897.4375944423,50042.1779040663
r1_s10000_fast_gtr_findopt500_mean_of_10,825,14.9189,-707892.3568162714,50037.097125891254
r1_s10000_fast_gtr_findopt500_mean_of_10,826,14.9281,-707884.4434039133,50029.18371352588
r1_s10000_fast_gtr_findopt500_mean_of_10,826,14.9317,-707881.1180222835,50025.85833189068
r1_s10000_fast_gtr_findopt500_mean_of_10,828,14.9564,-707808.9271427332,49953.66745234535
r1_s10000_fast_gtr_findopt500_mean_of_10,829,14.9744,-707759.0402946739,49903.780604311556
r1_s10000_fast_gtr_findopt500_mean_of_10,830,14.9857,-707751.7151359256,49896.45544556025
r1_s10000_fast_gtr_findopt500_mean_of_10,833,15.0226,-707730.2673270381,49875.007636687675
r1_s10000_fast_gtr_findopt500_mean_of_10,835,15.055,-707709.1628908555,49853.90320052781
r1_s10000_fast_gtr_findopt500_mean_of_10,838,15.0909,-707685.9705708761,49830.71088055482
r1_s10000_fast_gtr_findopt500_mean_of_10,838,15.0971,-707682.2486503304,49826.988960010094
r1_s10000_fast_gtr_findopt500_mean_of_10,839,15.1177,-707678.9247632415,49823.66507292704
r1_s10000_fast_gtr_findopt500_mean_of_10,850,15.2686,-707643.6561509176,49788.39646065283
r1_s10000_fast_gtr_findopt500_mean_of_10,856,15.3493,-707619.9500323453,49764.690342072216
r1_s10000_fast_gtr_findopt500_mean_of_10,857,15.3589,-707616.2661291661,49761.00643889184
r1_s10000_fast_gtr_findopt500_mean_of_10,860,15.4067,-707600.4532559823,49745.19356568561
r1_s10000_fast_gtr_findopt500_mean_of_10,860,15.4097,-707599.7114188394,49744.45172854106
r1_s10000_fast_gtr_findopt500_mean_of_10,860,15.4106,-707599.4835047422,49744.22381444341
r1_s10000_fast_gtr_findopt500_mean_of_10,864,15.4646,-707586.0335952151,49730.77390489157
r1_s10000_fast_gtr_findopt500_mean_of_10,867,15.5094,-707570.1012801614,49714.841589810174
r1_s10000_fast_gtr_findopt500_mean_of_10,869,15.533,-707561.5501204862,49706.29043013237
r1_s10000_fast_gtr_findopt500_mean_of_10,875,15.6173,-707539.2563212053,49683.99663080487
r1_s10000_fast_gtr_findopt500_mean_of_10,879,15.6774,-707517.3217548148,49662.062064417914
r1_s10000_fast_gtr_findopt500_mean_of_10,885,15.7574,-707479.7159565771,49624.45626614058
r1_s10000_fast_gtr_findopt500_mean_of_10,887,15.7774,-707474.1492457858,49618.88955535209
r1_s10000_fast_gtr_findopt500_mean_of_10,890,15.8191,-707439.1994001996,49583.939709762446
r1_s10000_fast_gtr_findopt500_mean_of_10,890,15.8273,-707437.4170609119,49582.157370474095
r1_s10000_fast_gtr_findopt500_mean_of_10,902,15.9858,-707403.896802135,49548.637111702985
r1_s10000_fast_gtr_findopt500_mean_of_10,904,16.0143,-707397.0183003274,49541.75860989989
r1_s10000_fast_gtr_findopt500_mean_of_10,904,16.0163,-707396.5328487766,49541.27315834935
r1_s10000_fast_gtr_findopt500_mean_of_10,907,16.0666,-707383.7634854176,49528.503795007135
r1_s10000_fast_gtr_findopt500_mean_of_10,911,16.123,-707368.4295753386,49513.16988494022
r1_s10000_fast_gtr_findopt500_mean_of_10,912,16.1264,-707367.5141939793,49512.2545035808
r1_s10000_fast_gtr_findopt500_mean_of_10,914,16.1601,-707353.3693526571,49498.10966225713
r1_s10000_fast_gtr_findopt500_mean_of_10,915,16.1711,-707346.7070710507,49491.447380648744
r1_s10000_fast_gtr_findopt500_mean_of_10,923,16.2869,-707274.5840765033,49419.32438607542
r1_s10000_fast_gtr_findopt500_mean_of_10,924,16.3056,-707262.6142958535,49407.354605424065
r1_s10000_fast_gtr_findopt500_mean_of_10,926,16.3295,-707247.3364639598,49392.07677353012
r1_s10000_fast_gtr_findopt500_mean_of_10,929,16.369,-707233.6561962494,49378.39650582816
r1_s10000_fast_gtr_findopt500_mean_of_10,932,16.4074,-707218.4323568416,49363.172666427796
r1_s10000_fast_gtr_findopt500_mean_of_10,945,16.5955,-707177.5999733077,49322.34028290886
r1_s10000_fast_gtr_findopt500_mean_of_10,951,16.6719,-707164.3941553177,49309.134464925155
r1_s10000_fast_gtr_findopt500_mean_of_10,961,16.8218,-707134.7424260767,49279.482735680955
r1_s10000_fast_gtr_findopt500_mean_of_10,964,16.8634,-707114.5847557595,49259.32506537307
r1_s10000_fast_gtr_findopt500_mean_of_10,968,16.9198,-707077.1702889024,49221.910598526534
r1_s10000_fast_gtr_findopt500_mean_of_10,978,17.0475,-707030.3947283359,49175.13503798279
r1_s10000_fast_gtr_findopt500_mean_of_10,979,17.0744,-707020.2596892717,49164.99999892396
r1_s10000_fast_gtr_findopt500_mean_of_10,981,17.0961,-707011.909704532,49156.6500141833
r1_s10000_fast_gtr_findopt500_mean_of_10,983,17.1177,-706997.2477938926,49141.98810355003
r1_s10000_fast_gtr_findopt500_mean_of_10,984,17.1314,-706990.8141492751,49135.55445893515
r1_s10000_fast_gtr_findopt500_mean_of_10,985,17.1489,-706977.6515167996,49122.39182645843
r1_s10000_fast_gtr_findopt500_mean_of_10,985,17.1512,-706975.5571841657,49120.29749382329
r1_s10000_fast_gtr_findopt500_mean_of_10,986,17.1655,-706963.9177338623,49108.658043496696
r1_s10000_fast_gtr_findopt500_mean_of_10,988,17.1912,-706943.9760861923,49088.716395788426
r1_s10000_fast_gtr_findopt500_mean_of_10,989,17.2045,-706934.2665292246,49079.006838808345
r1_s10000_fast_gtr_findopt500_mean_of_10,991,17.242,-706910.9134509445,49055.65376052412
r1_s10000_fast_gtr_findopt500_mean_of_10,992,17.2465,-706909.3094468917,49054.04975647109
r1_s10000_fast_gtr_findopt500_mean_of_10,996,17.3031,-706888.8620010602,49033.602310645845
r1_s10000_fast_gtr_findopt500_mean_of_10,1006,17.4469,-706836.6378879655,48981.37819759224
r1_s10000_fast_gtr_findopt500_mean_of_10,1010,17.5034,-706760.3729949857,48905.113304620536
r1_s10000_fast_gtr_findopt500_mean_of_10,1012,17.5264,-706751.1019855832,48895.84229522261
r1_s10000_fast_gtr_findopt500_mean_of_10,1016,17.5843,-706732.7908414204,48877.53115106976
r1_s10000_fast_gtr_findopt500_mean_of_10,1028,17.7576,-706681.8461763983,48826.58648607942
r1_s10000_fast_gtr_findopt500_mean_of_10,1034,17.8337,-706657.3498175369,48802.09012721841
r1_s10000_fast_gtr_findopt500_mean_of_10,1034,17.8353,-706656.6099532482,48801.35026292794
r1_s10000_fast_gtr_findopt500_mean_of_10,1038,17.8889,-706620.6408916025,48765.38120123122
r1_s10000_fast_gtr_findopt500_mean_of_10,1040,17.9146,-706609.3600011577,48754.10031079063
r1_s10000_fast_gtr_findopt500_mean_of_10,1042,17.9453,-706594.7456820069,48739.48599163702
r1_s10000_fast_gtr_findopt500_mean_of_10,1049,18.0413,-706556.0438612693,48700.78417093212
r1_s10000_fast_gtr_findopt500_mean_of_10,1049,18.0529,-706551.8760303541,48696.61634001432
r1_s10000_fast_gtr_findopt500_mean_of_10,1050,18.0646,-706548.0452520379,48692.78556169364
r1_s10000_fast_gtr_findopt500_mean_of_10,1056,18.1424,-706523.1925810516,48667.93289068184
r1_s10000_fast_gtr_findopt500_mean_of_10,1056,18.1454,-706522.0099715396,48666.75028116891
r1_s10000_fast_gtr_findopt500_mean_of_10,1062,18.2272,-706494.7321207856,48639.472430412825
r1_s10000_fast_gtr_findopt500_mean_of_10,1063,18.2407,-706479.7374121329,48624.47772178962
r1_s10000_fast_gtr_findopt500_mean_of_10,1064,18.2608,-706451.4365364754,48596.1768461351
r1_s10000_fast_gtr_findopt500_mean_of_10,1065,18.2738,-706425.0016544381,48569.74196412037
r1_s10000_fast_gtr_findopt500_mean_of_10,1067,18.2974,-706392.5059298748,48537.246239560365
r1_s10000_fast_gtr_findopt500_mean_of_10,1068,18.3084,-706389.1469241818,48533.8872338669
r1_s10000_fast_gtr_findopt500_mean_of_10,1076,18.4208,-706353.1142170451,48497.854526648814
r1_s10000_fast_gtr_findopt500_mean_of_10,1078,18.4502,-706345.2279453705,48489.96825497277
r1_s10000_fast_gtr_findopt500_mean_of_10,1095,18.6907,-706280.8627288955,48425.60303847298
r1_s10000_fast_gtr_findopt500_mean_of_10,1103,18.7971,-706237.0208559878,48381.761165546865
r1_s10000_fast_gtr_findopt500_mean_of_10,1107,18.8517,-706203.9718247361,48348.712134301546
r1_s10000_fast_gtr_findopt500_mean_of_10,1109,18.8845,-706190.7270886472,48335.467398211316
r1_s10000_fast_gtr_findopt500_mean_of_10,1112,18.9285,-706178.725661915,48323.4659714797
r1_s10000_fast_gtr_findopt500_mean_of_10,1114,18.953,-706172.0283783947,48316.76868796
r1_s10000_fast_gtr_findopt500_mean_of_10,1118,19.0011,-706157.9262202975,48302.66652986138
r1_s10000_fast_gtr_findopt500_mean_of_10,1123,19.0762,-706134.1816094194,48278.92191899176
r1_s10000_fast_gtr_findopt500_mean_of_10,1125,19.1075,-706126.4391513971,48271.179460972984
r1_s10000_fast_gtr_findopt500_mean_of_10,1129,19.1656,-706069.8864497042,48214.62675930997
r1_s10000_fast_gtr_findopt500_mean_of_10,1130,19.1756,-706060.751518803,48205.49182841465
r1_s10000_fast_gtr_findopt500_mean_of_10,1131,19.1921,-706046.0306271149,48190.77093673526
r1_s10000_fast_gtr_findopt500_mean_of_10,1132,19.2046,-706043.9941601059,48188.734469728646
r1_s10000_fast_gtr_findopt500_mean_of_10,1145,19.3864,-705988.3905345213,48133.13084416846
r1_s10000_fast_gtr_findopt500_mean_of_10,1165,19.6644,-705943.4650525257,48088.20536227759
r1_s10000_fast_gtr_findopt500_mean_of_10,1168,19.7081,-705937.7085064823,48082.44881624609
r1_s10000_fast_gtr_findopt500_mean_of_10,1169,19.7213,-705936.0302221915,48080.77053195457
r1_s10000_fast_gtr_findopt500_mean_of_10,1175,19.7946,-705922.8300870054,48067.57039677616
r1_s10000_fast_gtr_findopt500_mean_of_10,1177,19.8322,-705915.2592287889,48059.99953856822
r1_s10000_fast_gtr_findopt500_mean_of_10,1181,19.8877,-705901.9538249053,48046.694134692094
r1_s10000_fast_gtr_findopt500_mean_of_10,1186,19.9577,-705891.1000888727,48035.84039865694
r1_s10000_fast_gtr_findopt500_mean_of_10,1188,19.9829,-705854.0700042917,47998.81031403964
r1_s10000_fast_gtr_findopt500_mean_of_10,1188,19.9861,-705849.3669877597,47994.10729750265
r1_s10000_fast_gtr_findopt500_mean_of_10,1190,20.0032,-705846.811805627,47991.55211536759
r1_s10000_fast_gtr_findopt500_mean_of_10,1194,20.0593,-705834.2874645774,47979.027774307535
r1_s10000_fast_gtr_findopt500_mean_of_10,1204,20.1977,-705762.8972727014,47907.63758240264
r1_s10000_fast_gtr_findopt500_mean_of_10,1215,20.3518,-705729.3920145172,47874.13232419594
r1_s10000_fast_gtr_findopt500_mean_of_10,1218,20.4052,-705716.4513128141,47861.19162249958
r1_s10000_fast_gtr_findopt500_mean_of_10,1220,20.4273,-705710.8240780339,47855.56438771763
r1_s10000_fast_gtr_findopt500_mean_of_10,1222,20.4518,-705706.1986331206,47850.93894280195
r1_s10000_fast_gtr_findopt500_mean_of_10,1223,20.4688,-705700.878149888,47845.61845956631
r1_s10000_fast_gtr_findopt500_mean_of_10,1238,20.6801,-705644.199003679,47788.93931333714
r1_s10000_fast_gtr_findopt500_mean_of_10,1240,20.7073,-705635.8042432377,47780.544552889885
r1_s10000_fast_gtr_findopt500_mean_of_10,1241,20.714,-705633.6469037167,47778.38721336716
r1_s10000_fast_gtr_findopt500_mean_of_10,1241,20.7244,-705630.2944581895,47775.034767839585
r1_s10000_fast_gtr_findopt500_mean_of_10,1247,20.7999,-705604.0759386014,47748.816248247465
r1_s10000_fast_gtr_findopt500_mean_of_10,1250,20.8463,-705589.6827170711,47734.42302670431
r1_s10000_fast_gtr_findopt500_mean_of_10,1254,20.8992,-705575.3995002224,47720.139809844135
r1_s10000_fast_gtr_findopt500_mean_of_10,1263,21.0224,-705541.8178240653,47686.55813368761
r1_s10000_fast_gtr_findopt500_mean_of_10,1264,21.0356,-705538.2806847043,47683.02099432845
r1_s10000_fast_gtr_findopt500_mean_of_10,1267,21.0788,-705523.9683720715,47668.70868169937
r1_s10000_fast_gtr_findopt500_mean_of_10,1276,21.2049,-705481.3667459112,47626.10705552652
r1_s10000_fast_gtr_findopt500_mean_of_10,1280,21.2654,-705458.8680112774,47603.60832090215
r1_s10000_fast_gtr_findopt500_mean_of_10,1285,21.3355,-705404.0105427562,47548.75085245619
r1_s10000_fast_gtr_findopt500_mean_of_10,1287,21.3609,-705394.7015325046,47539.44184219475
r1_s10000_fast_gtr_findopt500_mean_of_10,1292,21.4342,-705365.7100731058,47510.450382753144
r1_s10000_fast_gtr_findopt500_mean_of_10,1292,21.4346,-705365.5217795793,47510.262089229174
r1_s10000_fast_gtr_findopt500_mean_of_10,1293,21.4476,-705356.7818569002,47501.52216663198
r1_s10000_fast_gtr_findopt500_mean_of_10,1306,21.6302,-705269.4870348815,47414.22734466863
r1_s10000_fast_gtr_findopt500_mean_of_10,1309,21.667,-705259.4484521744,47404.18876195933
r1_s10000_fast_gtr_findopt500_mean_of_10,1312,21.7139,-705247.0640723608,47391.8043821428
r1_s10000_fast_gtr_findopt500_mean_of_10,1313,21.7177,-705246.1616778623,47390.90198764483
r1_s10000_fast_gtr_findopt500_mean_of_10,1316,21.7697,-705234.4530086016,47379.19331838935
r1_s10000_fast_gtr_findopt500_mean_of_10,1328,21.9244,-705212.1579163477,47356.89822612058
r1_s10000_fast_gtr_findopt500_mean_of_10,1334,22.0094,-705167.5350185384,47312.27532823297
r1_s10000_fast_gtr_findopt500_mean_of_10,1340,22.093,-705161.2599606318,47306.00027031823
r1_s10000_fast_gtr_findopt500_mean_of_10,1341,22.1085,-705156.0883786437,47300.82868832796
r1_s10000_fast_gtr_findopt500_mean_of_10,1342,22.1213,-705151.2934927043,47296.0338023875
r1_s10000_fast_gtr_findopt500_mean_of_10,1346,22.1772,-705144.4643509178,47289.2046605929
r1_s10000_fast_gtr_findopt500_mean_of_10,1366,22.4608,-705109.999307216,47254.73961686849
r1_s10000_fast_gtr_findopt500_mean_of_10,1368,22.486,-705106.9558179213,47251.69612757002
r1_s10000_fast_gtr_findopt500_mean_of_10,1371,22.5226,-705101.8361863265,47246.57649596178
r1_s10000_fast_gtr_findopt500_mean_of_10,1387,22.7563,-705065.5646901182,47210.30499968328
r1_s10000_fast_gtr_findopt500_mean_of_10,1389,22.7737,-705058.670403308,47203.41071287143
r1_s10000_fast_gtr_findopt500_mean_of_10,1394,22.8552,-705025.8752160498,47170.61552559082
r1_s10000_fast_gtr_findopt500_mean_of_10,1395,22.8696,-705020.2234461943,47164.963755758516
r1_s10000_fast_gtr_findopt500_mean_of_10,1402,22.9619,-705006.3438384689,47151.08414798666
r1_s10000_fast_gtr_findopt500_mean_of_10,1403,22.9766,-705004.2803258665,47149.02063537783
r1_s10000_fast_gtr_findopt500_mean_of_10,1411,23.0902,-704978.5042282497,47123.24453774435
r1_s10000_fast_gtr_findopt500_mean_of_10,1416,23.1549,-704969.3363034745,47114.07661294448
r1_s10000_fast_gtr_findopt500_mean_of_10,1417,23.1758,-704966.9497430883,47111.69005255582
r1_s10000_fast_gtr_findopt500_mean_of_10,1418,23.1885,-704964.9265588898,47109.66686835767
r1_s10000_fast_gtr_findopt500_mean_of_10,1419,23.2033,-704962.2838213729,47107.02413084202
r1_s10000_fast_gtr_findopt500_mean_of_10,1420,23.2107,-704960.7832003207,47105.523509791616
r1_s10000_fast_gtr_findopt500_mean_of_10,1421,23.2269,-704956.7214291365,47101.461738612124
r1_s10000_fast_gtr_findopt500_mean_of_10,1436,23.4383,-704894.5994131286,47039.339722661614
r1_s10000_fast_gtr_findopt500_mean_of_10,1444,23.5474,-704865.4766868979,47010.216996473806
r1_s10000_fast_gtr_findopt500_mean_of_10,1447,23.5915,-704855.0620733488,46999.80238293291
r1_s10000_fast_gtr_findopt500_mean_of_10,1450,23.6323,-704841.1422602506,46985.882569839145
r1_s10000_fast_gtr_findopt500_mean_of_10,1460,23.771,-704802.4664043294,46947.2067139197
r1_s10000_fast_gtr_findopt500_mean_of_10,1473,23.9431,-704754.5038469034,46899.244156490226
r1_s10000_fast_gtr_findopt500_mean_of_10,1479,24.0282,-704693.3982099674,46838.13851957913
r1_s10000_fast_gtr_findopt500_mean_of_10,1479,24.039,-704690.9297791764,46835.67008878546
r1_s10000_fast_gtr_findopt500_mean_of_10,1482,24.0816,-704585.8233520972,46730.563661769644
r1_s10000_fast_gtr_findopt500_mean_of_10,1487,24.1442,-704569.8376231355,46714.57793279481
r1_s10000_fast_gtr_findopt500_mean_of_10,1489,24.1711,-704562.7692213549,46707.50953100641
r1_s10000_fast_gtr_findopt500_mean_of_10,1493,24.2309,-704538.1213087883,46682.861618431
r1_s10000_fast_gtr_findopt500_mean_of_10,1503,24.3673,-704486.0337826072,46630.774092219304
r1_s10000_fast_gtr_findopt500_mean_of_10,1503,24.3675,-704485.9504767198,46630.69078633172
r1_s10000_fast_gtr_findopt500_mean_of_10,1505,24.3929,-704475.4002399718,46620.1405495825
r1_s10000_fast_gtr_findopt500_mean_of_10,1505,24.3937,-704475.0250991938,46619.76540880438
r1_s10000_fast_gtr_findopt500_mean_of_10,1528,24.7206,-704298.3470023355,46443.087311933195
r1_s10000_fast_gtr_findopt500_mean_of_10,1532,24.7675,-704275.8100909505,46420.550400546796
r1_s10000_fast_gtr_findopt500_mean_of_10,1534,24.7969,-704261.914044931,46406.65435452857
r1_s10000_fast_gtr_findopt500_mean_of_10,1536,24.8325,-704247.2845539883,46392.02486358875
r1_s10000_fast_gtr_findopt500_mean_of_10,1538,24.8537,-704237.9816555807,46382.721965183635
r1_s10000_fast_gtr_findopt500_mean_of_10,1539,24.8669,-704232.5081539268,46377.24846353022
r1_s10000_fast_gtr_findopt500_mean_of_10,1559,25.1433,-704123.0409903964,46267.78129999488
r1_s10000_fast_gtr_findopt500_mean_of_10,1567,25.2618,-704070.8959694187,46215.63627901954
r1_s10000_fast_gtr_findopt500_mean_of_10,1574,25.3637,-704050.4566604741,46195.196970106495
r1_s10000_fast_gtr_findopt500_mean_of_10,1575,25.377,-704048.5707275495,46193.3110371848
r1_s10000_fast_gtr_findopt500_mean_of_10,1576,25.3837,-704047.2531072656,46191.99341690312
r1_s10000_fast_gtr_findopt500_mean_of_10,1577,25.3998,-704043.9544270055,46188.69473664857
r1_s10000_fast_gtr_findopt500_mean_of_10,1582,25.4742,-704028.4015873818,46173.14189701688
r1_s10000_fast_gtr_findopt500_mean_of_10,1586,25.5236,-704020.3163619245,46165.05667155605
r1_s10000_fast_gtr_findopt500_mean_of_10,1588,25.5528,-704010.0567013075,46154.79701093353
r1_s10000_fast_gtr_findopt500_mean_of_10,1603,25.7602,-703937.9665857854,46082.706895377545
r1_s10000_fast_gtr_findopt500_mean_of_10,1610,25.8549,-703905.2703065454,46050.01061614217
r1_s10000_fast_gtr_findopt500_mean_of_10,1611,25.8813,-703896.2178719944,46040.9581815938
r1_s10000_fast_gtr_findopt500_mean_of_10,1612,25.8869,-703894.3560412026,46039.096350801745
r1_s10000_fast_gtr_findopt500_mean_of_10,1618,25.9766,-703841.7386395333,45986.4789491385
r1_s10000_fast_gtr_findopt500_mean_of_10,1629,26.1288,-703782.219154611,45926.95946423356
r1_s10000_fast_gtr_findopt500_mean_of_10,1638,26.2455,-703768.1036107445,45912.84392035754
r1_s10000_fast_gtr_findopt500_mean_of_10,1641,26.2872,-703763.3431684717,45908.08347807892
r1_s10000_fast_gtr_findopt500_mean_of_10,1649,26.4032,-703755.1956277897,45899.93593739213
r1_s10000_fast_gtr_findopt500_mean_of_10,1663,26.5946,-703734.0696369052,45878.80994648847
r1_s10000_fast_gtr_findopt500_mean_of_10,1669,26.6825,-703722.584760324,45867.3250699028
r1_s10000_fast_gtr_findopt500_mean_of_10,1682,26.8611,-703692.722716482,45837.46302610166
r1_s10000_fast_gtr_findopt500_mean_of_10,1686,26.9229,-703682.1452968376,45826.88560646899
r1_s10000_fast_gtr_findopt500_mean_of_10,1691,26.9892,-703668.6698105594,45813.41012017884
r1_s10000_fast_gtr_findopt500_mean_of_10,1693,27.021,-703659.3681852246,45804.10849483155
r1_s10000_fast_gtr_findopt500_mean_of_10,1700,27.1184,-703622.1923912128,45766.93270080503
r1_s10000_fast_gtr_findopt500_mean_of_10,1709,27.2342,-703595.2332977334,45739.9736073299
r1_s10000_fast_gtr_findopt500_mean_of_10,1715,27.3214,-703579.4311288595,45724.17143847343
r1_s10000_fast_gtr_findopt500_mean_of_10,1730,27.5334,-703559.7877023851,45704.52801198949
r1_s10000_fast_gtr_findopt500_mean_of_10,1735,27.5979,-703554.348301118,45699.088610713035
r1_s10000_fast_gtr_findopt500_mean_of_10,1746,27.7552,-703538.0084111426,45682.74872072616
r1_s10000_fast_gtr_findopt500_mean_of_10,1748,27.7788,-703535.4012124185,45680.141522002625
r1_s10000_fast_gtr_findopt500_mean_of_10,1750,27.8071,-703521.7808481429,45666.52115768747
r1_s10000_fast_gtr_findopt500_mean_of_10,1758,27.9249,-703503.1278262499,45647.86813580319
r1_s10000_fast_gtr_findopt500_mean_of_10,1761,27.9692,-703495.5286602665,45640.268969825884
r1_s10000_fast_gtr_findopt500_mean_of_10,1770,28.0865,-703477.3877132244,45622.128022793615
r1_s10000_fast_gtr_findopt500_mean_of_10,1772,28.1153,-703469.0109106156,45613.75122025819
r1_s10000_fast_gtr_findopt500_mean_of_10,1775,28.1563,-703461.5235796247,45606.2638892725
r1_s10000_fast_gtr_findopt500_mean_of_10,1780,28.2268,-703450.0363385251,45594.776648176965
r1_s10000_fast_gtr_findopt500_mean_of_10,1784,28.2815,-703442.3050314228,45587.04534107138
r1_s10000_fast_gtr_findopt500_mean_of_10,1796,28.4505,-703425.8624099437,45570.60271957177
r1_s10000_fast_gtr_findopt500_mean_of_10,1796,28.4585,-703424.7314316332,45569.47174126107
r1_s10000_fast_gtr_findopt500_mean_of_10,1797,28.464,-703423.8053419422,45568.545651570115
r1_s10000_fast_gtr_findopt500_mean_of_10,1811,28.6561,-703388.6263436993,45533.366653377285
r1_s10000_fast_gtr_findopt500_mean_of_10,1811,28.665,-703387.0895772965,45531.829886969725
r1_s10000_fast_gtr_findopt500_mean_of_10,1813,28.6839,-703383.6437823359,45528.38409199946
r1_s10000_fast_gtr_findopt500_mean_of_10,1817,28.7448,-703371.8654164138,45516.60572604104
r1_s10000_fast_gtr_findopt500_mean_of_10,1818,28.7552,-703369.4617977302,45514.20210734865
r1_s10000_fast_gtr_findopt500_mean_of_10,1818,28.7592,-703368.4898192418,45513.23012886037
r1_s10000_fast_gtr_findopt500_mean_of_10,1842,29.0937,-703303.4004656189,45448.1407752408
r1_s10000_fast_gtr_findopt500_mean_of_10,1857,29.2937,-703268.9365457764,45413.67685539079
r1_s10000_fast_gtr_findopt500_mean_of_10,1860,29.3358,-703237.7068480004,45382.4471575835
r1_s10000_fast_gtr_findopt500_mean_of_10,1863,29.3822,-703221.074958986,45365.815268572565
r1_s10000_fast_gtr_findopt500_mean_of_10,1864,29.4018,-703214.4619598615,45359.20226944957
r1_s10000_fast_gtr_findopt500_mean_of_10,1881,29.627,-703135.5052504402,45280.24556006121
r1_s10000_fast_gtr_findopt500_mean_of_10,1890,29.7624,-703113.9876075401,45258.72791716872
r1_s10000_fast_gtr_findopt500_mean_of_10,1897,29.8493,-703100.8363915032,45245.57670111602
r1_s10000_fast_gtr_findopt500_mean_of_10,1899,29.8886,-703095.1478394814,45239.888149089034
r1_s10000_fast_gtr_findopt500_mean_of_10,1916,30.12,-703061.8242537712,45206.56456341701
r1_s10000_fast_gtr_findopt500_mean_of_10,1926,30.2532,-703045.3423537986,45190.08266346719
r1_s10000_fast_gtr_findopt500_mean_of_10,1937,30.4132,-703008.6600054273,45153.40031512004
r1_s10000_fast_gtr_findopt500_mean_of_10,1947,30.5442,-702978.7545522184,45123.49486193095
r1_s10000_fast_gtr_findopt500_mean_of_10,1948,30.5701,-702972.1828449427,45116.923154655386
r1_s10000_fast_gtr_findopt500_mean_of_10,1950,30.594,-702966.3380299121,45111.07833962591
r1_s10000_fast_gtr_findopt500_mean_of_10,1966,30.817,-702916.1894548686,45060.92976452648
r1_s10000_fast_gtr_findopt500_mean_of_10,1972,30.897,-702877.5341820777,45022.274491778764
r1_s10000_fast_gtr_findopt500_mean_of_10,1977,30.9711,-702841.2929839005,44986.03329364063
r1_s10000_fast_gtr_findopt500_mean_of_10,1981,31.016,-702830.7543794621,44975.49468920074
r1_s10000_fast_gtr_findopt500_mean_of_10,1984,31.0582,-702825.7488623832,44970.48917210977
r1_s10000_fast_gtr_findopt500_mean_of_10,1992,31.1725,-702813.539796266,44958.280105986116
r1_s10000_fast_gtr_findopt500_mean_of_10,1994,31.1963,-702811.0278165669,44955.768126286166
r1_s10000_fast_gtr_findopt500_mean_of_10,1995,31.2223,-702807.8648702836,44952.605180013226
r1_s10000_fast_gtr_findopt500_mean_of_10,1998,31.255,-702801.8969094295,44946.63721917452
r1_s10000_fast_gtr_findopt500_mean_of_10,2007,31.3775,-702778.2175687196,44922.95787850553
r1_s10000_fast_gtr_findopt500_mean_of_10,2016,31.5044,-702759.3102503058,44904.05056008741
r1_s10000_fast_gtr_findopt500_mean_of_10,2019,31.5519,-702752.1905845131,44896.930894293444
r1_s10000_fast_gtr_findopt500_mean_of_10,2022,31.5874,-702743.237651437,44887.97796121503
r1_s10000_fast_gtr_findopt500_mean_of_10,2034,31.7508,-702700.7149283433,44845.455238093375
r1_s10000_fast_gtr_findopt500_mean_of_10,2036,31.7895,-702687.1870755439,44831.92738528225
r1_s10000_fast_gtr_findopt500_mean_of_10,2037,31.7954,-702685.0734440399,44829.813753776296
r1_s10000_fast_gtr_findopt500_mean_of_10,2043,31.8771,-702659.6639768401,44804.4042865468
r1_s10000_fast_gtr_findopt500_mean_of_10,2045,31.9033,-702651.5201499031,44796.260459603174
r1_s10000_fast_gtr_findopt500_mean_of_10,2052,32.0018,-702622.3412974484,44767.0816071336
r1_s10000_fast_gtr_findopt500_mean_of_10,2062,32.1374,-702594.5130224361,44739.253332118555
r1_s10000_fast_gtr_findopt500_mean_of_10,2066,32.1994,-702582.67279242,44727.41310210331
r1_s10000_fast_gtr_findopt500_mean_of_10,2076,32.3327,-702556.8908386255,44701.63114829324
r1_s10000_fast_gtr_findopt500_mean_of_10,2095,32.6074,-702505.5262101761,44650.266519817036
r1_s10000_fast_gtr_findopt500_mean_of_10,2099,32.6601,-702482.3343426363,44627.07465227284
r1_s10000_fast_gtr_findopt500_mean_of_10,2102,32.6912,-702467.1031831501,44611.843492779626
r1_s10000_fast_gtr_findopt500_mean_of_10,2102,32.7006,-702464.8144799678,44609.554789595255
r1_s10000_fast_gtr_findopt500_mean_of_10,2113,32.8464,-702428.3543486968,44573.09465835469
r1_s10000_fast_gtr_findopt500_mean_of_10,2115,32.874,-702420.4683811569,44565.20869078021
r1_s10000_fast_gtr_findopt500_mean_of_10,2133,33.1238,-702353.1791810476,44497.91949071539
r1_s10000_fast_gtr_findopt500_mean_of_10,2158,33.4738,-702279.351362101,44424.09167175824
r1_s10000_fast_gtr_findopt500_mean_of_10,2161,33.5121,-702270.7359035865,44415.47621324435
r1_s10000_fast_gtr_findopt500_mean_of_10,2165,33.5749,-702220.4459033884,44365.18621301149
r1_s10000_fast_gtr_findopt500_mean_of_10,2169,33.6235,-702177.235076683,44321.97538628301
r1_s10000_fast_gtr_findopt500_mean_of_10,2171,33.65,-702156.1717734997,44300.91208308692
r1_s10000_fast_gtr_findopt500_mean_of_10,2190,33.9232,-702099.6322197614,44244.372529378365
r1_s10000_fast_gtr_findopt500_mean_of_10,2210,34.1995,-702045.0707400526,44189.8110497092
r1_s10000_fast_gtr_findopt500_mean_of_10,2212,34.2194,-702041.1248426589,44185.865152317296
r1_s10000_fast_gtr_findopt500_mean_of_10,2214,34.2477,-702035.0923213284,44179.83263098674
r1_s10000_fast_gtr_findopt500_mean_of_10,2216,34.2758,-702029.1704469647,44173.91075668158
r1_s10000_fast_gtr_findopt500_mean_of_10,2220,34.3266,-702023.1872132638,44167.927522974715
r1_s10000_fast_gtr_findopt500_mean_of_10,2222,34.3574,-702017.7107036167,44162.45101332029
r1_s10000_fast_gtr_findopt500_mean_of_10,2237,34.5739,-701969.695345016,44114.43565466716
r1_s10000_fast_gtr_findopt500_mean_of_10,2241,34.6214,-701959.3403499309,44104.080659568004
r1_s10000_fast_gtr_findopt500_mean_of_10,2243,34.6448,-701954.9356004733,44099.67591010414
r1_s10000_fast_gtr_findopt500_mean_of_10,2260,34.8796,-701901.3425262325,44046.0828358142
r1_s10000_fast_gtr_findopt500_mean_of_10,2262,34.9082,-701893.8898141276,44038.630123703224
r1_s10000_fast_gtr_findopt500_mean_of_10,2266,34.9701,-701881.5611141024,44026.30142367272
r1_s10000_fast_gtr_findopt500_mean_of_10,2273,35.0684,-701811.4183490501,43956.15865861888
r1_s10000_fast_gtr_findopt500_mean_of_10,2280,35.1637,-701792.4912715435,43937.23158111951
r1_s10000_fast_gtr_findopt500_mean_of_10,2305,35.5131,-701728.3730113378,43873.113321000405
r1_s10000_fast_gtr_findopt500_mean_of_10,2308,35.5507,-701721.2887403705,43866.02905003448
r1_s10000_fast_gtr_findopt500_mean_of_10,2313,35.6158,-701705.6668532684,43850.407162927615
r1_s10000_fast_gtr_findopt500_mean_of_10,2313,35.6191,-701704.841679999,43849.58198965799
r1_s10000_fast_gtr_findopt500_mean_of_10,2315,35.6502,-701696.995168078,43841.73547772962
r1_s10000_fast_gtr_findopt500_mean_of_10,2335,35.9207,-701614.3370465029,43759.07735613313
r1_s10000_fast_gtr_findopt500_mean_of_10,2335,35.9278,-701612.1039695947,43756.84427922424
r1_s10000_fast_gtr_findopt500_mean_of_10,2344,36.05,-701582.416452432,43727.15676203631
r1_s10000_fast_gtr_findopt500_mean_of_10,2351,36.1488,-701560.3290719993,43705.06938157839
r1_s10000_fast_gtr_findopt500_mean_of_10,2351,36.1548,-701558.381888957,43703.12219853493
r1_s10000_fast_gtr_findopt500_mean_of_10,2353,36.1698,-701553.43469062,43698.17500019456
r1_s10000_fast_gtr_findopt500_mean_of_10,2369,36.3978,-701463.694255695,43608.43456528465
r1_s10000_fast_gtr_findopt500_mean_of_10,2374,36.4664,-701437.8427935916,43582.58310318907
r1_s10000_fast_gtr_findopt500_mean_of_10,2374,36.4709,-701436.1798843847,43580.92019398316
r1_s10000_fast_gtr_findopt500_mean_of_10,2381,36.5581,-701412.3670620462,43557.10737165049
r1_s10000_fast_gtr_findopt500_mean_of_10,2391,36.7099,-701389.5425423398,43534.28285189938
r1_s10000_fast_gtr_findopt500_mean_of_10,2392,36.7237,-701386.0515352701,43530.79184482913
r1_s10000_fast_gtr_findopt500_mean_of_10,2405,36.9044,-701342.614620331,43487.354929916095
r1_s10000_fast_gtr_findopt500_mean_of_10,2419,37.0869,-701320.3955855754,43465.135895138956
r1_s10000_fast_gtr_findopt500_mean_of_10,2419,37.0897,-701320.0898876913,43464.83019725486
r1_s10000_fast_gtr_findopt500_mean_of_10,2425,37.1777,-701310.5157460012,43455.256055564
r1_s10000_fast_gtr_findopt500_mean_of_10,2427,37.2058,-701302.3595470121,43447.09985659505
r1_s10000_fast_gtr_findopt500_mean_of_10,2444,37.4422,-701275.0871351601,43419.82744473838
r1_s10000_fast_gtr_findopt500_mean_of_10,2468,37.7671,-701238.9552519672,43383.69556154819
r1_s10000_fast_gtr_findopt500_mean_of_10,2478,37.9128,-701225.6751632316,43370.41547281106
r1_s10000_fast_gtr_findopt500_mean_of_10,2484,38.0015,-701217.4257575613,43362.16606715137
r1_s10000_fast_gtr_findopt500_mean_of_10,2507,38.3179,-701190.5488971716,43335.28920680672
r1_s10000_fast_gtr_findopt500_mean_of_10,2508,38.332,-701168.7448205253,43313.4851301907
r1_s10000_fast_gtr_findopt500_mean_of_10,2543,38.8156,-701126.6486828737,43271.38899254838
r1_s10000_fast_gtr_findopt500_mean_of_10,2575,39.2621,-701070.7780787892,43215.51838846634
r1_s10000_fast_gtr_findopt500_mean_of_10,2580,39.3343,-701063.3198740047,43208.06018367876
r1_s10000_fast_gtr_findopt500_mean_of_10,2588,39.446,-701050.3544003287,43195.09471000418
r1_s10000_fast_gtr_findopt500_mean_of_10,2596,39.5477,-701035.1652671589,43179.90557683989
r1_s10000_fast_gtr_findopt500_mean_of_10,2598,39.5752,-701032.2496099316,43176.98991961419
r1_s10000_fast_gtr_findopt500_mean_of_10,2611,39.7555,-701013.705907101,43158.44621675463
r1_s10000_fast_gtr_findopt500_mean_of_10,2637,40.1231,-700973.2378037749,43117.97811344982
r1_s10000_fast_gtr_findopt500_mean_of_10,2645,40.2297,-700961.1522264202,43105.8925360955
r1_s10000_fast_gtr_findopt500_mean_of_10,2661,40.4543,-700939.2608209341,43084.0011305961
r1_s10000_fast_gtr_findopt500_mean_of_10,2682,40.7448,-700925.0576521617,43069.79796176082
r1_s10000_fast_gtr_findopt500_mean_of_10,2696,40.9476,-700915.139458262,43059.87976784886
r1_s10000_fast_gtr_findopt500_mean_of_10,2699,40.9882,-700909.9082717935,43054.64858130782
r1_s10000_fast_gtr_findopt500_mean_of_10,2710,41.1415,-700901.8140865348,43046.5543960393
r1_s10000_fast_gtr_findopt500_mean_of_10,2711,41.1596,-700900.844407121,43045.584716624326
r1_s10000_fast_gtr_findopt500_mean_of_10,2717,41.2331,-700892.6431106667,43037.38342017184
r1_s10000_fast_gtr_findopt500_mean_of_10,2737,41.5175,-700861.5485572899,43006.288866772826
r1_s10000_fast_gtr_findopt500_mean_of_10,2749,41.6755,-700843.5477205351,42988.28803001289
r1_s10000_fast_gtr_findopt500_mean_of_10,2754,41.7477,-700834.420256191,42979.16056567613
r1_s10000_fast_gtr_findopt500_mean_of_10,2774,42.0289,-700769.5005991685,42914.240908740416
r1_s10000_fast_gtr_findopt500_mean_of_10,2788,42.2284,-700742.6338459982,42887.37415556736
r1_s10000_fast_gtr_findopt500_mean_of_10,2797,42.3524,-700721.3038344661,42866.04414403712
r1_s10000_fast_gtr_findopt500_mean_of_10,2798,42.3645,-700720.1220799333,42864.86238950349
r1_s10000_fast_gtr_findopt500_mean_of_10,2814,42.5804,-700698.6245026783,42843.364812224136
r1_s10000_fast_gtr_findopt500_mean_of_10,2814,42.5888,-700697.2757389235,42842.01604846845
r1_s10000_fast_gtr_findopt500_mean_of_10,2830,42.8039,-700662.1672897019,42806.90759923519
r1_s10000_fast_gtr_findopt500_mean_of_10,2858,43.1951,-700623.7550488431,42768.49535839425
r1_s10000_fast_gtr_findopt500_mean_of_10,2867,43.327,-700611.3185214044,42756.058830967224
r1_s10000_fast_gtr_findopt500_mean_of_10,2885,43.5661,-700589.4170574769,42734.15736706088
r1_s10000_fast_gtr_findopt500_mean_of_10,2890,43.6466,-700583.0858982977,42727.826207882696
r1_s10000_fast_gtr_findopt500_mean_of_10,2903,43.8141,-700570.03088643,42714.77119607232
r1_s10000_fast_gtr_findopt500_mean_of_10,2904,43.8295,-700568.6860999354,42713.42640958259
r1_s10000_fast_gtr_findopt500_mean_of_10,2917,44.0167,-700551.7517258017,42696.49203542292
r1_s10000_fast_gtr_findopt500_mean_of_10,2948,44.4445,-700530.527575759,42675.26788531286
r1_s10000_fast_gtr_findopt500_mean_of_10,2952,44.5034,-700527.531759701,42672.272069252154
r1_s10000_fast_gtr_findopt500_mean_of_10,2971,44.7636,-700514.2175917751,42658.95790134897
r1_s10000_fast_gtr_findopt500_mean_of_10,2976,44.8348,-700510.5639730913,42655.30428267206
r1_s10000_fast_gtr_findopt500_mean_of_10,2982,44.924,-700506.5343968857,42651.27470647964
r1_s10000_fast_gtr_findopt500_mean_of_10,3000,45.1713,-700498.3543681523,42643.09467778378
r1_s10000_fast_gtr_findopt500_mean_of_10,3111,46.7178,-700446.0468118396,42590.78712151673
r1_s10000_fast_gtr_findopt500_mean_of_10,3121,46.8592,-700440.2232238338,42584.96353351166
r1_s10000_fast_gtr_findopt500_mean_of_10,3184,47.7228,-700403.951107525,42548.69141719323
r1_s10000_fast_gtr_findopt500_mean_of_10,3214,48.151,-700385.3325614933,42530.07287116646
r1_s10000_fast_gtr_findopt500_mean_of_10,3225,48.3012,-700379.451363202,42524.191672879024
r1_s10000_fast_gtr_findopt500_mean_of_10,3231,48.3855,-700374.9243508729,42519.66466052328
r1_s10000_fast_gtr_findopt500_mean_of_10,3233,48.4159,-700373.6015009641,42518.34181061569
r1_s10000_fast_gtr_findopt500_mean_of_10,3258,48.7612,-700358.5741784854,42503.3144881554
r1_s10000_fast_gtr_findopt500_mean_of_10,3262,48.813,-700356.9836605217,42501.723970192186
r1_s10000_fast_gtr_findopt500_mean_of_10,3271,48.9376,-700353.7311199872,42498.47142966041
r1_s10000_fast_gtr_findopt500_mean_of_10,3273,48.9658,-700351.7132198978,42496.453529511404
r1_s10000_fast_gtr_findopt500_mean_of_10,3299,49.3323,-700340.6396457073,42485.37995536223
r1_s10000_fast_gtr_findopt500_mean_of_10,3305,49.4123,-700338.4921198089,42483.23242947382
r1_s10000_fast_gtr_findopt500_mean_of_10,3317,49.5749,-700333.5587022336,42478.29901192059
r1_s10000_fast_gtr_findopt500_mean_of_10,3340,49.903,-700306.4741687512,42451.214478453505
r1_s10000_fast_gtr_findopt500_mean_of_10,3343,49.9446,-700302.4065176852,42447.14682738857
r1_s10000_fast_gtr_findopt500_mean_of_10,3419,51.0032,-700197.143465909,42341.88377563619
r1_s10000_fast_gtr_findopt500_mean_of_10,3447,51.3834,-700161.4343361838,42306.1746459265
r1_s10000_fast_gtr_findopt500_mean_of_10,3454,51.4827,-700142.3327965972,42287.07310632614
r1_s10000_fast_gtr_findopt500_mean_of_10,3459,51.5562,-700128.4820110067,42273.222320724955
r1_s10000_fast_gtr_findopt500_mean_of_10,3464,51.6198,-700119.8600236645,42264.60033336895
r1_s10000_fast_gtr_findopt500_mean_of_10,3478,51.815,-700106.7364792251,42251.47678888983
r1_s10000_fast_gtr_findopt500_mean_of_10,3505,52.1999,-700094.7778920659,42239.518201742576
r1_s10000_fast_gtr_findopt500_mean_of_10,3517,52.3668,-700089.8502838862,42234.59059357671
r1_s10000_fast_gtr_findopt500_mean_of_10,3540,52.6875,-700080.5759251653,42225.316234826314
r1_s10000_fast_gtr_findopt500_mean_of_10,3549,52.814,-700076.9571356259,42221.697445263584
r1_s10000_fast_gtr_findopt500_mean_of_10,3611,53.6762,-700064.7416289207,42209.48193857685
r1_s10000_fast_gtr_findopt500_mean_of_10,3619,53.7786,-700063.254361918,42207.99467157592
r1_s10000_fast_gtr_findopt500_mean_of_10,3631,53.9536,-700060.5483611992,42205.28867085501
r1_s10000_fast_gtr_findopt500_mean_of_10,3652,54.2481,-700009.740190129,42154.48049975123
r1_s10000_fast_gtr_findopt500_mean_of_10,3739,55.4512,-699989.943136159,42134.68344578153
r1_s10000_fast_gtr_findopt500_mean_of_10,3742,55.5067,-699968.8023085966,42113.54261818767
r1_s10000_fast_gtr_findopt500_mean_of_10,3784,56.0833,-699958.2498121423,42102.99012171931
r1_s10000_fast_gtr_findopt500_mean_of_10,3852,57.0302,-699931.6268094426,42076.36711899862
r1_s10000_fast_gtr_findopt500_mean_of_10,3883,57.4636,-699918.4141960203,42063.1545055844
r1_s10000_fast_gtr_findopt500_mean_of_10,3931,58.1308,-699899.3409585126,42044.08126805867
r1_s10000_fast_gtr_findopt500_mean_of_10,3935,58.1968,-699897.5855122434,42042.32582178854
r1_s10000_fast_gtr_findopt500_mean_of_10,3946,58.3456,-699894.5028879575,42039.243197503056
r1_s10000_fast_gtr_findopt500_mean_of_10,3946,58.3491,-699894.4453662232,42039.185675768735
r1_s10000_fast_gtr_findopt500_mean_of_10,4034,59.5739,-699871.315785452,42016.05609497361
r1_s10000_fast_gtr_findopt500_mean_of_10,4047,59.7595,-699866.672209884,42011.41251940931
r1_s10000_fast_gtr_findopt500_mean_of_10,4054,59.8436,-699864.7430944821,42009.483404009516
r1_s10000_fast_gtr_findopt500_mean_of_10,4087,60.3166,-699853.6425419633,41998.38285150275
r1_s10000_fast_gtr_findopt500_mean_of_10,4109,60.6123,-699847.3031396511,41992.04344919619
r1_s10000_fast_gtr_findopt500_mean_of_10,4132,60.9371,-699834.8038489163,41979.544158451004
r1_s10000_fast_gtr_findopt500_mean_of_10,4151,61.2031,-699822.9059273639,41967.64623688701
r1_s10000_fast_gtr_findopt500_mean_of_10,4234,62.3661,-699793.5927989094,41938.33310846087
r1_s10000_fast_gtr_findopt500_mean_of_10,4263,62.7636,-699774.6734429657,41919.413752510045
r1_s10000_fast_gtr_findopt500_mean_of_10,4279,62.9924,-699768.5980654269,41913.33837497678
r1_s10000_fast_gtr_findopt500_mean_of_10,4390,64.5388,-699740.0171875424,41884.75749715174
r1_s10000_fast_gtr_findopt500_mean_of_10,4417,64.9196,-699681.3576453064,41826.09795485397
r1_s10000_fast_gtr_findopt500_mean_of_10,4437,65.1999,-699674.6164438206,41819.35675339082
r1_s10000_fast_gtr_findopt500_mean_of_10,4502,66.1031,-699656.5413839294,41801.281693556506
r1_s10000_fast_gtr_findopt500_mean_of_10,4534,66.5541,-699650.5630900657,41795.303399689365
r1_s10000_fast_gtr_findopt500_mean_of_10,4543,66.6824,-699628.221249778,41772.961559359996
r1_s10000_fast_gtr_findopt500_mean_of_10,4628,67.8666,-699619.8441533328,41764.58446291192
r1_s10000_fast_gtr_findopt500_mean_of_10,4638,68.0112,-699611.4368182166,41756.17712776701
r1_s10000_fast_gtr_findopt500_mean_of_10,4639,68.0157,-699611.4008317325,41756.14114128306
r1_s10000_fast_gtr_findopt500_mean_of_10,4703,68.9184,-699601.2580657223,41745.998375333744
r1_s10000_fast_gtr_findopt500_mean_of_10,4742,69.4614,-699596.8180254889,41741.558335123715
r1_s10000_fast_gtr_findopt500_mean_of_10,4786,70.0837,-699591.5464491751,41736.28675882567
r1_s10000_fast_gtr_findopt500_mean_of_10,4839,70.8187,-699579.155328053,41723.89563772109
r1_s10000_fast_gtr_findopt500_mean_of_10,4854,71.023,-699575.4819813455,41720.22229101852
r1_s10000_fast_gtr_findopt500_mean_of_10,4939,72.2128,-699534.4056034762,41679.14591320378
r1_s10000_fast_gtr_findopt500_mean_of_10,4953,72.4119,-699527.0727525342,41671.81306226719
r1_s10000_fast_gtr_findopt500_mean_of_10,4957,72.4678,-699523.3299106291,41668.07022035683
r1_s10000_fast_gtr_findopt500_mean_of_10,4958,72.4889,-699521.9306860843,41666.67099581034
r1_s10000_fast_gtr_findopt500_mean_of_10,4986,72.8835,-699495.8737270464,41640.61403674858
r1_s10000_fast_gtr_findopt500_mean_of_10,4999,73.0611,-699487.0987999752,41631.83910966279
r1_s10000_fast_gtr_findopt500_mean_of_10,5001,73.0816,-699486.8969226413,41631.63723232939
r1_s10000_fast_gtr_findopt500_mean_of_10,5063,73.9538,-699477.8474585386,41622.58776819356
r1_s10000_fast_gtr_findopt500_mean_of_10,5069,74.03,-699476.9928165479,41621.73312619951
r1_s10000_fast_gtr_findopt500_mean_of_10,5074,74.1123,-699476.0906949168,41620.83100456801
r1_s10000_fast_gtr_findopt500_mean_of_10,5119,74.7315,-699469.6960958999,41614.436405544344
r1_s10000_fast_gtr_findopt500_mean_of_10,5168,75.4201,-699460.8011633726,41605.54147299578
r1_s10000_fast_gtr_findopt500_mean_of_10,5169,75.4311,-699460.6874982575,41605.42780788045
r1_s10000_fast_gtr_findopt500_mean_of_10,5221,76.153,-699453.1878105467,41597.928120174845
r1_s10000_fast_gtr_findopt500_mean_of_10,5224,76.1929,-699452.7817985147,41597.522108143814
r1_s10000_fast_gtr_findopt500_mean_of_10,5317,77.4884,-699438.3868004486,41583.12711010167
r1_s10000_fast_gtr_findopt500_mean_of_10,5346,77.892,-699433.9318715332,41578.672181177375
r1_s10000_fast_gtr_findopt500_mean_of_10,5361,78.1017,-699423.0575382223,41567.79784791236
r1_s10000_fast_gtr_findopt500_mean_of_10,5417,78.8939,-699414.9198059707,41559.66011564477
r1_s10000_fast_gtr_findopt500_mean_of_10,5496,79.9918,-699404.752550449,41549.49286010603
r1_s10000_fast_gtr_findopt500_mean_of_10,5524,80.3769,-699399.7583983378,41544.49870799602
r1_s10000_fast_gtr_findopt500_mean_of_10,5532,80.489,-699397.6961006719,41542.436410330396
r1_s10000_fast_gtr_findopt500_mean_of_10,5545,80.6678,-699395.5757512454,41540.316060903046
r1_s10000_fast_gtr_findopt500_mean_of_10,5649,82.1241,-699379.4936627797,41524.23397243552
r1_s10000_fast_gtr_findopt500_mean_of_10,5700,82.8292,-699373.2532997804,41517.993609443554
r1_s10000_fast_gtr_findopt500_mean_of_10,5710,82.9786,-699372.6913088027,41517.43161846574
r1_s10000_fast_gtr_findopt500_mean_of_10,5856,85.0075,-699365.3812865232,41510.121596196164
r1_s10000_fast_gtr_findopt500_mean_of_10,5911,85.7778,-699362.4510296922,41507.19133937486
r1_s10000_fast_gtr_findopt500_mean_of_10,5984,86.805,-699357.7778770206,41502.51818665948
r1_s10000_fast_gtr_findopt500_mean_of_10,6100,88.4278,-699350.2250053333,41494.965314994726
r1_s10000_fast_gtr_findopt500_mean_of_10,6186,89.627,-699339.2951334983,41484.03544324891
r1_s10000_fast_gtr_findopt500_mean_of_10,6187,89.6411,-699339.2418311688,41483.98214091963
r1_s10000_fast_gtr_findopt500_mean_of_10,6301,91.2364,-699328.1213561378,41472.86166586533
r1_s10000_fast_gtr_findopt500_mean_of_10,6340,91.7892,-699324.2186792339,41468.95898895601
r1_s10000_fast_gtr_findopt500_mean_of_10,6382,92.3667,-699322.53367349,41467.273983204825
r1_s10000_fast_gtr_findopt500_mean_of_10,6456,93.4125,-699319.3905189775,41464.13082867246
r1_s10000_fast_gtr_findopt500_mean_of_10,6559,94.8461,-699308.0597174889,41452.80002719445
r1_s10000_fast_gtr_findopt500_mean_of_10,6564,94.9244,-699307.3887101843,41452.12901989026
r1_s10000_fast_gtr_findopt500_mean_of_10,6642,96.0065,-699298.750574608,41443.490884308834
r1_s10000_fast_gtr_findopt500_mean_of_10,6661,96.2763,-699296.3396880088,41441.079997709836
r1_s10000_fast_gtr_findopt500_mean_of_10,6725,97.1698,-699292.9176769905,41437.65798667817
r1_s10000_fast_gtr_findopt500_mean_of_10,6794,98.1439,-699281.9798551308,41426.72016483698
r1_s10000_fast_gtr_findopt500_mean_of_10,6930,100.042,-699226.8460378193,41371.58634750238
r1_s10000_fast_gtr_findopt500_mean_of_10,7278,104.906,-699214.3504692549,41359.09077890994
r1_s10000_fast_gtr_findopt500_mean_of_10,7511,108.16,-699206.3437957624,41351.084105440874
r1_s10000_fast_gtr_findopt500_mean_of_10,7560,108.838,-699204.9593226856,41349.69963237285
r1_s10000_fast_gtr_findopt500_mean_of_10,7652,110.136,-699202.8609468121,41347.60125652409
r1_s10000_fast_gtr_findopt500_mean_of_10,7683,110.564,-699202.2176585301,41346.95796824929
r1_s10000_fast_gtr_findopt500_mean_of_10,7742,111.397,-699200.9631819942,41345.70349172012
r1_s10000_fast_gtr_findopt500_mean_of_10,7783,111.962,-699200.1484463754,41344.88875610418
r1_s10000_fast_gtr_findopt500_mean_of_10,7797,112.155,-699199.884292673,41344.62460240269
r1_s10000_fast_gtr_findopt500_mean_of_10,8177,117.485,-699196.2587793749,41340.99908909905
r1_s10000_fast_gtr_findopt500_mean_of_10,8191,117.683,-699195.1075512882,41339.847861012604
r1_s10000_fast_gtr_findopt500_mean_of_10,8281,118.941,-699194.2700016581,41339.010311383565
r1_s10000_fast_gtr_findopt500_mean_of_10,9214,132.014,-699191.7829531,41336.5232628
r1_s10000_fast_gtr_findopt500_mean_of_10,9367,134.168,-699187.5492804,41332.289590140004
r1_s10000_fast_gtr_findopt500_mean_of_10,9427,135.002,-699146.0096678,41290.74997754001
r1_s10000_fast_gtr_findopt500_mean_of_10,9779,139.941,-699142.795403,41287.53571273
r1_s10000_fast_gtr_findopt500_mean_of_10,9900,141.628,-699142.795403,41287.53571273
r1_s10000_fast_gtr_findopt500_mean_of_10,9889,141.632,-699038.0077608889,41182.74807061112
r1_s10000_fast_gtr_findopt500_mean_of_10,9875,141.634,-699010.116837125,41154.8571468125
r1_s10000_fast_gtr_findopt500_mean_of_10,9882,141.983,-698810.8819718572,40955.62228158571
r1_s10000_fast_gtr_findopt500_mean_of_10,9953,143.258,-698870.5611593333,41015.301469
r1_s10000_fast_gtr_findopt500_mean_of_10,9979,143.752,-698490.935571,40635.67588068
r1_s10000_fast_gtr_findopt500_mean_of_10,9979,143.827,-698461.34184075,40606.082150475
r1_s10000_fast_gtr_findopt500_mean_of_10,9984,144.003,-698371.018516,40515.7588257
r1_s10000_fast_gtr_findopt500_mean_of_10,9981,144.072,-698226.78343,40371.5237397
r1_s10000_fast_gtr_findopt500_mean_of_10,10000,144.605,-697508.369582,39653.109892
