run_id,candidates,time_elapsed,logL,true_minus_current
20260805-205046_r10_s10000_fast_gtr_findopt500,0,3.37973,-722502.707262,64647.4475715
20260805-205046_r10_s10000_fast_gtr_findopt500,15,3.59008,-722427.228316,64571.9686252
20260805-205046_r10_s10000_fast_gtr_findopt500,41,3.95485,-722346.183249,64490.9235591
20260805-205046_r10_s10000_fast_gtr_findopt500,48,4.052,-722141.275888,64286.0161972
20260805-205046_r10_s10000_fast_gtr_findopt500,54,4.13647,-722132.950221,64277.6905306
20260805-205046_r10_s10000_fast_gtr_findopt500,76,4.44603,-721624.770449,63769.5107588
20260805-205046_r10_s10000_fast_gtr_findopt500,83,4.54372,-719852.729833,61997.4701425
20260805-205046_r10_s10000_fast_gtr_findopt500,89,4.62812,-719515.331032,61660.0713417
20260805-205046_r10_s10000_fast_gtr_findopt500,107,4.88057,-719145.411591,61290.151901
20260805-205046_r10_s10000_fast_gtr_findopt500,178,5.87291,-718451.770209,60596.510519
20260805-205046_r10_s10000_fast_gtr_findopt500,180,5.9004,-718383.360946,60528.101256
20260805-205046_r10_s10000_fast_gtr_findopt500,209,6.30631,-718336.361506,60481.1018159
20260805-205046_r10_s10000_fast_gtr_findopt500,214,6.37697,-717684.990987,59829.7312969
20260805-205046_r10_s10000_fast_gtr_findopt500,220,6.46087,-716310.709257,58455.4495664
20260805-205046_r10_s10000_fast_gtr_findopt500,256,6.96871,-716169.862665,58314.6029744
20260805-205046_r10_s10000_fast_gtr_findopt500,263,7.06695,-715849.42577,57994.1660797
20260805-205046_r10_s10000_fast_gtr_findopt500,268,7.13756,-715680.992501,57825.7328107
20260805-205046_r10_s10000_fast_gtr_findopt500,311,7.74261,-715638.175522,57782.9158317
20260805-205046_r10_s10000_fast_gtr_findopt500,317,7.82773,-715478.561389,57623.3016981
20260805-205046_r10_s10000_fast_gtr_findopt500,321,7.88442,-714882.309624,57027.049934
20260805-205046_r10_s10000_fast_gtr_findopt500,332,8.04016,-714769.578185,56914.3184942
20260805-205046_r10_s10000_fast_gtr_findopt500,358,8.40723,-714553.112828,56697.8531372
20260805-205046_r10_s10000_fast_gtr_findopt500,389,8.84523,-714448.025995,56592.7663046
20260805-205046_r10_s10000_fast_gtr_findopt500,406,9.08541,-714343.983264,56488.7235738
20260805-205046_r10_s10000_fast_gtr_findopt500,419,9.26869,-714332.811548,56477.5518576
20260805-205046_r10_s10000_fast_gtr_findopt500,421,9.29603,-714077.311412,56222.0517218
20260805-205046_r10_s10000_fast_gtr_findopt500,427,9.37942,-714018.243636,56162.9839458
20260805-205046_r10_s10000_fast_gtr_findopt500,467,9.94346,-713956.499636,56101.2399456
20260805-205046_r10_s10000_fast_gtr_findopt500,478,10.0981,-713194.260928,55339.001238
20260805-205046_r10_s10000_fast_gtr_findopt500,531,10.8459,-713174.215594,55318.9559041
20260805-205046_r10_s10000_fast_gtr_findopt500,548,11.0823,-712907.417185,55052.1574948
20260805-205046_r10_s10000_fast_gtr_findopt500,570,11.3933,-712887.078241,55031.8185508
20260805-205046_r10_s10000_fast_gtr_findopt500,604,11.8699,-712832.073683,54976.8139931
20260805-205046_r10_s10000_fast_gtr_findopt500,624,12.1469,-712825.001124,54969.7414339
20260805-205046_r10_s10000_fast_gtr_findopt500,632,12.2586,-712691.438975,54836.1792842
20260805-205046_r10_s10000_fast_gtr_findopt500,680,12.9259,-712259.534018,54404.2743273
20260805-205046_r10_s10000_fast_gtr_findopt500,691,13.0779,-711519.221132,53663.9614413
20260805-205046_r10_s10000_fast_gtr_findopt500,764,14.0943,-711020.238233,53164.9785429
20260805-205046_r10_s10000_fast_gtr_findopt500,804,14.6501,-710764.279761,52909.0200711
20260805-205046_r10_s10000_fast_gtr_findopt500,868,15.5401,-710602.447164,52747.1874733
20260805-205046_r10_s10000_fast_gtr_findopt500,890,15.846,-710549.364183,52694.1044924
20260805-205046_r10_s10000_fast_gtr_findopt500,895,15.9158,-710455.68389,52600.4241993
20260805-205046_r10_s10000_fast_gtr_findopt500,943,16.5843,-710343.470522,52488.2108316
20260805-205046_r10_s10000_fast_gtr_findopt500,1068,18.3247,-710319.343708,52464.084018
20260805-205046_r10_s10000_fast_gtr_findopt500,1103,18.8156,-710319.007689,52463.7479988
20260805-205046_r10_s10000_fast_gtr_findopt500,1107,18.8723,-710074.382308,52219.1226173
20260805-205046_r10_s10000_fast_gtr_findopt500,1119,19.0414,-709709.874548,51854.614858
20260805-205046_r10_s10000_fast_gtr_findopt500,1120,19.0548,-709036.292714,51181.0330234
20260805-205046_r10_s10000_fast_gtr_findopt500,1163,19.66,-709032.957667,51177.697977
20260805-205046_r10_s10000_fast_gtr_findopt500,1193,20.0835,-709022.201733,51166.9420426
20260805-205046_r10_s10000_fast_gtr_findopt500,1242,20.7715,-707774.459981,49919.2002906
20260805-205046_r10_s10000_fast_gtr_findopt500,1261,21.0374,-707631.19303,49775.9333392
20260805-205046_r10_s10000_fast_gtr_findopt500,1394,22.8971,-707619.129265,49763.8695749
20260805-205046_r10_s10000_fast_gtr_findopt500,1399,22.9658,-706911.434941,49056.1752506
20260805-205046_r10_s10000_fast_gtr_findopt500,1408,23.089,-706871.203727,49015.9440364
20260805-205046_r10_s10000_fast_gtr_findopt500,1428,23.3646,-706856.613143,49001.3534529
20260805-205046_r10_s10000_fast_gtr_findopt500,1538,24.8735,-706746.190456,48890.9307652
20260805-205046_r10_s10000_fast_gtr_findopt500,1576,25.3954,-706511.216374,48655.9566833
20260805-205046_r10_s10000_fast_gtr_findopt500,1588,25.5603,-706402.263197,48547.0035067
20260805-205046_r10_s10000_fast_gtr_findopt500,1756,27.8615,-706317.22445,48461.9647592
20260805-205046_r10_s10000_fast_gtr_findopt500,1782,28.2169,-705845.347095,47990.0874043
20260805-205046_r10_s10000_fast_gtr_findopt500,1802,28.4908,-705669.416133,47814.1564427
20260805-205046_r10_s10000_fast_gtr_findopt500,1869,29.4056,-705651.106443,47795.8467522
20260805-205046_r10_s10000_fast_gtr_findopt500,1916,30.0465,-705460.15254,47604.8928499
20260805-205046_r10_s10000_fast_gtr_findopt500,2093,32.4681,-705181.413101,47326.1534102
20260805-205046_r10_s10000_fast_gtr_findopt500,2130,32.9759,-705093.46284,47238.2031499
20260805-205046_r10_s10000_fast_gtr_findopt500,2141,33.1269,-704598.550282,46743.2905921
20260805-205046_r10_s10000_fast_gtr_findopt500,2338,35.8321,-704593.030218,46737.7705276
20260805-205046_r10_s10000_fast_gtr_findopt500,2378,36.3821,-704461.754558,46606.4948677
20260805-205046_r10_s10000_fast_gtr_findopt500,2591,39.3048,-704448.430707,46593.1710168
20260805-205046_r10_s10000_fast_gtr_findopt500,2826,42.5298,-704441.694162,46586.4344718
20260805-205046_r10_s10000_fast_gtr_findopt500,2838,42.6944,-704391.289136,46536.0294461
20260805-205046_r10_s10000_fast_gtr_findopt500,2890,43.4074,-704214.096871,46358.8371808
20260805-205046_r10_s10000_fast_gtr_findopt500,2924,43.8736,-704026.559737,46171.3000466
20260805-205046_r10_s10000_fast_gtr_findopt500,2926,43.9013,-702986.909727,45131.6500362
20260805-205046_r10_s10000_fast_gtr_findopt500,2982,44.6685,-702860.431613,45005.1719227
20260805-205046_r10_s10000_fast_gtr_findopt500,2994,44.8335,-702859.413559,45004.1538683
20260805-205046_r10_s10000_fast_gtr_findopt500,3097,46.245,-702847.864003,44992.6043125
20260805-205046_r10_s10000_fast_gtr_findopt500,3115,46.4924,-702470.167383,44614.9076927
20260805-205046_r10_s10000_fast_gtr_findopt500,3255,48.4118,-701707.33102,43852.0713298
20260805-205046_r10_s10000_fast_gtr_findopt500,3273,48.6585,-701484.581916,43629.322226
20260805-205046_r10_s10000_fast_gtr_findopt500,3327,49.3976,-701254.703226,43399.4435361
20260805-205046_r10_s10000_fast_gtr_findopt500,3341,49.5897,-701106.649911,43251.3902208
20260805-205046_r10_s10000_fast_gtr_findopt500,3442,50.9726,-700940.86279,43085.6030998
20260805-205046_r10_s10000_fast_gtr_findopt500,3486,51.5757,-700700.639762,42845.3800713
20260805-205046_r10_s10000_fast_gtr_findopt500,4340,63.2837,-700498.678896,42643.4192053
20260805-205046_r10_s10000_fast_gtr_findopt500,4474,65.1218,-700419.206552,42563.9468614
20260805-205046_r10_s10000_fast_gtr_findopt500,5377,77.4827,-699996.045578,42140.785888
20260805-205046_r10_s10000_fast_gtr_findopt500,5403,77.8357,-699778.155645,41922.8959545
20260805-205046_r10_s10000_fast_gtr_findopt500,5988,85.8408,-698841.67478,40986.4150893
20260805-205046_r10_s10000_fast_gtr_findopt500,6242,89.3212,-698440.603701,40585.3440107
20260805-205046_r10_s10000_fast_gtr_findopt500,7921,112.198,-698303.780553,40448.5208623
20260805-205046_r10_s10000_fast_gtr_findopt500,9611,135.273,-698293.182442,40437.9227514
20260805-205046_r10_s10000_fast_gtr_findopt500,9860,138.669,-698254.232616,40398.9729259
20260805-205046_r10_s10000_fast_gtr_findopt500,10000,140.579,-698254.232616,40398.9729259
20260805-205555_r10_s10000_fast_gtr_findopt500,0,3.37492,-722502.707262,64647.4475715
20260805-205555_r10_s10000_fast_gtr_findopt500,33,3.83896,-721693.389702,63838.130012
20260805-205555_r10_s10000_fast_gtr_findopt500,34,3.85336,-721311.358858,63456.099168
20260805-205555_r10_s10000_fast_gtr_findopt500,57,4.22035,-720955.985346,63100.725656
20260805-205555_r10_s10000_fast_gtr_findopt500,63,4.31374,-720805.112111,62949.8524208
20260805-205555_r10_s10000_fast_gtr_findopt500,66,4.35459,-720785.496635,62930.2369448
20260805-205555_r10_s10000_fast_gtr_findopt500,75,4.48084,-720548.603912,62693.3442212
20260805-205555_r10_s10000_fast_gtr_findopt500,96,4.77814,-720338.559363,62483.2996725
20260805-205555_r10_s10000_fast_gtr_findopt500,140,5.40032,-720065.770827,62210.5111368
20260805-205555_r10_s10000_fast_gtr_findopt500,161,5.69929,-719991.062603,62135.8029126
20260805-205555_r10_s10000_fast_gtr_findopt500,175,5.89779,-719641.73148,61786.47179
20260805-205555_r10_s10000_fast_gtr_findopt500,190,6.11153,-717859.113585,60003.8538944
20260805-205555_r10_s10000_fast_gtr_findopt500,197,6.20964,-717707.606165,59852.3464746
20260805-205555_r10_s10000_fast_gtr_findopt500,207,6.35179,-717617.535853,59762.2761622
20260805-205555_r10_s10000_fast_gtr_findopt500,214,6.45071,-717200.222209,59344.9625185
20260805-205555_r10_s10000_fast_gtr_findopt500,218,6.50701,-716922.592082,59067.3323913
20260805-205555_r10_s10000_fast_gtr_findopt500,225,6.60677,-716896.509561,59041.2498702
20260805-205555_r10_s10000_fast_gtr_findopt500,227,6.63535,-716521.950299,58666.6906083
20260805-205555_r10_s10000_fast_gtr_findopt500,241,6.83024,-716512.040643,58656.7809525
20260805-205555_r10_s10000_fast_gtr_findopt500,265,7.1683,-716408.696357,58553.4366663
20260805-205555_r10_s10000_fast_gtr_findopt500,306,7.74479,-716128.343159,58273.0834683
20260805-205555_r10_s10000_fast_gtr_findopt500,309,7.78773,-715524.59019,57669.3304996
20260805-205555_r10_s10000_fast_gtr_findopt500,316,7.88518,-714781.512289,56926.2525988
20260805-205555_r10_s10000_fast_gtr_findopt500,370,8.63696,-714778.647181,56923.3874903
20260805-205555_r10_s10000_fast_gtr_findopt500,408,9.16143,-714778.225827,56922.9661364
20260805-205555_r10_s10000_fast_gtr_findopt500,454,9.79914,-714655.474057,56800.2143666
20260805-205555_r10_s10000_fast_gtr_findopt500,463,9.92382,-714538.887186,56683.6274954
20260805-205555_r10_s10000_fast_gtr_findopt500,518,10.6865,-714375.800243,56520.5405522
20260805-205555_r10_s10000_fast_gtr_findopt500,530,10.8538,-714338.609978,56483.3502874
20260805-205555_r10_s10000_fast_gtr_findopt500,581,11.5633,-714177.390242,56322.1305513
20260805-205555_r10_s10000_fast_gtr_findopt500,585,11.6183,-714085.835771,56230.5760803
20260805-205555_r10_s10000_fast_gtr_findopt500,603,11.868,-713517.788732,55662.5290418
20260805-205555_r10_s10000_fast_gtr_findopt500,607,11.9241,-713054.457724,55199.198034
20260805-205555_r10_s10000_fast_gtr_findopt500,618,12.078,-713050.600324,55195.3406334
20260805-205555_r10_s10000_fast_gtr_findopt500,622,12.1332,-712749.877816,54894.6181255
20260805-205555_r10_s10000_fast_gtr_findopt500,661,12.6773,-712733.556788,54878.2970978
20260805-205555_r10_s10000_fast_gtr_findopt500,727,13.6132,-712568.604279,54713.3445888
20260805-205555_r10_s10000_fast_gtr_findopt500,737,13.7546,-712524.177786,54668.9180952
20260805-205555_r10_s10000_fast_gtr_findopt500,778,14.3347,-712483.486991,54628.2273011
20260805-205555_r10_s10000_fast_gtr_findopt500,939,16.6016,-712374.066666,54518.8069756
20260805-205555_r10_s10000_fast_gtr_findopt500,950,16.7568,-712214.537554,54359.2778641
20260805-205555_r10_s10000_fast_gtr_findopt500,1038,17.9982,-711559.145143,53703.8854524
20260805-205555_r10_s10000_fast_gtr_findopt500,1065,18.376,-711511.916406,53656.6567152
20260805-205555_r10_s10000_fast_gtr_findopt500,1070,18.4466,-711466.822906,53611.5632154
20260805-205555_r10_s10000_fast_gtr_findopt500,1127,19.2464,-711394.144841,53538.8851508
20260805-205555_r10_s10000_fast_gtr_findopt500,1293,21.5796,-711336.968773,53481.7090827
20260805-205555_r10_s10000_fast_gtr_findopt500,1349,22.3689,-711300.674125,53445.4144345
20260805-205555_r10_s10000_fast_gtr_findopt500,1400,23.0879,-710743.134606,52887.8749158
20260805-205555_r10_s10000_fast_gtr_findopt500,1403,23.1306,-710656.342386,52801.0826955
20260805-205555_r10_s10000_fast_gtr_findopt500,1495,24.4271,-710538.335582,52683.0758912
20260805-205555_r10_s10000_fast_gtr_findopt500,1542,25.0915,-710421.658929,52566.3992384
20260805-205555_r10_s10000_fast_gtr_findopt500,1550,25.2043,-710279.252117,52423.9924269
20260805-205555_r10_s10000_fast_gtr_findopt500,1566,25.4303,-710267.511993,52412.2523027
20260805-205555_r10_s10000_fast_gtr_findopt500,1690,27.1831,-709802.058998,51946.7993074
20260805-205555_r10_s10000_fast_gtr_findopt500,1710,27.4648,-709764.738372,51909.4786816
20260805-205555_r10_s10000_fast_gtr_findopt500,1722,27.6345,-709690.360561,51835.1008711
20260805-205555_r10_s10000_fast_gtr_findopt500,1802,28.7616,-708435.948113,50580.6884223
20260805-205555_r10_s10000_fast_gtr_findopt500,1823,29.059,-708431.080759,50575.8210684
20260805-205555_r10_s10000_fast_gtr_findopt500,1965,31.0637,-708356.900888,50501.6411974
20260805-205555_r10_s10000_fast_gtr_findopt500,2044,32.1819,-708038.164392,50182.9047012
20260805-205555_r10_s10000_fast_gtr_findopt500,2144,33.5965,-707452.551723,49597.2920322
20260805-205555_r10_s10000_fast_gtr_findopt500,2293,35.7051,-707296.383683,49441.1239925
20260805-205555_r10_s10000_fast_gtr_findopt500,2505,38.7082,-707154.989156,49299.7294658
20260805-205555_r10_s10000_fast_gtr_findopt500,2584,39.8287,-706773.114089,48917.8543987
20260805-205555_r10_s10000_fast_gtr_findopt500,2708,41.5868,-706542.512765,48687.2530742
20260805-205555_r10_s10000_fast_gtr_findopt500,2820,43.1762,-706476.960896,48621.701206
20260805-205555_r10_s10000_fast_gtr_findopt500,3027,46.1172,-706409.144707,48553.8850163
20260805-205555_r10_s10000_fast_gtr_findopt500,3345,50.6296,-706356.994671,48501.7349806
20260805-205555_r10_s10000_fast_gtr_findopt500,3426,51.7811,-706096.646598,48241.3869078
20260805-205555_r10_s10000_fast_gtr_findopt500,3767,56.6364,-705942.815981,48087.5562909
20260805-205555_r10_s10000_fast_gtr_findopt500,4025,60.2841,-705599.558089,47744.2983988
20260805-205555_r10_s10000_fast_gtr_findopt500,4042,60.5253,-705539.340241,47684.0805504
20260805-205555_r10_s10000_fast_gtr_findopt500,4244,63.3819,-705361.392618,47506.1329277
20260805-205555_r10_s10000_fast_gtr_findopt500,4412,65.7528,-705186.222786,47330.9630952
20260805-205555_r10_s10000_fast_gtr_findopt500,4509,67.1215,-705172.790432,47317.5307411
20260805-205555_r10_s10000_fast_gtr_findopt500,4670,69.3914,-704884.696143,47029.4364529
20260805-205555_r10_s10000_fast_gtr_findopt500,4764,70.7166,-704476.135916,46620.8762253
20260805-205555_r10_s10000_fast_gtr_findopt500,4976,73.7142,-703463.376876,45608.1171853
20260805-205555_r10_s10000_fast_gtr_findopt500,5109,75.5913,-703338.27839,45483.0186999
20260805-205555_r10_s10000_fast_gtr_findopt500,5229,77.2835,-701674.327276,43819.0675855
20260805-205555_r10_s10000_fast_gtr_findopt500,5570,82.0879,-701486.589217,43631.329527
20260805-205555_r10_s10000_fast_gtr_findopt500,5618,82.7653,-701435.282284,43580.0225935
20260805-205555_r10_s10000_fast_gtr_findopt500,6599,96.596,-701316.402118,43461.1424274
20260805-205555_r10_s10000_fast_gtr_findopt500,7078,103.351,-701146.638878,43291.3791872
20260805-205555_r10_s10000_fast_gtr_findopt500,7375,107.537,-701021.861937,43166.602247
20260805-205555_r10_s10000_fast_gtr_findopt500,7759,112.952,-700770.485235,42915.2255444
20260805-205555_r10_s10000_fast_gtr_findopt500,8332,121.024,-700741.4716,42886.21191
20260805-205555_r10_s10000_fast_gtr_findopt500,9067,131.402,-700369.762089,42514.5023988
20260805-205555_r10_s10000_fast_gtr_findopt500,9216,133.516,-700357.641293,42502.3816027
20260805-205555_r10_s10000_fast_gtr_findopt500,9338,135.241,-700014.109729,42158.8500388
20260805-205555_r10_s10000_fast_gtr_findopt500,9598,138.917,-699844.442946,41989.1832556
20260805-205555_r10_s10000_fast_gtr_findopt500,10000,144.625,-699844.442946,41989.1832556
20260805-210109_r10_s10000_fast_gtr_findopt500,0,3.35018,-722502.707262,64647.4475715
20260805-210109_r10_s10000_fast_gtr_findopt500,30,3.77264,-721770.708633,63915.4489425
20260805-210109_r10_s10000_fast_gtr_findopt500,59,4.17852,-721597.019406,63741.7597156
20260805-210109_r10_s10000_fast_gtr_findopt500,65,4.26604,-720792.563452,62937.3037621
20260805-210109_r10_s10000_fast_gtr_findopt500,89,4.60579,-720778.004525,62922.744835
20260805-210109_r10_s10000_fast_gtr_findopt500,136,5.26455,-720320.947777,62465.6880871
20260805-210109_r10_s10000_fast_gtr_findopt500,143,5.36228,-719733.102458,61877.8427675
20260805-210109_r10_s10000_fast_gtr_findopt500,177,5.83692,-719049.866292,61194.6066016
20260805-210109_r10_s10000_fast_gtr_findopt500,186,5.96276,-718904.934333,61049.6746425
20260805-210109_r10_s10000_fast_gtr_findopt500,187,5.97696,-718899.710832,61044.4511415
20260805-210109_r10_s10000_fast_gtr_findopt500,200,6.15834,-718836.435432,60981.1757417
20260805-210109_r10_s10000_fast_gtr_findopt500,258,6.96709,-718490.168494,60634.9088037
20260805-210109_r10_s10000_fast_gtr_findopt500,293,7.45426,-718189.278438,60334.0187476
20260805-210109_r10_s10000_fast_gtr_findopt500,299,7.5381,-718102.894009,60247.6343189
20260805-210109_r10_s10000_fast_gtr_findopt500,301,7.56618,-717863.108485,60007.8487945
20260805-210109_r10_s10000_fast_gtr_findopt500,314,7.74812,-717840.424296,59985.1646052
20260805-210109_r10_s10000_fast_gtr_findopt500,323,7.87324,-716042.522243,58187.2625522
20260805-210109_r10_s10000_fast_gtr_findopt500,329,7.95691,-715664.392154,57809.1324635
20260805-210109_r10_s10000_fast_gtr_findopt500,375,8.59741,-715551.462898,57696.203208
20260805-210109_r10_s10000_fast_gtr_findopt500,405,9.01792,-715352.835648,57497.5759573
20260805-210109_r10_s10000_fast_gtr_findopt500,426,9.31217,-715345.607313,57490.347623
20260805-210109_r10_s10000_fast_gtr_findopt500,434,9.42421,-715248.939609,57393.6799186
20260805-210109_r10_s10000_fast_gtr_findopt500,472,9.95504,-715105.386614,57250.1269233
20260805-210109_r10_s10000_fast_gtr_findopt500,546,10.9948,-714993.075061,57137.8153704
20260805-210109_r10_s10000_fast_gtr_findopt500,570,11.3335,-714851.095312,56995.8356212
20260805-210109_r10_s10000_fast_gtr_findopt500,572,11.3615,-714567.284282,56712.0245913
20260805-210109_r10_s10000_fast_gtr_findopt500,574,11.3895,-714318.604719,56463.3450284
20260805-210109_r10_s10000_fast_gtr_findopt500,614,11.9361,-714110.459078,56255.1993877
20260805-210109_r10_s10000_fast_gtr_findopt500,647,12.389,-713990.413157,56135.1534663
20260805-210109_r10_s10000_fast_gtr_findopt500,704,13.1719,-712706.628621,54851.368931
20260805-210109_r10_s10000_fast_gtr_findopt500,751,13.8173,-712648.713824,54793.4541338
20260805-210109_r10_s10000_fast_gtr_findopt500,760,13.941,-712102.283603,54247.0239131
20260805-210109_r10_s10000_fast_gtr_findopt500,772,14.1058,-711943.473899,54088.2142082
20260805-210109_r10_s10000_fast_gtr_findopt500,812,14.6585,-711333.029906,53477.770216
20260805-210109_r10_s10000_fast_gtr_findopt500,914,16.0664,-711281.809323,53426.5496324
20260805-210109_r10_s10000_fast_gtr_findopt500,1041,17.8184,-710788.395529,52933.1358389
20260805-210109_r10_s10000_fast_gtr_findopt500,1072,18.2471,-710230.257082,52374.9973919
20260805-210109_r10_s10000_fast_gtr_findopt500,1079,18.3442,-710128.703682,52273.4439913
20260805-210109_r10_s10000_fast_gtr_findopt500,1176,19.6888,-710094.073617,52238.8139264
20260805-210109_r10_s10000_fast_gtr_findopt500,1198,19.9943,-709852.729112,51997.4694217
20260805-210109_r10_s10000_fast_gtr_findopt500,1249,20.6995,-708994.715681,51139.4559904
20260805-210109_r10_s10000_fast_gtr_findopt500,1300,21.3973,-708972.803245,51117.5435548
20260805-210109_r10_s10000_fast_gtr_findopt500,1302,21.4249,-708924.431865,51069.1721743
20260805-210109_r10_s10000_fast_gtr_findopt500,1387,22.5849,-708555.258079,50699.9983884
20260805-210109_r10_s10000_fast_gtr_findopt500,1404,22.8175,-708087.53788,50232.2781892
20260805-210109_r10_s10000_fast_gtr_findopt500,1556,24.8958,-707605.223343,49749.9636529
20260805-210109_r10_s10000_fast_gtr_findopt500,1584,25.2782,-707434.348998,49579.0893077
20260805-210109_r10_s10000_fast_gtr_findopt500,1603,25.5383,-706019.614529,48164.3548387
20260805-210109_r10_s10000_fast_gtr_findopt500,1903,29.6525,-705998.508562,48143.248872
20260805-210109_r10_s10000_fast_gtr_findopt500,1922,29.9138,-705937.093515,48081.8338249
20260805-210109_r10_s10000_fast_gtr_findopt500,2055,31.7432,-705865.169403,48009.9097126
20260805-210109_r10_s10000_fast_gtr_findopt500,2126,32.7231,-705698.370162,47843.1104716
20260805-210109_r10_s10000_fast_gtr_findopt500,2218,33.9929,-705198.121113,47342.8614231
20260805-210109_r10_s10000_fast_gtr_findopt500,2264,34.6268,-705180.09144,47324.8317493
20260805-210109_r10_s10000_fast_gtr_findopt500,2297,35.0784,-704989.830912,47134.5712214
20260805-210109_r10_s10000_fast_gtr_findopt500,2431,36.9121,-704906.314064,47051.0543737
20260805-210109_r10_s10000_fast_gtr_findopt500,2467,37.4049,-704840.107716,46984.8480255
20260805-210109_r10_s10000_fast_gtr_findopt500,2890,43.1779,-704331.317463,46476.0577731
20260805-210109_r10_s10000_fast_gtr_findopt500,3001,44.6902,-704264.696861,46409.4371708
20260805-210109_r10_s10000_fast_gtr_findopt500,3105,46.1054,-704212.286589,46357.0268988
20260805-210109_r10_s10000_fast_gtr_findopt500,3429,50.5258,-704034.995288,46179.7355979
20260805-210109_r10_s10000_fast_gtr_findopt500,3916,57.1427,-703996.50619,46141.2464999
20260805-210109_r10_s10000_fast_gtr_findopt500,4220,61.2705,-703842.94714,45987.68745
20260805-210109_r10_s10000_fast_gtr_findopt500,5056,72.6616,-703832.62684,45977.3671492
20260805-210109_r10_s10000_fast_gtr_findopt500,5199,74.5991,-703725.3622,45870.1025094
20260805-210109_r10_s10000_fast_gtr_findopt500,5914,84.2701,-703345.647411,45490.3877208
20260805-210109_r10_s10000_fast_gtr_findopt500,6147,87.4331,-702150.556759,44295.2970682
20260805-210109_r10_s10000_fast_gtr_findopt500,6558,93.078,-701962.769838,44107.5101477
20260805-210109_r10_s10000_fast_gtr_findopt500,6926,98.1098,-701798.072231,43942.8125408
20260805-210109_r10_s10000_fast_gtr_findopt500,6951,98.4519,-701594.160098,43738.9004075
20260805-210109_r10_s10000_fast_gtr_findopt500,7280,102.975,-701525.312985,43670.0532945
20260805-210109_r10_s10000_fast_gtr_findopt500,7305,103.32,-701506.767167,43651.5074767
20260805-210109_r10_s10000_fast_gtr_findopt500,8044,113.509,-701495.611392,43640.3517015
20260805-210109_r10_s10000_fast_gtr_findopt500,9141,128.718,-701167.272872,43312.0131812
20260805-210109_r10_s10000_fast_gtr_findopt500,9465,133.189,-701079.95221,43224.6925197
20260805-210109_r10_s10000_fast_gtr_findopt500,9562,134.528,-700951.862274,43096.6025838
20260805-210109_r10_s10000_fast_gtr_findopt500,9623,135.362,-700925.358914,43070.0992237
20260805-210109_r10_s10000_fast_gtr_findopt500,10000,140.495,-700925.358914,43070.0992237
20260805-210615_r10_s10000_fast_gtr_findopt500,0,3.36024,-722502.707262,64647.4475715
20260805-210615_r10_s10000_fast_gtr_findopt500,7,3.46049,-722427.371943,64572.1122523
20260805-210615_r10_s10000_fast_gtr_findopt500,19,3.62901,-721789.042142,63933.7824519
20260805-210615_r10_s10000_fast_gtr_findopt500,36,3.86683,-720018.717645,62163.4579542
20260805-210615_r10_s10000_fast_gtr_findopt500,52,4.09025,-719844.091344,61988.8316535
20260805-210615_r10_s10000_fast_gtr_findopt500,64,4.25958,-719784.684872,61929.4251813
20260805-210615_r10_s10000_fast_gtr_findopt500,83,4.52357,-719752.128925,61896.8692343
20260805-210615_r10_s10000_fast_gtr_findopt500,95,4.69039,-719285.502032,61430.2423415
20260805-210615_r10_s10000_fast_gtr_findopt500,97,4.71833,-718919.296073,61064.0363825
20260805-210615_r10_s10000_fast_gtr_findopt500,98,4.73244,-718781.429891,60926.1702007
20260805-210615_r10_s10000_fast_gtr_findopt500,109,4.88411,-717853.473763,59998.2140728
20260805-210615_r10_s10000_fast_gtr_findopt500,124,5.09223,-717685.380589,59830.1208986
20260805-210615_r10_s10000_fast_gtr_findopt500,167,5.68746,-717618.652578,59763.3928881
20260805-210615_r10_s10000_fast_gtr_findopt500,171,5.74361,-717394.446312,59539.1866214
20260805-210615_r10_s10000_fast_gtr_findopt500,172,5.75797,-716989.933032,59134.6733417
20260805-210615_r10_s10000_fast_gtr_findopt500,200,6.15065,-716949.996314,59094.7366232
20260805-210615_r10_s10000_fast_gtr_findopt500,204,6.20724,-716627.528235,58772.2685447
20260805-210615_r10_s10000_fast_gtr_findopt500,264,7.05031,-715931.499974,58076.2402837
20260805-210615_r10_s10000_fast_gtr_findopt500,331,7.99254,-715783.999006,57928.7393157
20260805-210615_r10_s10000_fast_gtr_findopt500,386,8.76426,-715701.866653,57846.6069623
20260805-210615_r10_s10000_fast_gtr_findopt500,421,9.25651,-715430.741782,57575.482092
20260805-210615_r10_s10000_fast_gtr_findopt500,460,9.80527,-715103.665282,57248.405592
20260805-210615_r10_s10000_fast_gtr_findopt500,529,10.7731,-714833.212417,56977.9527262
20260805-210615_r10_s10000_fast_gtr_findopt500,546,11.0118,-714057.934899,56202.6752085
20260805-210615_r10_s10000_fast_gtr_findopt500,567,11.309,-714033.927778,56178.668088
20260805-210615_r10_s10000_fast_gtr_findopt500,572,11.3788,-713960.180527,56104.9208364
20260805-210615_r10_s10000_fast_gtr_findopt500,601,11.7865,-713903.866357,56048.6066665
20260805-210615_r10_s10000_fast_gtr_findopt500,620,12.0538,-713890.115511,56034.855821
20260805-210615_r10_s10000_fast_gtr_findopt500,622,12.0821,-713575.870951,55720.6112608
20260805-210615_r10_s10000_fast_gtr_findopt500,643,12.3771,-713456.9507,55601.6910092
20260805-210615_r10_s10000_fast_gtr_findopt500,649,12.4612,-713087.528664,55232.2689734
20260805-210615_r10_s10000_fast_gtr_findopt500,706,13.2547,-713077.546188,55222.2864981
20260805-210615_r10_s10000_fast_gtr_findopt500,753,13.9103,-712710.309832,54855.0501418
20260805-210615_r10_s10000_fast_gtr_findopt500,771,14.1601,-712254.8485,54399.5888097
20260805-210615_r10_s10000_fast_gtr_findopt500,772,14.1743,-711912.13594,54056.8762492
20260805-210615_r10_s10000_fast_gtr_findopt500,773,14.1885,-711886.482073,54031.2223829
20260805-210615_r10_s10000_fast_gtr_findopt500,778,14.2583,-711867.096536,54011.8368461
20260805-210615_r10_s10000_fast_gtr_findopt500,832,15.008,-709277.682217,51422.4225271
20260805-210615_r10_s10000_fast_gtr_findopt500,869,15.5216,-709133.193326,51277.9336359
20260805-210615_r10_s10000_fast_gtr_findopt500,870,15.5358,-709125.916865,51270.6571742
20260805-210615_r10_s10000_fast_gtr_findopt500,904,16.0086,-708888.922371,51033.6626808
20260805-210615_r10_s10000_fast_gtr_findopt500,970,16.9339,-708705.83218,50850.5724897
20260805-210615_r10_s10000_fast_gtr_findopt500,1060,18.1908,-708604.887586,50749.627896
20260805-210615_r10_s10000_fast_gtr_findopt500,1139,19.3007,-708544.146335,50688.8866446
20260805-210615_r10_s10000_fast_gtr_findopt500,1210,20.3035,-708321.443547,50466.1838565
20260805-210615_r10_s10000_fast_gtr_findopt500,1291,21.4338,-707770.655059,49915.3953685
20260805-210615_r10_s10000_fast_gtr_findopt500,1338,22.0974,-707700.358219,49845.0985283
20260805-210615_r10_s10000_fast_gtr_findopt500,1350,22.2673,-707315.34528,49460.08559
20260805-210615_r10_s10000_fast_gtr_findopt500,1689,27.0288,-707238.085974,49382.8262833
20260805-210615_r10_s10000_fast_gtr_findopt500,1768,28.1362,-706672.667011,48817.4073208
20260805-210615_r10_s10000_fast_gtr_findopt500,1860,29.4318,-706369.173747,48513.914057
20260805-210615_r10_s10000_fast_gtr_findopt500,2114,33.0418,-705972.593669,48117.3339789
20260805-210615_r10_s10000_fast_gtr_findopt500,2126,33.2095,-705604.765532,47749.505842
20260805-210615_r10_s10000_fast_gtr_findopt500,2133,33.3095,-704982.395325,47127.1356349
20260805-210615_r10_s10000_fast_gtr_findopt500,2422,37.4092,-703908.627357,46053.367667
20260805-210615_r10_s10000_fast_gtr_findopt500,2454,37.8645,-703773.723445,45918.4637546
20260805-210615_r10_s10000_fast_gtr_findopt500,2543,39.1315,-703655.480569,45800.2208787
20260805-210615_r10_s10000_fast_gtr_findopt500,2613,40.1147,-703174.265525,45319.0058346
20260805-210615_r10_s10000_fast_gtr_findopt500,2928,44.5514,-703052.211971,45196.9522805
20260805-210615_r10_s10000_fast_gtr_findopt500,2986,45.3692,-702778.648672,44923.3889818
20260805-210615_r10_s10000_fast_gtr_findopt500,3322,50.1049,-702709.979235,44854.7195443
20260805-210615_r10_s10000_fast_gtr_findopt500,3548,53.2883,-702669.776618,44814.5169281
20260805-210615_r10_s10000_fast_gtr_findopt500,3575,53.6688,-702655.481095,44800.2214042
20260805-210615_r10_s10000_fast_gtr_findopt500,3871,57.8412,-702569.888301,44714.628611
20260805-210615_r10_s10000_fast_gtr_findopt500,3905,58.3181,-702562.360315,44707.1006249
20260805-210615_r10_s10000_fast_gtr_findopt500,3979,59.362,-702505.528487,44650.2687968
20260805-210615_r10_s10000_fast_gtr_findopt500,4064,60.5529,-702052.22837,44196.9686795
20260805-210615_r10_s10000_fast_gtr_findopt500,4096,61.0024,-702049.461602,44194.2019113
20260805-210615_r10_s10000_fast_gtr_findopt500,4192,62.3492,-702039.826778,44184.5670881
20260805-210615_r10_s10000_fast_gtr_findopt500,4507,66.7729,-701862.44277,44007.1830799
20260805-210615_r10_s10000_fast_gtr_findopt500,4648,68.7781,-701443.859464,43588.5997741
20260805-210615_r10_s10000_fast_gtr_findopt500,5264,77.573,-701352.479549,43497.2198585
20260805-210615_r10_s10000_fast_gtr_findopt500,5326,78.457,-700847.400589,42992.1408983
20260805-210615_r10_s10000_fast_gtr_findopt500,5462,80.3965,-700836.370338,42981.1106479
20260805-210615_r10_s10000_fast_gtr_findopt500,5533,81.4113,-700819.012451,42963.7527606
20260805-210615_r10_s10000_fast_gtr_findopt500,5802,85.2658,-700806.745155,42951.4854645
20260805-210615_r10_s10000_fast_gtr_findopt500,6650,97.374,-700451.842361,42596.5826709
20260805-210615_r10_s10000_fast_gtr_findopt500,6754,98.8552,-700392.628639,42537.3689483
20260805-210615_r10_s10000_fast_gtr_findopt500,6765,99.0128,-699820.574651,41965.3149602
20260805-210615_r10_s10000_fast_gtr_findopt500,6799,99.4977,-699636.988661,41781.7289705
20260805-210615_r10_s10000_fast_gtr_findopt500,6959,101.758,-699634.517338,41779.2576479
20260805-210615_r10_s10000_fast_gtr_findopt500,7563,110.317,-699590.870264,41735.6105732
20260805-210615_r10_s10000_fast_gtr_findopt500,7659,111.672,-699433.685406,41578.4257155
20260805-210615_r10_s10000_fast_gtr_findopt500,7860,114.507,-699412.794753,41557.5350623
20260805-210615_r10_s10000_fast_gtr_findopt500,9098,131.999,-699054.108493,41198.8488024
20260805-210615_r10_s10000_fast_gtr_findopt500,9733,140.991,-698854.711467,40999.4517771
20260805-210615_r10_s10000_fast_gtr_findopt500,10000,144.766,-698854.711467,40999.4517771
20260805-211126_r10_s10000_fast_gtr_findopt500,0,3.37481,-722502.707262,64647.4475715
20260805-211126_r10_s10000_fast_gtr_findopt500,3,3.42066,-722495.215795,64639.956105
20260805-211126_r10_s10000_fast_gtr_findopt500,25,3.73169,-722108.604682,64253.3449918
20260805-211126_r10_s10000_fast_gtr_findopt500,48,4.05889,-722053.52031,64198.2606196
20260805-211126_r10_s10000_fast_gtr_findopt500,83,4.56103,-721940.587733,64085.3280431
20260805-211126_r10_s10000_fast_gtr_findopt500,119,5.07362,-721864.946664,64009.6869738
20260805-211126_r10_s10000_fast_gtr_findopt500,149,5.49937,-721542.430202,63687.1705121
20260805-211126_r10_s10000_fast_gtr_findopt500,151,5.52813,-721151.983225,63296.7235342
20260805-211126_r10_s10000_fast_gtr_findopt500,161,5.66986,-719765.144019,61909.8843289
20260805-211126_r10_s10000_fast_gtr_findopt500,202,6.24794,-719172.477161,61317.2174705
20260805-211126_r10_s10000_fast_gtr_findopt500,222,6.52454,-718627.54817,60772.2884801
20260805-211126_r10_s10000_fast_gtr_findopt500,234,6.69198,-718585.586346,60730.3266554
20260805-211126_r10_s10000_fast_gtr_findopt500,256,6.99846,-717940.381863,60085.1221722
20260805-211126_r10_s10000_fast_gtr_findopt500,265,7.12378,-717549.788431,59694.5287406
20260805-211126_r10_s10000_fast_gtr_findopt500,275,7.26191,-716815.939304,58960.6796136
20260805-211126_r10_s10000_fast_gtr_findopt500,305,7.67755,-716666.798,58811.5383101
20260805-211126_r10_s10000_fast_gtr_findopt500,353,8.3424,-716247.948291,58392.6886003
20260805-211126_r10_s10000_fast_gtr_findopt500,377,8.67329,-715967.988242,58112.7285517
20260805-211126_r10_s10000_fast_gtr_findopt500,383,8.75581,-715848.106977,57992.8472871
20260805-211126_r10_s10000_fast_gtr_findopt500,405,9.05975,-715783.179672,57927.9199816
20260805-211126_r10_s10000_fast_gtr_findopt500,408,9.10134,-715452.600887,57597.3411964
20260805-211126_r10_s10000_fast_gtr_findopt500,482,10.118,-715279.309625,57424.0499349
20260805-211126_r10_s10000_fast_gtr_findopt500,484,10.1462,-714621.660573,56766.4008826
20260805-211126_r10_s10000_fast_gtr_findopt500,536,10.8733,-714114.073906,56258.8142157
20260805-211126_r10_s10000_fast_gtr_findopt500,576,11.4314,-713951.540016,56096.2803254
20260805-211126_r10_s10000_fast_gtr_findopt500,652,12.4869,-713160.267131,55305.0074407
20260805-211126_r10_s10000_fast_gtr_findopt500,672,12.7642,-713143.585575,55288.3258847
20260805-211126_r10_s10000_fast_gtr_findopt500,698,13.1248,-712831.758827,54976.4991362
20260805-211126_r10_s10000_fast_gtr_findopt500,714,13.347,-712792.421721,54937.1620309
20260805-211126_r10_s10000_fast_gtr_findopt500,786,14.3545,-712775.573697,54920.3140066
20260805-211126_r10_s10000_fast_gtr_findopt500,862,15.4249,-712716.360308,54861.1006173
20260805-211126_r10_s10000_fast_gtr_findopt500,878,15.6515,-712573.090685,54717.8309947
20260805-211126_r10_s10000_fast_gtr_findopt500,904,16.0167,-711685.758157,53830.4984671
20260805-211126_r10_s10000_fast_gtr_findopt500,913,16.1435,-711506.409007,53651.1493163
20260805-211126_r10_s10000_fast_gtr_findopt500,1027,17.7472,-711335.449302,53480.1896119
20260805-211126_r10_s10000_fast_gtr_findopt500,1035,17.8592,-710838.692661,52983.432971
20260805-211126_r10_s10000_fast_gtr_findopt500,1289,21.3907,-710591.476399,52736.2167082
20260805-211126_r10_s10000_fast_gtr_findopt500,1333,22.0009,-710442.045639,52586.7859483
20260805-211126_r10_s10000_fast_gtr_findopt500,1335,22.0291,-710393.357073,52538.097383
20260805-211126_r10_s10000_fast_gtr_findopt500,1481,24.0761,-710374.691009,52519.4313186
20260805-211126_r10_s10000_fast_gtr_findopt500,1612,25.9157,-710299.827589,52444.5678989
20260805-211126_r10_s10000_fast_gtr_findopt500,1625,26.0966,-710154.48831,52299.2286196
20260805-211126_r10_s10000_fast_gtr_findopt500,1671,26.7368,-709631.516893,51776.2572023
20260805-211126_r10_s10000_fast_gtr_findopt500,1683,26.9024,-709239.588973,51384.3292828
20260805-211126_r10_s10000_fast_gtr_findopt500,1713,27.3192,-708937.484745,51082.2250546
20260805-211126_r10_s10000_fast_gtr_findopt500,1732,27.5836,-708781.139076,50925.8793855
20260805-211126_r10_s10000_fast_gtr_findopt500,1810,28.6711,-708604.380263,50749.1205723
20260805-211126_r10_s10000_fast_gtr_findopt500,1904,29.9804,-708255.665801,50400.4061108
20260805-211126_r10_s10000_fast_gtr_findopt500,1959,30.7462,-708093.343949,50238.0842582
20260805-211126_r10_s10000_fast_gtr_findopt500,1985,31.1083,-707562.136907,49706.8772167
20260805-211126_r10_s10000_fast_gtr_findopt500,2022,31.6237,-707507.557321,49652.297631
20260805-211126_r10_s10000_fast_gtr_findopt500,2234,34.5735,-707237.417155,49382.1574644
20260805-211126_r10_s10000_fast_gtr_findopt500,2428,37.2714,-707169.192922,49313.933232
20260805-211126_r10_s10000_fast_gtr_findopt500,2597,39.623,-707139.016212,49283.7565215
20260805-211126_r10_s10000_fast_gtr_findopt500,2684,40.8352,-707025.548959,49170.2892688
20260805-211126_r10_s10000_fast_gtr_findopt500,2743,41.6563,-707018.449381,49163.189691
20260805-211126_r10_s10000_fast_gtr_findopt500,3413,51.0746,-706751.046231,48895.7865406
20260805-211126_r10_s10000_fast_gtr_findopt500,3534,52.7664,-706713.446366,48858.1866754
20260805-211126_r10_s10000_fast_gtr_findopt500,3589,53.5341,-706599.105671,48743.8459808
20260805-211126_r10_s10000_fast_gtr_findopt500,3844,57.0982,-706515.363482,48660.1037913
20260805-211126_r10_s10000_fast_gtr_findopt500,3951,58.5816,-706429.402715,48574.1430246
20260805-211126_r10_s10000_fast_gtr_findopt500,4100,60.6299,-706110.148506,48254.8888156
20260805-211126_r10_s10000_fast_gtr_findopt500,4357,64.1605,-705718.520615,47863.2609248
20260805-211126_r10_s10000_fast_gtr_findopt500,4668,68.4232,-705670.609852,47815.3501613
20260805-211126_r10_s10000_fast_gtr_findopt500,5006,73.0647,-705636.560167,47781.3004762
20260805-211126_r10_s10000_fast_gtr_findopt500,5022,73.2842,-705452.611942,47597.3522515
20260805-211126_r10_s10000_fast_gtr_findopt500,5183,75.5279,-704197.969503,46342.7098129
20260805-211126_r10_s10000_fast_gtr_findopt500,5293,77.0727,-703870.533867,46015.2741771
20260805-211126_r10_s10000_fast_gtr_findopt500,5400,78.5749,-703870.350267,46015.0905771
20260805-211126_r10_s10000_fast_gtr_findopt500,5490,79.8143,-703830.519454,45975.2597639
20260805-211126_r10_s10000_fast_gtr_findopt500,5594,81.7598,-703648.914471,45793.6547803
20260805-211126_r10_s10000_fast_gtr_findopt500,5753,84.8165,-703374.941747,45519.6820564
20260805-211126_r10_s10000_fast_gtr_findopt500,5813,85.9729,-703085.673722,45230.4140315
20260805-211126_r10_s10000_fast_gtr_findopt500,6020,89.8486,-702206.357419,44351.0977282
20260805-211126_r10_s10000_fast_gtr_findopt500,6259,93.1343,-701758.71121,43903.4515195
20260805-211126_r10_s10000_fast_gtr_findopt500,6297,93.6567,-701656.670557,43801.4108667
20260805-211126_r10_s10000_fast_gtr_findopt500,6754,99.9525,-701206.901577,43351.6418865
20260805-211126_r10_s10000_fast_gtr_findopt500,6972,102.903,-700605.590303,42750.3306126
20260805-211126_r10_s10000_fast_gtr_findopt500,6992,103.175,-700549.456784,42694.1970937
20260805-211126_r10_s10000_fast_gtr_findopt500,7110,104.799,-700294.454614,42439.1949239
20260805-211126_r10_s10000_fast_gtr_findopt500,7376,108.483,-700265.915573,42410.6558826
20260805-211126_r10_s10000_fast_gtr_findopt500,7572,111.205,-699567.062505,41711.8028146
20260805-211126_r10_s10000_fast_gtr_findopt500,7718,113.227,-699522.767474,41667.507784
20260805-211126_r10_s10000_fast_gtr_findopt500,8966,130.584,-698937.364988,41082.1052974
20260805-211126_r10_s10000_fast_gtr_findopt500,10000,145.03,-698937.364988,41082.1052974
20260805-211644_r10_s10000_fast_gtr_findopt500,0,3.38823,-722502.707262,64647.4475715
20260805-211644_r10_s10000_fast_gtr_findopt500,10,3.53184,-722338.279569,64483.0198786
20260805-211644_r10_s10000_fast_gtr_findopt500,34,3.87521,-722204.197651,64348.9379604
20260805-211644_r10_s10000_fast_gtr_findopt500,37,3.91745,-722049.821891,64194.5622008
20260805-211644_r10_s10000_fast_gtr_findopt500,40,3.96027,-721723.236927,63867.977237
20260805-211644_r10_s10000_fast_gtr_findopt500,44,4.01813,-721116.905587,63261.6458969
20260805-211644_r10_s10000_fast_gtr_findopt500,57,4.20408,-720323.705385,62468.4456951
20260805-211644_r10_s10000_fast_gtr_findopt500,96,4.76159,-719967.156934,62111.8972438
20260805-211644_r10_s10000_fast_gtr_findopt500,97,4.77618,-719719.177293,61863.917603
20260805-211644_r10_s10000_fast_gtr_findopt500,108,4.93383,-719283.518911,61428.2592203
20260805-211644_r10_s10000_fast_gtr_findopt500,122,5.13433,-718919.250627,61063.9909369
20260805-211644_r10_s10000_fast_gtr_findopt500,129,5.23456,-718684.308446,60829.0487556
20260805-211644_r10_s10000_fast_gtr_findopt500,138,5.36274,-717894.641043,60039.3813529
20260805-211644_r10_s10000_fast_gtr_findopt500,156,5.61953,-717864.982115,60009.7224245
20260805-211644_r10_s10000_fast_gtr_findopt500,229,6.65905,-717417.774107,59562.5144171
20260805-211644_r10_s10000_fast_gtr_findopt500,270,7.24037,-717189.145641,59333.8859509
20260805-211644_r10_s10000_fast_gtr_findopt500,299,7.65178,-716891.513853,59036.254163
20260805-211644_r10_s10000_fast_gtr_findopt500,307,7.76555,-716867.530323,59012.2706326
20260805-211644_r10_s10000_fast_gtr_findopt500,349,8.36291,-716695.146901,58839.8872102
20260805-211644_r10_s10000_fast_gtr_findopt500,363,8.56136,-716529.419268,58674.1595772
20260805-211644_r10_s10000_fast_gtr_findopt500,393,8.98618,-716376.400354,58521.1406635
20260805-211644_r10_s10000_fast_gtr_findopt500,434,9.56581,-715723.771673,57868.5119824
20260805-211644_r10_s10000_fast_gtr_findopt500,455,9.86345,-715705.363896,57850.1042052
20260805-211644_r10_s10000_fast_gtr_findopt500,456,9.87779,-715111.197159,57255.9374691
20260805-211644_r10_s10000_fast_gtr_findopt500,573,11.5245,-715074.003249,57218.7435584
20260805-211644_r10_s10000_fast_gtr_findopt500,591,11.7781,-714977.196725,57121.937035
20260805-211644_r10_s10000_fast_gtr_findopt500,667,12.847,-714890.149673,57034.8899823
20260805-211644_r10_s10000_fast_gtr_findopt500,688,13.143,-714793.615823,56938.3561323
20260805-211644_r10_s10000_fast_gtr_findopt500,730,13.7345,-714685.922471,56830.6627809
20260805-211644_r10_s10000_fast_gtr_findopt500,754,14.0734,-714597.534735,56742.2750447
20260805-211644_r10_s10000_fast_gtr_findopt500,784,14.4969,-714443.893501,56588.6338102
20260805-211644_r10_s10000_fast_gtr_findopt500,789,14.5676,-714168.837256,56313.5775659
20260805-211644_r10_s10000_fast_gtr_findopt500,856,15.5144,-713943.574749,56088.3150587
20260805-211644_r10_s10000_fast_gtr_findopt500,860,15.5712,-713896.044691,56040.7850008
20260805-211644_r10_s10000_fast_gtr_findopt500,866,15.656,-713878.14541,56022.8857194
20260805-211644_r10_s10000_fast_gtr_findopt500,914,16.3368,-713370.514647,55515.2549568
20260805-211644_r10_s10000_fast_gtr_findopt500,930,16.5637,-713326.101207,55470.8415162
20260805-211644_r10_s10000_fast_gtr_findopt500,1024,17.8979,-713323.049089,55467.7893991
20260805-211644_r10_s10000_fast_gtr_findopt500,1043,18.1642,-713122.744411,55267.4847203
20260805-211644_r10_s10000_fast_gtr_findopt500,1044,18.1774,-712872.174647,55016.9149562
20260805-211644_r10_s10000_fast_gtr_findopt500,1130,19.3742,-712455.693897,54600.4342066
20260805-211644_r10_s10000_fast_gtr_findopt500,1133,19.4163,-712398.773652,54543.5139613
20260805-211644_r10_s10000_fast_gtr_findopt500,1157,19.7502,-712271.06455,54415.8048596
20260805-211644_r10_s10000_fast_gtr_findopt500,1174,19.9865,-712168.681722,54313.4220313
20260805-211644_r10_s10000_fast_gtr_findopt500,1182,20.0969,-712043.684974,54188.4252841
20260805-211644_r10_s10000_fast_gtr_findopt500,1341,22.3226,-711956.202558,54100.942868
20260805-211644_r10_s10000_fast_gtr_findopt500,1367,22.6866,-711606.854656,53751.5949661
20260805-211644_r10_s10000_fast_gtr_findopt500,1375,22.7985,-710909.363046,53054.1033552
20260805-211644_r10_s10000_fast_gtr_findopt500,1516,24.7768,-710411.18841,52555.9287192
20260805-211644_r10_s10000_fast_gtr_findopt500,1544,25.1644,-710365.31763,52510.0579392
20260805-211644_r10_s10000_fast_gtr_findopt500,1585,25.7313,-709846.805872,51991.5461817
20260805-211644_r10_s10000_fast_gtr_findopt500,1687,27.1389,-709266.551314,51411.2916237
20260805-211644_r10_s10000_fast_gtr_findopt500,1835,29.1978,-709166.376342,51311.1166515
20260805-211644_r10_s10000_fast_gtr_findopt500,1920,30.3778,-708959.467357,51104.2076668
20260805-211644_r10_s10000_fast_gtr_findopt500,1929,30.5025,-708692.631738,50837.3720472
20260805-211644_r10_s10000_fast_gtr_findopt500,2029,31.9047,-708461.074404,50605.8147139
20260805-211644_r10_s10000_fast_gtr_findopt500,2131,33.324,-708058.884005,50203.624315
20260805-211644_r10_s10000_fast_gtr_findopt500,2291,35.5586,-707700.182513,49844.9228229
20260805-211644_r10_s10000_fast_gtr_findopt500,2362,36.5473,-707614.506673,49759.2469829
20260805-211644_r10_s10000_fast_gtr_findopt500,2464,37.9702,-707335.579922,49480.3202319
20260805-211644_r10_s10000_fast_gtr_findopt500,3110,47.0205,-707022.526385,49167.266695
20260805-211644_r10_s10000_fast_gtr_findopt500,3151,47.6002,-706896.675497,49041.4158062
20260805-211644_r10_s10000_fast_gtr_findopt500,3180,48.0105,-706282.606622,48427.3469313
20260805-211644_r10_s10000_fast_gtr_findopt500,3310,49.8459,-706253.360258,48398.1005681
20260805-211644_r10_s10000_fast_gtr_findopt500,3348,50.3809,-703902.253146,46046.993456
20260805-211644_r10_s10000_fast_gtr_findopt500,3388,50.9427,-703767.673278,45912.4135876
20260805-211644_r10_s10000_fast_gtr_findopt500,3499,52.5058,-703764.464776,45909.2050861
20260805-211644_r10_s10000_fast_gtr_findopt500,3554,53.2886,-703707.491589,45852.2318986
20260805-211644_r10_s10000_fast_gtr_findopt500,3622,54.2536,-703700.06714,45844.8074501
20260805-211644_r10_s10000_fast_gtr_findopt500,3807,56.8718,-703426.33765,45571.0779598
20260805-211644_r10_s10000_fast_gtr_findopt500,3820,57.0548,-702472.813884,44617.5541934
20260805-211644_r10_s10000_fast_gtr_findopt500,5166,76.142,-702262.658018,44407.3983278
20260805-211644_r10_s10000_fast_gtr_findopt500,5255,77.4029,-702229.322306,44374.0626156
20260805-211644_r10_s10000_fast_gtr_findopt500,5361,78.9116,-702225.046603,44369.7869122
20260805-211644_r10_s10000_fast_gtr_findopt500,5457,80.2805,-701906.312202,44051.0525118
20260805-211644_r10_s10000_fast_gtr_findopt500,5601,82.3313,-701409.541569,43554.2818782
20260805-211644_r10_s10000_fast_gtr_findopt500,6798,99.2924,-701251.269348,43396.0096574
20260805-211644_r10_s10000_fast_gtr_findopt500,6934,101.219,-701053.862735,43198.6030448
20260805-211644_r10_s10000_fast_gtr_findopt500,7520,109.494,-701024.341712,43169.0820217
20260805-211644_r10_s10000_fast_gtr_findopt500,8288,120.408,-700815.160636,42959.9009459
20260805-211644_r10_s10000_fast_gtr_findopt500,8439,122.553,-700587.936324,42732.6766339
20260805-211644_r10_s10000_fast_gtr_findopt500,8878,128.85,-700466.962886,42611.7031953
20260805-211644_r10_s10000_fast_gtr_findopt500,9090,131.895,-700160.781184,42305.5214934
20260805-211644_r10_s10000_fast_gtr_findopt500,9274,134.536,-699856.476125,42001.216435
20260805-211644_r10_s10000_fast_gtr_findopt500,9826,142.46,-699721.328536,41866.0688454
20260805-211644_r10_s10000_fast_gtr_findopt500,9866,143.034,-699435.496708,41580.2370179
20260805-211644_r10_s10000_fast_gtr_findopt500,10000,144.956,-699435.496708,41580.2370179
20260805-212200_r10_s10000_fast_gtr_findopt500,0,3.35027,-722502.707262,64647.4475715
20260805-212200_r10_s10000_fast_gtr_findopt500,3,3.39487,-721851.353567,63996.0938763
20260805-212200_r10_s10000_fast_gtr_findopt500,10,3.49327,-721687.063655,63831.8039642
20260805-212200_r10_s10000_fast_gtr_findopt500,63,4.24461,-721636.044691,63780.7850004
20260805-212200_r10_s10000_fast_gtr_findopt500,89,4.60874,-721554.733065,63699.4733747
20260805-212200_r10_s10000_fast_gtr_findopt500,106,4.84573,-721364.012013,63508.7523229
20260805-212200_r10_s10000_fast_gtr_findopt500,118,5.0151,-721245.547053,63390.2873629
20260805-212200_r10_s10000_fast_gtr_findopt500,121,5.05736,-720452.114282,62596.8545916
20260805-212200_r10_s10000_fast_gtr_findopt500,174,5.80135,-720234.536628,62379.2769375
20260805-212200_r10_s10000_fast_gtr_findopt500,202,6.19477,-720150.833379,62295.5736885
20260805-212200_r10_s10000_fast_gtr_findopt500,230,6.58882,-720127.329032,62272.0693417
20260805-212200_r10_s10000_fast_gtr_findopt500,235,6.65782,-719716.141262,61860.8815718
20260805-212200_r10_s10000_fast_gtr_findopt500,259,6.99824,-719622.069934,61766.8102438
20260805-212200_r10_s10000_fast_gtr_findopt500,291,7.45329,-719523.887498,61668.6278072
20260805-212200_r10_s10000_fast_gtr_findopt500,300,7.58049,-719285.361662,61430.1019716
20260805-212200_r10_s10000_fast_gtr_findopt500,305,7.65156,-718870.271316,61015.0116261
20260805-212200_r10_s10000_fast_gtr_findopt500,327,7.96157,-718743.642334,60888.3826435
20260805-212200_r10_s10000_fast_gtr_findopt500,372,8.59503,-717670.805043,59815.5453523
20260805-212200_r10_s10000_fast_gtr_findopt500,385,8.77885,-717514.223475,59658.9637845
20260805-212200_r10_s10000_fast_gtr_findopt500,397,8.95019,-716931.46478,59076.2050894
20260805-212200_r10_s10000_fast_gtr_findopt500,451,9.71613,-716676.396327,58821.1366368
20260805-212200_r10_s10000_fast_gtr_findopt500,461,9.85752,-716250.812059,58395.5523688
20260805-212200_r10_s10000_fast_gtr_findopt500,468,9.95638,-715932.580685,58077.3209951
20260805-212200_r10_s10000_fast_gtr_findopt500,520,10.6934,-715486.940278,57631.6805876
20260805-212200_r10_s10000_fast_gtr_findopt500,545,11.048,-715381.013077,57525.7533869
20260805-212200_r10_s10000_fast_gtr_findopt500,561,11.277,-715366.828199,57511.5685082
20260805-212200_r10_s10000_fast_gtr_findopt500,564,11.3199,-715292.571989,57437.3122982
20260805-212200_r10_s10000_fast_gtr_findopt500,629,12.2443,-715212.774308,57357.5146173
20260805-212200_r10_s10000_fast_gtr_findopt500,651,12.556,-715115.686855,57260.4271651
20260805-212200_r10_s10000_fast_gtr_findopt500,689,13.094,-714966.78213,57111.5224399
20260805-212200_r10_s10000_fast_gtr_findopt500,696,13.1933,-714277.929043,56422.6693522
20260805-212200_r10_s10000_fast_gtr_findopt500,703,13.2927,-713502.343494,55647.0838041
20260805-212200_r10_s10000_fast_gtr_findopt500,708,13.3638,-713471.944889,55616.6851985
20260805-212200_r10_s10000_fast_gtr_findopt500,788,14.485,-713391.061422,55535.8017317
20260805-212200_r10_s10000_fast_gtr_findopt500,816,14.8777,-713209.961283,55354.7015924
20260805-212200_r10_s10000_fast_gtr_findopt500,836,15.1588,-712945.542679,55090.2829887
20260805-212200_r10_s10000_fast_gtr_findopt500,848,15.3279,-712640.935506,54785.6758161
20260805-212200_r10_s10000_fast_gtr_findopt500,859,15.491,-712582.877877,54727.6181863
20260805-212200_r10_s10000_fast_gtr_findopt500,862,15.5333,-712524.465344,54669.2056541
20260805-212200_r10_s10000_fast_gtr_findopt500,897,16.0288,-711943.385138,54088.1254478
20260805-212200_r10_s10000_fast_gtr_findopt500,922,16.3835,-711389.575397,53534.3157062
20260805-212200_r10_s10000_fast_gtr_findopt500,936,16.5823,-710637.939423,52782.6797326
20260805-212200_r10_s10000_fast_gtr_findopt500,966,17.0048,-710334.910117,52479.6504264
20260805-212200_r10_s10000_fast_gtr_findopt500,1011,17.6396,-709998.878251,52143.6185611
20260805-212200_r10_s10000_fast_gtr_findopt500,1162,19.7701,-709450.210251,51594.9505606
20260805-212200_r10_s10000_fast_gtr_findopt500,1201,20.3179,-709391.281414,51536.0217232
20260805-212200_r10_s10000_fast_gtr_findopt500,1258,21.1224,-709182.884635,51327.6249446
20260805-212200_r10_s10000_fast_gtr_findopt500,1262,21.1793,-709172.508241,51317.248551
20260805-212200_r10_s10000_fast_gtr_findopt500,1394,23.0337,-708555.819117,50700.5594261
20260805-212200_r10_s10000_fast_gtr_findopt500,1469,24.087,-708532.92377,50677.6640793
20260805-212200_r10_s10000_fast_gtr_findopt500,1470,24.1003,-708349.136481,50493.8767906
20260805-212200_r10_s10000_fast_gtr_findopt500,1552,25.2529,-708162.922607,50307.6629163
20260805-212200_r10_s10000_fast_gtr_findopt500,1562,25.3937,-707950.193134,50094.9334433
20260805-212200_r10_s10000_fast_gtr_findopt500,1564,25.4222,-707828.507499,49973.2478088
20260805-212200_r10_s10000_fast_gtr_findopt500,1614,26.1298,-707648.653626,49793.3939358
20260805-212200_r10_s10000_fast_gtr_findopt500,1886,30.0016,-707197.026399,49341.7667082
20260805-212200_r10_s10000_fast_gtr_findopt500,1889,30.0448,-705637.627984,47782.3682941
20260805-212200_r10_s10000_fast_gtr_findopt500,1954,30.9653,-705480.090955,47624.8312646
20260805-212200_r10_s10000_fast_gtr_findopt500,2016,31.8466,-705272.90419,47417.6444994
20260805-212200_r10_s10000_fast_gtr_findopt500,2042,32.2126,-705203.166751,47347.9070602
20260805-212200_r10_s10000_fast_gtr_findopt500,2166,33.9612,-705034.533358,47179.273668
20260805-212200_r10_s10000_fast_gtr_findopt500,2169,34.0038,-704876.62275,47021.36306
20260805-212200_r10_s10000_fast_gtr_findopt500,2387,37.0836,-704869.923063,47014.6633731
20260805-212200_r10_s10000_fast_gtr_findopt500,2455,38.0436,-704839.462971,46984.2032805
20260805-212200_r10_s10000_fast_gtr_findopt500,2458,38.0864,-704616.523285,46761.2635945
20260805-212200_r10_s10000_fast_gtr_findopt500,2695,41.4255,-704607.628254,46752.3685634
20260805-212200_r10_s10000_fast_gtr_findopt500,2751,42.2159,-703887.073678,46031.8139872
20260805-212200_r10_s10000_fast_gtr_findopt500,2803,42.9514,-703873.333082,46018.0733919
20260805-212200_r10_s10000_fast_gtr_findopt500,2953,45.0718,-703571.267675,45716.007985
20260805-212200_r10_s10000_fast_gtr_findopt500,3072,46.7557,-703479.137759,45623.8780684
20260805-212200_r10_s10000_fast_gtr_findopt500,3098,47.1153,-703440.453207,45585.1935171
20260805-212200_r10_s10000_fast_gtr_findopt500,3507,52.7977,-703132.265341,45277.0056504
20260805-212200_r10_s10000_fast_gtr_findopt500,3671,55.0752,-702626.280878,44771.0211873
20260805-212200_r10_s10000_fast_gtr_findopt500,3904,58.3068,-702538.136127,44682.8764363
20260805-212200_r10_s10000_fast_gtr_findopt500,4046,60.2826,-702378.2916,44523.0319093
20260805-212200_r10_s10000_fast_gtr_findopt500,4056,60.4211,-702364.580048,44509.3203575
20260805-212200_r10_s10000_fast_gtr_findopt500,4404,65.2458,-702330.324447,44475.0647571
20260805-212200_r10_s10000_fast_gtr_findopt500,4527,66.9548,-702321.173407,44465.9137169
20260805-212200_r10_s10000_fast_gtr_findopt500,5017,73.8516,-702201.716027,44346.4563367
20260805-212200_r10_s10000_fast_gtr_findopt500,5109,75.145,-702133.724487,44278.4647963
20260805-212200_r10_s10000_fast_gtr_findopt500,5401,79.2033,-702090.047161,44234.7874706
20260805-212200_r10_s10000_fast_gtr_findopt500,5799,84.7416,-702086.277858,44231.0181681
20260805-212200_r10_s10000_fast_gtr_findopt500,5800,84.756,-701856.484331,44001.2246406
20260805-212200_r10_s10000_fast_gtr_findopt500,6670,97.0716,-701578.770771,43723.5110809
20260805-212200_r10_s10000_fast_gtr_findopt500,7648,111.037,-701485.240362,43629.9806712
20260805-212200_r10_s10000_fast_gtr_findopt500,8018,116.249,-701154.718554,43299.4588641
20260805-212200_r10_s10000_fast_gtr_findopt500,8665,125.269,-700549.061907,42693.802217
20260805-212200_r10_s10000_fast_gtr_findopt500,9765,140.654,-700484.069043,42628.8093527
20260805-212200_r10_s10000_fast_gtr_findopt500,10000,144,-700484.069043,42628.8093527
20260805-212713_r10_s10000_fast_gtr_findopt500,0,3.3454,-722502.707262,64647.4475715
20260805-212713_r10_s10000_fast_gtr_findopt500,5,3.41289,-722153.788551,64298.5288604
20260805-212713_r10_s10000_fast_gtr_findopt500,12,3.5115,-722011.026636,64155.7669457
20260805-212713_r10_s10000_fast_gtr_findopt500,24,3.6784,-721660.423542,63805.1638513
20260805-212713_r10_s10000_fast_gtr_findopt500,31,3.77632,-721533.847262,63678.587572
20260805-212713_r10_s10000_fast_gtr_findopt500,40,3.90176,-721298.03489,63442.7751993
20260805-212713_r10_s10000_fast_gtr_findopt500,42,3.9298,-721070.514167,63215.2544769
20260805-212713_r10_s10000_fast_gtr_findopt500,66,4.26568,-721043.033756,63187.7740654
20260805-212713_r10_s10000_fast_gtr_findopt500,103,4.78103,-721033.633866,63178.3741761
20260805-212713_r10_s10000_fast_gtr_findopt500,111,4.89138,-720724.958467,62869.6987764
20260805-212713_r10_s10000_fast_gtr_findopt500,115,4.94778,-720590.095845,62734.8361549
20260805-212713_r10_s10000_fast_gtr_findopt500,158,5.54857,-720349.571935,62494.3122447
20260805-212713_r10_s10000_fast_gtr_findopt500,160,5.57586,-720286.697665,62431.4379746
20260805-212713_r10_s10000_fast_gtr_findopt500,190,5.99385,-720239.537481,62384.2777908
20260805-212713_r10_s10000_fast_gtr_findopt500,210,6.27447,-719655.305253,61800.0455628
20260805-212713_r10_s10000_fast_gtr_findopt500,234,6.60958,-719501.814076,61646.5543857
20260805-212713_r10_s10000_fast_gtr_findopt500,235,6.6239,-718677.552261,60822.2925709
20260805-212713_r10_s10000_fast_gtr_findopt500,269,7.1047,-718264.472845,60409.2131545
20260805-212713_r10_s10000_fast_gtr_findopt500,289,7.38327,-717871.914881,60016.6551909
20260805-212713_r10_s10000_fast_gtr_findopt500,344,8.15329,-717861.998824,60006.7391339
20260805-212713_r10_s10000_fast_gtr_findopt500,378,8.62714,-717216.362333,59361.1026422
20260805-212713_r10_s10000_fast_gtr_findopt500,398,8.90679,-717212.485921,59357.2262302
20260805-212713_r10_s10000_fast_gtr_findopt500,400,8.93403,-717078.722384,59223.4626933
20260805-212713_r10_s10000_fast_gtr_findopt500,431,9.3639,-717067.198149,59211.9384584
20260805-212713_r10_s10000_fast_gtr_findopt500,442,9.51603,-716871.929886,59016.6701961
20260805-212713_r10_s10000_fast_gtr_findopt500,446,9.57098,-716700.55634,58845.2966501
20260805-212713_r10_s10000_fast_gtr_findopt500,483,10.0839,-716646.121541,58790.8618509
20260805-212713_r10_s10000_fast_gtr_findopt500,514,10.5193,-716389.510044,58534.2503533
20260805-212713_r10_s10000_fast_gtr_findopt500,522,10.631,-716225.52023,58370.2605393
20260805-212713_r10_s10000_fast_gtr_findopt500,584,11.5006,-715496.65519,57641.3954994
20260805-212713_r10_s10000_fast_gtr_findopt500,616,11.9489,-715210.666077,57355.4063866
20260805-212713_r10_s10000_fast_gtr_findopt500,628,12.1176,-715171.357615,57316.0979247
20260805-212713_r10_s10000_fast_gtr_findopt500,643,12.3296,-714989.028225,57133.7685347
20260805-212713_r10_s10000_fast_gtr_findopt500,648,12.4006,-714912.762353,57057.5026627
20260805-212713_r10_s10000_fast_gtr_findopt500,658,12.5419,-714884.562749,57029.3030589
20260805-212713_r10_s10000_fast_gtr_findopt500,667,12.6691,-714868.97706,57013.7173699
20260805-212713_r10_s10000_fast_gtr_findopt500,730,13.5576,-714254.763683,56399.5039925
20260805-212713_r10_s10000_fast_gtr_findopt500,788,14.3755,-714203.42321,56348.1635199
20260805-212713_r10_s10000_fast_gtr_findopt500,836,15.0524,-714199.084073,56343.8243827
20260805-212713_r10_s10000_fast_gtr_findopt500,895,15.8848,-713606.910236,55751.6505453
20260805-212713_r10_s10000_fast_gtr_findopt500,949,16.6461,-712593.026212,54737.7665213
20260805-212713_r10_s10000_fast_gtr_findopt500,1035,17.8471,-712538.560324,54683.3006335
20260805-212713_r10_s10000_fast_gtr_findopt500,1037,17.8756,-712426.668713,54571.4090228
20260805-212713_r10_s10000_fast_gtr_findopt500,1083,18.5216,-712238.910327,54383.6506369
20260805-212713_r10_s10000_fast_gtr_findopt500,1088,18.5923,-712099.772717,54244.5130269
20260805-212713_r10_s10000_fast_gtr_findopt500,1132,19.2127,-711712.345732,53857.086042
20260805-212713_r10_s10000_fast_gtr_findopt500,1234,20.6473,-711592.539323,53737.2796325
20260805-212713_r10_s10000_fast_gtr_findopt500,1293,21.4798,-711525.766179,53670.5064885
20260805-212713_r10_s10000_fast_gtr_findopt500,1312,21.7463,-711413.487724,53558.2280338
20260805-212713_r10_s10000_fast_gtr_findopt500,1320,21.8591,-711251.586783,53396.3270925
20260805-212713_r10_s10000_fast_gtr_findopt500,1323,21.9015,-711233.000702,53377.7410119
20260805-212713_r10_s10000_fast_gtr_findopt500,1608,25.9024,-711173.950938,53318.6912475
20260805-212713_r10_s10000_fast_gtr_findopt500,1680,26.9151,-711078.442266,53223.1825753
20260805-212713_r10_s10000_fast_gtr_findopt500,1681,26.9294,-710963.263175,53108.0034849
20260805-212713_r10_s10000_fast_gtr_findopt500,1710,27.3364,-710728.82365,52873.5639593
20260805-212713_r10_s10000_fast_gtr_findopt500,1792,28.4854,-710630.445898,52775.1862072
20260805-212713_r10_s10000_fast_gtr_findopt500,1841,29.1718,-710546.771592,52691.5119019
20260805-212713_r10_s10000_fast_gtr_findopt500,1847,29.2563,-709972.472942,52117.213252
20260805-212713_r10_s10000_fast_gtr_findopt500,1866,29.5218,-709818.527214,51963.2675234
20260805-212713_r10_s10000_fast_gtr_findopt500,1912,30.1633,-709438.827446,51583.5677558
20260805-212713_r10_s10000_fast_gtr_findopt500,1914,30.1907,-708783.935191,50928.6755007
20260805-212713_r10_s10000_fast_gtr_findopt500,2103,32.8329,-708617.881905,50762.6222145
20260805-212713_r10_s10000_fast_gtr_findopt500,2174,33.8251,-708550.138939,50694.8792491
20260805-212713_r10_s10000_fast_gtr_findopt500,2274,35.2231,-708417.675287,50562.4155971
20260805-212713_r10_s10000_fast_gtr_findopt500,2325,35.9364,-708057.238002,50201.9783119
20260805-212713_r10_s10000_fast_gtr_findopt500,2364,36.4821,-707788.580609,49933.3209185
20260805-212713_r10_s10000_fast_gtr_findopt500,2387,36.8028,-707561.191897,49705.9322066
20260805-212713_r10_s10000_fast_gtr_findopt500,2393,36.8869,-707404.68671,49549.4270197
20260805-212713_r10_s10000_fast_gtr_findopt500,2407,37.0833,-707360.804776,49505.5450855
20260805-212713_r10_s10000_fast_gtr_findopt500,2415,37.1955,-706890.279616,49035.0199254
20260805-212713_r10_s10000_fast_gtr_findopt500,2429,37.392,-706640.993395,48785.7337046
20260805-212713_r10_s10000_fast_gtr_findopt500,2617,40.0152,-705936.671069,48081.4113791
20260805-212713_r10_s10000_fast_gtr_findopt500,2734,41.6504,-705085.844721,47230.5850302
20260805-212713_r10_s10000_fast_gtr_findopt500,2786,42.3767,-704999.323391,47144.063701
20260805-212713_r10_s10000_fast_gtr_findopt500,2823,42.8915,-704615.891164,46760.6314732
20260805-212713_r10_s10000_fast_gtr_findopt500,2890,43.8204,-704037.826242,46182.566552
20260805-212713_r10_s10000_fast_gtr_findopt500,3056,46.1168,-703924.998839,46069.7391491
20260805-212713_r10_s10000_fast_gtr_findopt500,3106,46.811,-703917.181348,46061.9216578
20260805-212713_r10_s10000_fast_gtr_findopt500,3110,46.8668,-703835.642755,45980.3830648
20260805-212713_r10_s10000_fast_gtr_findopt500,3155,47.4933,-702888.923605,45033.663915
20260805-212713_r10_s10000_fast_gtr_findopt500,3203,48.1617,-702861.558899,45006.2992089
20260805-212713_r10_s10000_fast_gtr_findopt500,3222,48.4255,-702855.718926,45000.4592355
20260805-212713_r10_s10000_fast_gtr_findopt500,3418,51.1646,-701625.760825,43770.501135
20260805-212713_r10_s10000_fast_gtr_findopt500,3558,53.1371,-701566.594286,43711.3345954
20260805-212713_r10_s10000_fast_gtr_findopt500,3567,53.263,-701362.010138,43506.7504478
20260805-212713_r10_s10000_fast_gtr_findopt500,3599,53.7136,-701114.927437,43259.6677462
20260805-212713_r10_s10000_fast_gtr_findopt500,3952,58.6617,-700916.067868,43060.8081781
20260805-212713_r10_s10000_fast_gtr_findopt500,4029,59.7408,-700804.157442,42948.8977516
20260805-212713_r10_s10000_fast_gtr_findopt500,4066,60.2589,-700722.351003,42867.0913122
20260805-212713_r10_s10000_fast_gtr_findopt500,4213,62.3152,-699808.542284,41953.2825933
20260805-212713_r10_s10000_fast_gtr_findopt500,5752,83.8812,-699682.15325,41826.8935597
20260805-212713_r10_s10000_fast_gtr_findopt500,5845,85.1824,-699654.609185,41799.3494942
20260805-212713_r10_s10000_fast_gtr_findopt500,5889,85.7975,-699473.570109,41618.3104191
20260805-212713_r10_s10000_fast_gtr_findopt500,6048,88.0271,-699402.211784,41546.9520936
20260805-212713_r10_s10000_fast_gtr_findopt500,8871,127.612,-699124.68829,41269.4285998
20260805-212713_r10_s10000_fast_gtr_findopt500,10000,143.454,-699124.68829,41269.4285998
20260805-213222_r10_s10000_fast_gtr_findopt500,0,3.38225,-722502.707262,64647.4475715
20260805-213222_r10_s10000_fast_gtr_findopt500,14,3.58069,-722354.817979,64499.5582891
20260805-213222_r10_s10000_fast_gtr_findopt500,40,3.94598,-722209.780698,64354.5210081
20260805-213222_r10_s10000_fast_gtr_findopt500,55,4.15662,-722056.187532,64200.9278417
20260805-213222_r10_s10000_fast_gtr_findopt500,59,4.21431,-721855.171477,63999.9117865
20260805-213222_r10_s10000_fast_gtr_findopt500,70,4.37197,-721280.6146,63425.3549093
20260805-213222_r10_s10000_fast_gtr_findopt500,73,4.41431,-721180.785791,63325.5261002
20260805-213222_r10_s10000_fast_gtr_findopt500,77,4.47079,-721022.06022,63166.8005292
20260805-213222_r10_s10000_fast_gtr_findopt500,95,4.72518,-720720.688155,62865.4284649
20260805-213222_r10_s10000_fast_gtr_findopt500,100,4.79496,-720157.126446,62301.866756
20260805-213222_r10_s10000_fast_gtr_findopt500,106,4.87975,-719555.354553,61700.0948629
20260805-213222_r10_s10000_fast_gtr_findopt500,154,5.5549,-719199.889403,61344.6297126
20260805-213222_r10_s10000_fast_gtr_findopt500,155,5.56933,-719069.88013,61214.6204397
20260805-213222_r10_s10000_fast_gtr_findopt500,160,5.64074,-718738.004005,60882.7443148
20260805-213222_r10_s10000_fast_gtr_findopt500,165,5.71076,-718527.67074,60672.4110498
20260805-213222_r10_s10000_fast_gtr_findopt500,180,5.92217,-717154.131126,59298.8714352
20260805-213222_r10_s10000_fast_gtr_findopt500,195,6.13502,-717098.442248,59243.1825579
20260805-213222_r10_s10000_fast_gtr_findopt500,242,6.8,-715904.653118,58049.393428
20260805-213222_r10_s10000_fast_gtr_findopt500,352,8.35143,-715857.698076,58002.438386
20260805-213222_r10_s10000_fast_gtr_findopt500,373,8.64822,-715292.042208,57436.7825174
20260805-213222_r10_s10000_fast_gtr_findopt500,450,9.73402,-715134.764715,57279.5050244
20260805-213222_r10_s10000_fast_gtr_findopt500,469,10.0026,-714550.639848,56695.3801577
20260805-213222_r10_s10000_fast_gtr_findopt500,503,10.4775,-714513.529377,56658.2696868
20260805-213222_r10_s10000_fast_gtr_findopt500,671,12.8414,-714217.735391,56362.4757009
20260805-213222_r10_s10000_fast_gtr_findopt500,686,13.0527,-714137.583319,56282.323629
20260805-213222_r10_s10000_fast_gtr_findopt500,691,13.1236,-714068.057097,56212.7974065
20260805-213222_r10_s10000_fast_gtr_findopt500,728,13.6451,-713974.205622,56118.9459321
20260805-213222_r10_s10000_fast_gtr_findopt500,860,15.5068,-713861.041708,56005.7820175
20260805-213222_r10_s10000_fast_gtr_findopt500,882,15.8146,-713630.739385,55775.4796948
20260805-213222_r10_s10000_fast_gtr_findopt500,901,16.0831,-713417.518194,55562.2585039
20260805-213222_r10_s10000_fast_gtr_findopt500,906,16.1536,-713052.36013,55197.1004392
20260805-213222_r10_s10000_fast_gtr_findopt500,914,16.2639,-712179.801795,54324.5421043
20260805-213222_r10_s10000_fast_gtr_findopt500,919,16.3341,-711911.838826,54056.5791353
20260805-213222_r10_s10000_fast_gtr_findopt500,920,16.3485,-711883.831918,54028.5722277
20260805-213222_r10_s10000_fast_gtr_findopt500,953,16.8139,-711861.667515,54006.407825
20260805-213222_r10_s10000_fast_gtr_findopt500,987,17.293,-711562.58333,53707.3236394
20260805-213222_r10_s10000_fast_gtr_findopt500,994,17.3919,-711536.556758,53681.297068
20260805-213222_r10_s10000_fast_gtr_findopt500,1031,17.9153,-710642.731352,52787.4716619
20260805-213222_r10_s10000_fast_gtr_findopt500,1064,18.3805,-710175.854115,52320.5944248
20260805-213222_r10_s10000_fast_gtr_findopt500,1071,18.477,-709925.468997,52070.2093069
20260805-213222_r10_s10000_fast_gtr_findopt500,1094,18.7997,-709852.834728,51997.5750373
20260805-213222_r10_s10000_fast_gtr_findopt500,1096,18.8281,-709060.210226,51204.950536
20260805-213222_r10_s10000_fast_gtr_findopt500,1125,19.2359,-708750.578712,50895.3190214
20260805-213222_r10_s10000_fast_gtr_findopt500,1134,19.3627,-708677.10394,50821.8442501
20260805-213222_r10_s10000_fast_gtr_findopt500,1159,19.7155,-708358.187813,50502.9281224
20260805-213222_r10_s10000_fast_gtr_findopt500,1167,19.8278,-708063.581141,50208.3214508
20260805-213222_r10_s10000_fast_gtr_findopt500,1191,20.164,-708063.389827,50208.1301368
20260805-213222_r10_s10000_fast_gtr_findopt500,1226,20.6607,-707984.37238,50129.1126898
20260805-213222_r10_s10000_fast_gtr_findopt500,1236,20.8034,-707857.956979,50002.697289
20260805-213222_r10_s10000_fast_gtr_findopt500,1249,20.9858,-707120.194941,49264.9352509
20260805-213222_r10_s10000_fast_gtr_findopt500,1285,21.4896,-707082.290561,49227.0308703
20260805-213222_r10_s10000_fast_gtr_findopt500,1333,22.1592,-707072.725256,49217.4655657
20260805-213222_r10_s10000_fast_gtr_findopt500,1364,22.5919,-706856.380285,49001.1205947
20260805-213222_r10_s10000_fast_gtr_findopt500,1439,23.641,-706535.640418,48680.3807276
20260805-213222_r10_s10000_fast_gtr_findopt500,1440,23.6553,-706513.722448,48658.4627579
20260805-213222_r10_s10000_fast_gtr_findopt500,1496,24.4377,-706367.446094,48512.1864041
20260805-213222_r10_s10000_fast_gtr_findopt500,1546,25.1491,-706353.627172,48498.3674818
20260805-213222_r10_s10000_fast_gtr_findopt500,1603,25.9606,-706233.892686,48378.6329952
20260805-213222_r10_s10000_fast_gtr_findopt500,1633,26.3875,-705660.971612,47805.7119216
20260805-213222_r10_s10000_fast_gtr_findopt500,1838,29.2996,-705558.163752,47702.9040618
20260805-213222_r10_s10000_fast_gtr_findopt500,1840,29.3286,-704961.45201,47106.1923195
20260805-213222_r10_s10000_fast_gtr_findopt500,2239,35.0236,-704899.305854,47044.0461641
20260805-213222_r10_s10000_fast_gtr_findopt500,2372,36.939,-704219.573278,46364.3135878
20260805-213222_r10_s10000_fast_gtr_findopt500,2381,37.0681,-704143.486657,46288.2269668
20260805-213222_r10_s10000_fast_gtr_findopt500,2644,40.8248,-703895.843151,46040.5834605
20260805-213222_r10_s10000_fast_gtr_findopt500,2661,41.0669,-703742.036757,45886.7770669
20260805-213222_r10_s10000_fast_gtr_findopt500,3123,47.6937,-703603.418308,45748.1586177
20260805-213222_r10_s10000_fast_gtr_findopt500,3247,49.4801,-703583.284808,45728.0251171
20260805-213222_r10_s10000_fast_gtr_findopt500,3293,50.1417,-703322.936641,45467.6769509
20260805-213222_r10_s10000_fast_gtr_findopt500,3356,51.0425,-703183.568718,45328.3090273
20260805-213222_r10_s10000_fast_gtr_findopt500,3551,53.8322,-702894.233363,45038.9736725
20260805-213222_r10_s10000_fast_gtr_findopt500,3628,54.9306,-702892.993703,45037.7340125
20260805-213222_r10_s10000_fast_gtr_findopt500,3734,56.4431,-702725.819183,44870.5594929
20260805-213222_r10_s10000_fast_gtr_findopt500,3915,59.0023,-702056.278058,44201.0183678
20260805-213222_r10_s10000_fast_gtr_findopt500,3977,59.8752,-701887.245684,44031.9859938
20260805-213222_r10_s10000_fast_gtr_findopt500,4538,67.7726,-701271.141558,43415.8818674
20260805-213222_r10_s10000_fast_gtr_findopt500,4809,71.5878,-701030.8026,43175.5429093
20260805-213222_r10_s10000_fast_gtr_findopt500,4995,74.2074,-700993.364454,43138.1047632
20260805-213222_r10_s10000_fast_gtr_findopt500,5498,81.2971,-700902.664782,43047.4050916
20260805-213222_r10_s10000_fast_gtr_findopt500,5638,83.3027,-700845.768065,42990.5083743
20260805-213222_r10_s10000_fast_gtr_findopt500,5864,86.5372,-700692.2681,42837.0084092
20260805-213222_r10_s10000_fast_gtr_findopt500,6909,101.28,-700678.274629,42823.0149384
20260805-213222_r10_s10000_fast_gtr_findopt500,8014,116.876,-700534.708164,42679.4484735
20260805-213222_r10_s10000_fast_gtr_findopt500,8208,119.622,-700389.580904,42534.3212132
20260805-213222_r10_s10000_fast_gtr_findopt500,9720,141.126,-700229.172834,42373.9131438
20260805-213222_r10_s10000_fast_gtr_findopt500,9804,142.298,-700070.892109,42215.6324183
20260805-213222_r10_s10000_fast_gtr_findopt500,10000,145.023,-700070.892109,42215.6324183
20260805-213735_r10_s10000_fast_gtr_findopt500,0,3.37008,-722502.707262,64647.4475715
20260805-213735_r10_s10000_fast_gtr_findopt500,3,3.40877,-722148.707587,64293.4478966
20260805-213735_r10_s10000_fast_gtr_findopt500,6,3.45101,-721918.207814,64062.9481232
20260805-213735_r10_s10000_fast_gtr_findopt500,22,3.67486,-721895.684791,64040.4251011
20260805-213735_r10_s10000_fast_gtr_findopt500,40,3.92698,-721835.417281,63980.1575908
20260805-213735_r10_s10000_fast_gtr_findopt500,68,4.31901,-721813.539497,63958.2798068
20260805-213735_r10_s10000_fast_gtr_findopt500,91,4.63718,-721718.21967,63862.9599796
20260805-213735_r10_s10000_fast_gtr_findopt500,102,4.79012,-721574.489067,63719.2293769
20260805-213735_r10_s10000_fast_gtr_findopt500,109,4.88814,-721569.176191,63713.9165005
20260805-213735_r10_s10000_fast_gtr_findopt500,142,5.34686,-720857.210619,63001.9509285
20260805-213735_r10_s10000_fast_gtr_findopt500,146,5.40279,-720748.649981,62893.3902906
20260805-213735_r10_s10000_fast_gtr_findopt500,164,5.65355,-720547.786683,62692.5269924
20260805-213735_r10_s10000_fast_gtr_findopt500,190,6.01446,-720113.63345,62258.3737593
20260805-213735_r10_s10000_fast_gtr_findopt500,204,6.20976,-719777.308308,61922.0486181
20260805-213735_r10_s10000_fast_gtr_findopt500,231,6.58409,-719227.522244,61372.2625538
20260805-213735_r10_s10000_fast_gtr_findopt500,257,6.94863,-719089.59137,61234.3316794
20260805-213735_r10_s10000_fast_gtr_findopt500,261,7.0026,-718416.781648,60561.521958
20260805-213735_r10_s10000_fast_gtr_findopt500,315,7.75283,-718080.003503,60224.7438122
20260805-213735_r10_s10000_fast_gtr_findopt500,357,8.33717,-718034.561464,60179.3017734
20260805-213735_r10_s10000_fast_gtr_findopt500,365,8.44939,-717891.098925,60035.8392346
20260805-213735_r10_s10000_fast_gtr_findopt500,384,8.71479,-717743.570305,59888.3106145
20260805-213735_r10_s10000_fast_gtr_findopt500,430,9.35742,-717439.885824,59584.6261333
20260805-213735_r10_s10000_fast_gtr_findopt500,439,9.48425,-717397.423704,59542.1640135
20260805-213735_r10_s10000_fast_gtr_findopt500,446,9.5814,-717374.407645,59519.1479546
20260805-213735_r10_s10000_fast_gtr_findopt500,461,9.79127,-717364.336892,59509.0772016
20260805-213735_r10_s10000_fast_gtr_findopt500,505,10.4087,-716961.396336,59106.1366459
20260805-213735_r10_s10000_fast_gtr_findopt500,510,10.4788,-716803.273612,58948.0139219
20260805-213735_r10_s10000_fast_gtr_findopt500,520,10.6182,-716567.106853,58711.8471631
20260805-213735_r10_s10000_fast_gtr_findopt500,529,10.744,-716391.319641,58536.0599508
20260805-213735_r10_s10000_fast_gtr_findopt500,541,10.914,-716118.329669,58263.0699785
20260805-213735_r10_s10000_fast_gtr_findopt500,619,12.0161,-716016.232181,58160.9724911
20260805-213735_r10_s10000_fast_gtr_findopt500,624,12.0858,-715473.83803,57618.5783398
20260805-213735_r10_s10000_fast_gtr_findopt500,635,12.2417,-715347.247973,57491.9882824
20260805-213735_r10_s10000_fast_gtr_findopt500,636,12.2563,-715014.089914,57158.8302234
20260805-213735_r10_s10000_fast_gtr_findopt500,659,12.5816,-714853.884621,56998.6249311
20260805-213735_r10_s10000_fast_gtr_findopt500,706,13.2433,-714291.379318,56436.1196281
20260805-213735_r10_s10000_fast_gtr_findopt500,736,13.6663,-713963.690741,56108.4310509
20260805-213735_r10_s10000_fast_gtr_findopt500,742,13.7513,-713852.247376,55996.9876858
20260805-213735_r10_s10000_fast_gtr_findopt500,826,14.9368,-713699.213832,55843.9541413
20260805-213735_r10_s10000_fast_gtr_findopt500,835,15.0645,-713685.663499,55830.4038087
20260805-213735_r10_s10000_fast_gtr_findopt500,837,15.0932,-713621.399561,55766.1398709
20260805-213735_r10_s10000_fast_gtr_findopt500,841,15.1499,-713045.424692,55190.1650014
20260805-213735_r10_s10000_fast_gtr_findopt500,892,15.8698,-712738.938968,54883.6792774
20260805-213735_r10_s10000_fast_gtr_findopt500,919,16.2518,-712616.323833,54761.0641425
20260805-213735_r10_s10000_fast_gtr_findopt500,956,16.7743,-712586.8026,54731.5429097
20260805-213735_r10_s10000_fast_gtr_findopt500,1163,19.7026,-712486.603379,54631.343689
20260805-213735_r10_s10000_fast_gtr_findopt500,1195,20.1552,-712325.322761,54470.063071
20260805-213735_r10_s10000_fast_gtr_findopt500,1209,20.3533,-712099.196182,54243.9364915
20260805-213735_r10_s10000_fast_gtr_findopt500,1318,21.8932,-711953.995418,54098.7357277
20260805-213735_r10_s10000_fast_gtr_findopt500,1416,23.2817,-711672.94854,53817.6888494
20260805-213735_r10_s10000_fast_gtr_findopt500,1443,23.6633,-711262.764453,53407.5047625
20260805-213735_r10_s10000_fast_gtr_findopt500,1496,24.4117,-710868.153736,53012.8940456
20260805-213735_r10_s10000_fast_gtr_findopt500,1646,26.5368,-710842.210151,52986.9504602
20260805-213735_r10_s10000_fast_gtr_findopt500,1728,27.6998,-710563.118277,52707.8585869
20260805-213735_r10_s10000_fast_gtr_findopt500,1749,27.997,-710555.408405,52700.148715
20260805-213735_r10_s10000_fast_gtr_findopt500,1757,28.1098,-710404.468029,52549.2083383
20260805-213735_r10_s10000_fast_gtr_findopt500,1788,28.5488,-710236.666407,52381.4067164
20260805-213735_r10_s10000_fast_gtr_findopt500,1796,28.6619,-710029.272531,52174.0128403
20260805-213735_r10_s10000_fast_gtr_findopt500,1954,30.901,-709806.792041,51951.5323502
20260805-213735_r10_s10000_fast_gtr_findopt500,2020,31.8358,-709599.312136,51744.0524454
20260805-213735_r10_s10000_fast_gtr_findopt500,2060,32.4026,-709172.146217,51316.886527
20260805-213735_r10_s10000_fast_gtr_findopt500,2100,32.9696,-708932.117653,51076.8579625
20260805-213735_r10_s10000_fast_gtr_findopt500,2163,33.8629,-706182.723576,48327.4638856
20260805-213735_r10_s10000_fast_gtr_findopt500,2344,36.4226,-705668.028679,47812.7689888
20260805-213735_r10_s10000_fast_gtr_findopt500,2435,37.7123,-704985.592797,47130.3331063
20260805-213735_r10_s10000_fast_gtr_findopt500,2444,37.8401,-704786.109479,46930.8497887
20260805-213735_r10_s10000_fast_gtr_findopt500,2474,38.2633,-704406.759003,46551.4993128
20260805-213735_r10_s10000_fast_gtr_findopt500,2515,38.8436,-704265.118101,46409.8584104
20260805-213735_r10_s10000_fast_gtr_findopt500,2621,40.3361,-703696.009962,45840.7502713
20260805-213735_r10_s10000_fast_gtr_findopt500,2668,40.9985,-703335.303146,45480.043456
20260805-213735_r10_s10000_fast_gtr_findopt500,2707,41.5473,-702946.385684,45091.1259931
20260805-213735_r10_s10000_fast_gtr_findopt500,2976,45.3287,-702380.569104,44525.3094137
20260805-213735_r10_s10000_fast_gtr_findopt500,3004,45.7251,-702299.96007,44444.7003799
20260805-213735_r10_s10000_fast_gtr_findopt500,3178,48.1988,-702230.190996,44374.9313056
20260805-213735_r10_s10000_fast_gtr_findopt500,4181,62.4565,-701787.770218,43932.510528
20260805-213735_r10_s10000_fast_gtr_findopt500,4188,62.5561,-701593.315451,43738.0557602
20260805-213735_r10_s10000_fast_gtr_findopt500,4486,66.791,-701583.571406,43728.3117156
20260805-213735_r10_s10000_fast_gtr_findopt500,6245,91.6695,-701095.453765,43240.194075
20260805-213735_r10_s10000_fast_gtr_findopt500,7073,103.448,-700945.721792,43090.4621016
20260805-213735_r10_s10000_fast_gtr_findopt500,8884,129.06,-700931.774929,43076.5152385
20260805-213735_r10_s10000_fast_gtr_findopt500,9663,139.914,-700891.778359,43036.5186682
20260805-213735_r10_s10000_fast_gtr_findopt500,10000,144.611,-700891.778359,43036.5186682
20260806-124905_r1_s10000_fast_gtr_findopt500,0,3.38936,-722502.707262,64647.4475715
20260806-124905_r1_s10000_fast_gtr_findopt500,3,3.43173,-722450.382007,64595.1223167
20260806-124905_r1_s10000_fast_gtr_findopt500,5,3.46031,-722369.044291,64513.7846005
20260806-124905_r1_s10000_fast_gtr_findopt500,9,3.51699,-722060.328187,64205.0684966
20260806-124905_r1_s10000_fast_gtr_findopt500,49,4.08192,-721855.38084,64000.1211497
20260806-124905_r1_s10000_fast_gtr_findopt500,112,4.97354,-721603.495253,63748.2355625
20260806-124905_r1_s10000_fast_gtr_findopt500,114,5.00226,-721536.75405,63681.4943601
20260806-124905_r1_s10000_fast_gtr_findopt500,123,5.13015,-721503.735686,63648.4759956
20260806-124905_r1_s10000_fast_gtr_findopt500,133,5.27066,-721428.60825,63573.3485599
20260806-124905_r1_s10000_fast_gtr_findopt500,136,5.31318,-721200.587894,63345.3282037
20260806-124905_r1_s10000_fast_gtr_findopt500,149,5.49394,-721141.518901,63286.259211
20260806-124905_r1_s10000_fast_gtr_findopt500,153,5.54973,-721065.306033,63210.0463428
20260806-124905_r1_s10000_fast_gtr_findopt500,171,5.79772,-720730.236273,62874.9765828
20260806-124905_r1_s10000_fast_gtr_findopt500,185,5.99364,-720558.338261,62703.078571
20260806-124905_r1_s10000_fast_gtr_findopt500,193,6.10759,-720188.006005,62332.7463144
20260806-124905_r1_s10000_fast_gtr_findopt500,195,6.13635,-720076.656043,62221.3963522
20260806-124905_r1_s10000_fast_gtr_findopt500,196,6.15085,-719780.987404,61925.727714
20260806-124905_r1_s10000_fast_gtr_findopt500,212,6.37809,-719212.508145,61357.2484544
20260806-124905_r1_s10000_fast_gtr_findopt500,217,6.44922,-719136.119497,61280.8598065
20260806-124905_r1_s10000_fast_gtr_findopt500,220,6.49132,-718937.036328,61081.7766375
20260806-124905_r1_s10000_fast_gtr_findopt500,232,6.66078,-718899.091856,61043.8321654
20260806-124905_r1_s10000_fast_gtr_findopt500,233,6.67425,-718726.161462,60870.901772
20260806-124905_r1_s10000_fast_gtr_findopt500,240,6.77333,-717919.79597,60064.5362796
20260806-124905_r1_s10000_fast_gtr_findopt500,243,6.81594,-717898.22811,60042.9684198
20260806-124905_r1_s10000_fast_gtr_findopt500,252,6.94595,-717809.896335,59954.6366448
20260806-124905_r1_s10000_fast_gtr_findopt500,276,7.28772,-717625.867909,59770.6082188
20260806-124905_r1_s10000_fast_gtr_findopt500,286,7.42942,-717039.127806,59183.8681157
20260806-124905_r1_s10000_fast_gtr_findopt500,302,7.65464,-716106.602912,58251.3432214
20260806-124905_r1_s10000_fast_gtr_findopt500,307,7.72438,-716070.244974,58214.9852835
20260806-124905_r1_s10000_fast_gtr_findopt500,311,7.7813,-715928.959661,58073.6999706
20260806-124905_r1_s10000_fast_gtr_findopt500,312,7.79577,-715706.939145,57851.6794547
20260806-124905_r1_s10000_fast_gtr_findopt500,320,7.90844,-715614.457134,57759.1974432
20260806-124905_r1_s10000_fast_gtr_findopt500,335,8.11972,-715431.8314,57576.5717095
20260806-124905_r1_s10000_fast_gtr_findopt500,373,8.65635,-714875.125204,57019.8655137
20260806-124905_r1_s10000_fast_gtr_findopt500,377,8.71285,-714816.255918,56960.9962274
20260806-124905_r1_s10000_fast_gtr_findopt500,385,8.82415,-714579.522004,56724.2623139
20260806-124905_r1_s10000_fast_gtr_findopt500,394,8.95057,-714564.896974,56709.6372832
20260806-124905_r1_s10000_fast_gtr_findopt500,408,9.14508,-714450.993575,56595.733885
20260806-124905_r1_s10000_fast_gtr_findopt500,411,9.18772,-714413.349331,56558.0896405
20260806-124905_r1_s10000_fast_gtr_findopt500,414,9.22983,-714399.242831,56543.9831402
20260806-124905_r1_s10000_fast_gtr_findopt500,450,9.73322,-714226.52198,56371.2622893
20260806-124905_r1_s10000_fast_gtr_findopt500,477,10.1114,-714167.805303,56312.5456128
20260806-124905_r1_s10000_fast_gtr_findopt500,479,10.1397,-713873.052554,56017.7928632
20260806-124905_r1_s10000_fast_gtr_findopt500,497,10.3916,-713736.101051,55880.8413605
20260806-124905_r1_s10000_fast_gtr_findopt500,513,10.6162,-713466.671064,55611.4113733
20260806-124905_r1_s10000_fast_gtr_findopt500,540,10.9963,-713249.101204,55393.8415132
20260806-124905_r1_s10000_fast_gtr_findopt500,543,11.0388,-711333.022398,53477.7627078
20260806-124905_r1_s10000_fast_gtr_findopt500,592,11.7265,-711200.320803,53345.061113
20260806-124905_r1_s10000_fast_gtr_findopt500,604,11.8965,-711169.465694,53314.2060036
20260806-124905_r1_s10000_fast_gtr_findopt500,614,12.0379,-710904.773444,53049.5137534
20260806-124905_r1_s10000_fast_gtr_findopt500,640,12.4076,-710791.79446,52936.53477
20260806-124905_r1_s10000_fast_gtr_findopt500,657,12.6469,-710759.107911,52903.848221
20260806-124905_r1_s10000_fast_gtr_findopt500,665,12.7599,-710732.834948,52877.5752576
20260806-124905_r1_s10000_fast_gtr_findopt500,681,12.9857,-710355.637995,52500.378305
20260806-124905_r1_s10000_fast_gtr_findopt500,746,13.9003,-710156.898434,52301.6387435
20260806-124905_r1_s10000_fast_gtr_findopt500,749,13.9431,-709666.403768,51811.1440773
20260806-124905_r1_s10000_fast_gtr_findopt500,756,14.0411,-709650.925047,51795.665357
20260806-124905_r1_s10000_fast_gtr_findopt500,762,14.1257,-709401.053293,51545.7936024
20260806-124905_r1_s10000_fast_gtr_findopt500,765,14.1681,-709342.129078,51486.8693879
20260806-124905_r1_s10000_fast_gtr_findopt500,818,14.9138,-709242.146454,51386.8867636
20260806-124905_r1_s10000_fast_gtr_findopt500,843,15.2686,-709176.841164,51321.5814741
20260806-124905_r1_s10000_fast_gtr_findopt500,860,15.5094,-708987.956222,51132.6965314
20260806-124905_r1_s10000_fast_gtr_findopt500,879,15.7774,-708759.765391,50904.505701
20260806-124905_r1_s10000_fast_gtr_findopt500,882,15.8191,-708490.827043,50635.567353
20260806-124905_r1_s10000_fast_gtr_findopt500,907,16.1711,-708405.753069,50550.493379
20260806-124905_r1_s10000_fast_gtr_findopt500,956,16.8634,-708119.621564,50264.3618737
20260806-124905_r1_s10000_fast_gtr_findopt500,974,17.1177,-707559.784552,49704.5248615
20260806-124905_r1_s10000_fast_gtr_findopt500,983,17.2465,-707545.661385,49690.4016943
20260806-124905_r1_s10000_fast_gtr_findopt500,1046,18.1424,-707404.269188,49549.0094972
20260806-124905_r1_s10000_fast_gtr_findopt500,1052,18.2272,-707327.489369,49472.2296782
20260806-124905_r1_s10000_fast_gtr_findopt500,1053,18.2407,-707210.337538,49355.0778475
20260806-124905_r1_s10000_fast_gtr_findopt500,1057,18.2974,-706549.739477,48694.4797866
20260806-124905_r1_s10000_fast_gtr_findopt500,1112,19.0762,-705821.54109,47966.2813996
20260806-124905_r1_s10000_fast_gtr_findopt500,1119,19.1756,-705796.996997,47941.7373066
20260806-124905_r1_s10000_fast_gtr_findopt500,1163,19.7946,-705776.109398,47920.8497072
20260806-124905_r1_s10000_fast_gtr_findopt500,1251,21.0356,-705470.285764,47615.0260739
20260806-124905_r1_s10000_fast_gtr_findopt500,1314,21.9244,-704688.303946,46833.0442559
20260806-124905_r1_s10000_fast_gtr_findopt500,1320,22.0094,-704289.790985,46434.5312942
20260806-124905_r1_s10000_fast_gtr_findopt500,1373,22.7563,-704148.44755,46293.1878592
20260806-124905_r1_s10000_fast_gtr_findopt500,1380,22.8552,-703891.364897,46036.1052064
20260806-124905_r1_s10000_fast_gtr_findopt500,1381,22.8696,-703855.360419,46000.1007287
20260806-124905_r1_s10000_fast_gtr_findopt500,1489,24.3937,-703734.620794,45879.3611033
20260806-124905_r1_s10000_fast_gtr_findopt500,1512,24.7206,-703474.861721,45619.6020304
20260806-124905_r1_s10000_fast_gtr_findopt500,1630,26.4032,-703146.296805,45291.0371151
20260806-124905_r1_s10000_fast_gtr_findopt500,1671,26.9892,-702796.654496,44941.394806
20260806-124905_r1_s10000_fast_gtr_findopt500,1680,27.1184,-702604.250251,44748.9905607
20260806-124905_r1_s10000_fast_gtr_findopt500,1748,28.0865,-702603.810722,44748.5510313
20260806-124905_r1_s10000_fast_gtr_findopt500,1750,28.1153,-702564.570053,44709.310363
20260806-124905_r1_s10000_fast_gtr_findopt500,1788,28.6561,-702413.09765,44557.83796
20260806-124905_r1_s10000_fast_gtr_findopt500,1795,28.7552,-702395.704844,44540.4451532
20260806-124905_r1_s10000_fast_gtr_findopt500,1819,29.0937,-702296.090374,44440.8306834
20260806-124905_r1_s10000_fast_gtr_findopt500,1947,30.897,-702166.959727,44311.7000366
20260806-124905_r1_s10000_fast_gtr_findopt500,2011,31.7895,-702050.444901,44195.1852106
20260806-124905_r1_s10000_fast_gtr_findopt500,2050,32.3327,-701932.350014,44077.0903235
20260806-124905_r1_s10000_fast_gtr_findopt500,2253,35.1637,-701498.866337,43643.6066465
20260806-124905_r1_s10000_fast_gtr_findopt500,2278,35.5131,-701498.110129,43642.8504391
20260806-124905_r1_s10000_fast_gtr_findopt500,2391,37.0897,-701417.415401,43562.1557105
20260806-124905_r1_s10000_fast_gtr_findopt500,2552,39.3343,-701311.076932,43455.8172415
20260806-124905_r1_s10000_fast_gtr_findopt500,2616,40.2297,-701154.271265,43299.011575
20260806-124905_r1_s10000_fast_gtr_findopt500,2941,44.7636,-701081.383098,43226.1234077
20260806-124905_r1_s10000_fast_gtr_findopt500,3312,49.9446,-700990.533331,43135.2736408
20260806-124905_r1_s10000_fast_gtr_findopt500,3599,53.9536,-700853.84484,42998.5851498
20260806-124905_r1_s10000_fast_gtr_findopt500,3620,54.2481,-700381.260158,42526.0004675
20260806-124905_r1_s10000_fast_gtr_findopt500,3847,57.4636,-700239.72299,42384.4632999
20260806-124905_r1_s10000_fast_gtr_findopt500,3996,59.5739,-700186.907538,42331.6478472
20260806-124905_r1_s10000_fast_gtr_findopt500,4488,66.5541,-699583.983167,41728.7234766
20260806-124905_r1_s10000_fast_gtr_findopt500,4497,66.6824,-699366.489662,41511.2299712
20260806-124905_r1_s10000_fast_gtr_findopt500,4948,73.0816,-699209.321956,41354.0622659
20260806-124905_r1_s10000_fast_gtr_findopt500,5015,74.03,-699181.023372,41325.7636814
20260806-124905_r1_s10000_fast_gtr_findopt500,5165,76.153,-699123.077568,41267.8178771
20260806-124905_r1_s10000_fast_gtr_findopt500,5590,82.1241,-698972.82365,41117.5639594
20260806-124905_r1_s10000_fast_gtr_findopt500,5851,85.7778,-698961.001713,41105.742023
20260806-124905_r1_s10000_fast_gtr_findopt500,5924,86.805,-698950.021734,41094.7620436
20260806-124905_r1_s10000_fast_gtr_findopt500,6126,89.6411,-698916.733391,41061.4737011
20260806-124905_r1_s10000_fast_gtr_findopt500,6279,91.7892,-698822.985945,40967.7262549
20260806-124905_r1_s10000_fast_gtr_findopt500,6395,93.4125,-698819.380162,40964.1204717
20260806-124905_r1_s10000_fast_gtr_findopt500,6600,96.2763,-698672.743175,40817.4834851
20260806-124905_r1_s10000_fast_gtr_findopt500,8113,117.485,-698669.682727,40814.4230367
20260806-124905_r1_s10000_fast_gtr_findopt500,8127,117.683,-698659.488688,40804.2289977
20260806-124905_r1_s10000_fast_gtr_findopt500,10000,144.003,-698659.488688,40804.2289977
20260806-125415_r1_s10000_fast_gtr_findopt500,0,3.32585,-722502.707262,64647.4475715
20260806-125415_r1_s10000_fast_gtr_findopt500,10,3.46433,-722461.288335,64606.0286449
20260806-125415_r1_s10000_fast_gtr_findopt500,12,3.49268,-722335.832105,64480.5724148
20260806-125415_r1_s10000_fast_gtr_findopt500,35,3.81354,-722199.981664,64344.7219732
20260806-125415_r1_s10000_fast_gtr_findopt500,37,3.84184,-722141.004526,64285.744836
20260806-125415_r1_s10000_fast_gtr_findopt500,42,3.91201,-722049.608622,64194.3489315
20260806-125415_r1_s10000_fast_gtr_findopt500,44,3.94026,-721302.005068,63446.7453775
20260806-125415_r1_s10000_fast_gtr_findopt500,53,4.06613,-721103.251226,63247.9915361
20260806-125415_r1_s10000_fast_gtr_findopt500,56,4.10754,-721074.633195,63219.3735048
20260806-125415_r1_s10000_fast_gtr_findopt500,57,4.12184,-721057.341707,63202.0820168
20260806-125415_r1_s10000_fast_gtr_findopt500,68,4.2769,-720896.298322,63041.0386318
20260806-125415_r1_s10000_fast_gtr_findopt500,79,4.43118,-720737.312347,62882.0526571
20260806-125415_r1_s10000_fast_gtr_findopt500,84,4.50152,-720596.309091,62741.0494008
20260806-125415_r1_s10000_fast_gtr_findopt500,112,4.89443,-719941.050062,62085.7903712
20260806-125415_r1_s10000_fast_gtr_findopt500,120,5.00669,-719884.300243,62029.0405522
20260806-125415_r1_s10000_fast_gtr_findopt500,141,5.30094,-719838.961958,61983.702268
20260806-125415_r1_s10000_fast_gtr_findopt500,147,5.3847,-719536.13175,61680.8720597
20260806-125415_r1_s10000_fast_gtr_findopt500,148,5.3989,-718580.716768,60725.4570776
20260806-125415_r1_s10000_fast_gtr_findopt500,150,5.42691,-718552.763345,60697.5036547
20260806-125415_r1_s10000_fast_gtr_findopt500,156,5.51002,-718550.52764,60695.2679493
20260806-125415_r1_s10000_fast_gtr_findopt500,214,6.31734,-718453.387839,60598.128149
20260806-125415_r1_s10000_fast_gtr_findopt500,222,6.43592,-718383.168828,60527.9091373
20260806-125415_r1_s10000_fast_gtr_findopt500,226,6.49163,-717925.589964,60070.3302735
20260806-125415_r1_s10000_fast_gtr_findopt500,227,6.50471,-717626.122249,59770.8625584
20260806-125415_r1_s10000_fast_gtr_findopt500,231,6.56021,-717480.834995,59625.5753042
20260806-125415_r1_s10000_fast_gtr_findopt500,233,6.58809,-717210.717835,59355.4581449
20260806-125415_r1_s10000_fast_gtr_findopt500,238,6.65584,-716975.928969,59120.669279
20260806-125415_r1_s10000_fast_gtr_findopt500,241,6.69631,-716717.413961,58862.1542708
20260806-125415_r1_s10000_fast_gtr_findopt500,248,6.79281,-716663.773073,58808.5133829
20260806-125415_r1_s10000_fast_gtr_findopt500,272,7.12665,-716196.57078,58341.3110897
20260806-125415_r1_s10000_fast_gtr_findopt500,279,7.22357,-716034.952534,58179.6928441
20260806-125415_r1_s10000_fast_gtr_findopt500,300,7.51424,-716019.107867,58163.8481771
20260806-125415_r1_s10000_fast_gtr_findopt500,313,7.69432,-715749.273139,57894.013449
20260806-125415_r1_s10000_fast_gtr_findopt500,332,7.95774,-715722.717962,57867.4582716
20260806-125415_r1_s10000_fast_gtr_findopt500,341,8.08264,-714774.816485,56919.5567949
20260806-125415_r1_s10000_fast_gtr_findopt500,394,8.81584,-714566.858065,56711.598375
20260806-125415_r1_s10000_fast_gtr_findopt500,409,9.02329,-714560.22492,56704.9652292
20260806-125415_r1_s10000_fast_gtr_findopt500,428,9.2857,-713132.982949,55277.7232587
20260806-125415_r1_s10000_fast_gtr_findopt500,430,9.31155,-713121.89956,55266.6398697
20260806-125415_r1_s10000_fast_gtr_findopt500,446,9.53296,-712965.649314,55110.3896235
20260806-125415_r1_s10000_fast_gtr_findopt500,455,9.65764,-712964.171808,55108.9121176
20260806-125415_r1_s10000_fast_gtr_findopt500,457,9.68558,-712961.603944,55106.3442541
20260806-125415_r1_s10000_fast_gtr_findopt500,512,10.449,-712843.886038,54988.6263476
20260806-125415_r1_s10000_fast_gtr_findopt500,531,10.7117,-712583.498314,54728.2386237
20260806-125415_r1_s10000_fast_gtr_findopt500,538,10.8079,-712583.382009,54728.1223187
20260806-125415_r1_s10000_fast_gtr_findopt500,550,10.9741,-711862.664138,54007.4044475
20260806-125415_r1_s10000_fast_gtr_findopt500,555,11.044,-711829.375139,53974.1154485
20260806-125415_r1_s10000_fast_gtr_findopt500,569,11.2384,-711829.374118,53974.1144272
20260806-125415_r1_s10000_fast_gtr_findopt500,595,11.6007,-711661.29043,53806.0307394
20260806-125415_r1_s10000_fast_gtr_findopt500,605,11.7389,-711438.536746,53583.2770553
20260806-125415_r1_s10000_fast_gtr_findopt500,623,11.9899,-711312.265226,53457.0055353
20260806-125415_r1_s10000_fast_gtr_findopt500,638,12.1998,-711310.107181,53454.8474903
20260806-125415_r1_s10000_fast_gtr_findopt500,672,12.6739,-711046.659906,53191.4002158
20260806-125415_r1_s10000_fast_gtr_findopt500,680,12.7856,-710689.909347,52834.6496564
20260806-125415_r1_s10000_fast_gtr_findopt500,699,13.0502,-710652.948683,52797.688993
20260806-125415_r1_s10000_fast_gtr_findopt500,744,13.6782,-710415.074532,52559.8148412
20260806-125415_r1_s10000_fast_gtr_findopt500,748,13.7333,-709628.62206,51773.3623698
20260806-125415_r1_s10000_fast_gtr_findopt500,768,14.0118,-709603.684408,51748.4247178
20260806-125415_r1_s10000_fast_gtr_findopt500,805,14.5274,-709408.070802,51552.811112
20260806-125415_r1_s10000_fast_gtr_findopt500,833,14.9189,-708874.383919,51019.1242289
20260806-125415_r1_s10000_fast_gtr_findopt500,872,15.4646,-708873.068826,51017.809136
20260806-125415_r1_s10000_fast_gtr_findopt500,877,15.533,-708800.017198,50944.7575079
20260806-125415_r1_s10000_fast_gtr_findopt500,883,15.6173,-708792.4966,50937.2369094
20260806-125415_r1_s10000_fast_gtr_findopt500,922,16.1601,-708198.504165,50343.2444745
20260806-125415_r1_s10000_fast_gtr_findopt500,934,16.3295,-707698.156002,49842.8963113
20260806-125415_r1_s10000_fast_gtr_findopt500,991,17.1314,-707678.421432,49823.1617421
20260806-125415_r1_s10000_fast_gtr_findopt500,999,17.242,-707363.20888,49507.9491899
20260806-125415_r1_s10000_fast_gtr_findopt500,1042,17.8353,-707252.268316,49397.0086253
20260806-125415_r1_s10000_fast_gtr_findopt500,1050,17.9453,-707002.185185,49146.9254944
20260806-125415_r1_s10000_fast_gtr_findopt500,1057,18.0413,-706853.907605,48998.6479149
20260806-125415_r1_s10000_fast_gtr_findopt500,1073,18.2608,-706611.12389,48755.8641998
20260806-125415_r1_s10000_fast_gtr_findopt500,1074,18.2738,-706515.436569,48660.176879
20260806-125415_r1_s10000_fast_gtr_findopt500,1139,19.1656,-705806.086966,47950.8272755
20260806-125415_r1_s10000_fast_gtr_findopt500,1204,20.0593,-705630.331361,47775.0716707
20260806-125415_r1_s10000_fast_gtr_findopt500,1214,20.1977,-705198.190007,47342.9303167
20260806-125415_r1_s10000_fast_gtr_findopt500,1249,20.6801,-705131.420043,47276.160353
20260806-125415_r1_s10000_fast_gtr_findopt500,1261,20.8463,-705041.286559,47186.0268689
20260806-125415_r1_s10000_fast_gtr_findopt500,1324,21.7177,-704918.965534,47063.7058439
20260806-125415_r1_s10000_fast_gtr_findopt500,1378,22.4608,-704906.096682,47050.8369918
20260806-125415_r1_s10000_fast_gtr_findopt500,1430,23.1758,-704899.102469,47043.8427782
20260806-125415_r1_s10000_fast_gtr_findopt500,1507,24.2309,-704412.758747,46557.4990568
20260806-125415_r1_s10000_fast_gtr_findopt500,1546,24.7675,-704328.000255,46472.7405647
20260806-125415_r1_s10000_fast_gtr_findopt500,1601,25.5236,-704268.125173,46412.8654831
20260806-125415_r1_s10000_fast_gtr_findopt500,1634,25.9766,-703382.018008,45526.7583178
20260806-125415_r1_s10000_fast_gtr_findopt500,1752,27.5979,-703380.777004,45525.5173135
20260806-125415_r1_s10000_fast_gtr_findopt500,1779,27.9692,-703307.920585,45452.6608947
20260806-125415_r1_s10000_fast_gtr_findopt500,2042,31.5874,-703208.871404,45353.6117137
20260806-125415_r1_s10000_fast_gtr_findopt500,2063,31.8771,-703177.644027,45322.3843364
20260806-125415_r1_s10000_fast_gtr_findopt500,2179,33.4738,-703008.347352,45153.0876615
20260806-125415_r1_s10000_fast_gtr_findopt500,2259,34.5739,-702737.57993,44882.3202401
20260806-125415_r1_s10000_fast_gtr_findopt500,2330,35.5507,-702534.083852,44678.8241621
20260806-125415_r1_s10000_fast_gtr_findopt500,2375,36.1698,-702085.923468,44230.6637774
20260806-125415_r1_s10000_fast_gtr_findopt500,2403,36.5581,-701557.159088,43701.8993981
20260806-125415_r1_s10000_fast_gtr_findopt500,2415,36.7237,-701534.885027,43679.6253368
20260806-125415_r1_s10000_fast_gtr_findopt500,2730,41.1415,-701496.875567,43641.6158768
20260806-125415_r1_s10000_fast_gtr_findopt500,3138,46.8592,-701403.438278,43548.1785879
20260806-125415_r1_s10000_fast_gtr_findopt500,3241,48.3012,-701368.108816,43512.8491257
20260806-125415_r1_s10000_fast_gtr_findopt500,3247,48.3855,-701353.781639,43498.5219484
20260806-125415_r1_s10000_fast_gtr_findopt500,3436,51.0032,-701175.541117,43320.2814264
20260806-125415_r1_s10000_fast_gtr_findopt500,3636,53.7786,-701139.602028,43284.3423379
20260806-125415_r1_s10000_fast_gtr_findopt500,3950,58.1308,-701042.387586,43187.1278954
20260806-125415_r1_s10000_fast_gtr_findopt500,5091,73.9538,-701003.721055,43148.4613647
20260806-125415_r1_s10000_fast_gtr_findopt500,5447,78.8939,-700950.135929,43094.8762385
20260806-125415_r1_s10000_fast_gtr_findopt500,6413,92.3667,-700940.298667,43085.0389766
20260806-125415_r1_s10000_fast_gtr_findopt500,6672,96.0065,-700934.447348,43079.1876574
20260806-125415_r1_s10000_fast_gtr_findopt500,7587,108.838,-700791.525424,42936.2657334
20260806-125415_r1_s10000_fast_gtr_findopt500,7820,112.155,-700768.689101,42913.4294106
20260806-125415_r1_s10000_fast_gtr_findopt500,10000,143.258,-700768.689101,42913.4294106
20260806-125926_r1_s10000_fast_gtr_findopt500,0,3.38417,-722502.707262,64647.4475715
20260806-125926_r1_s10000_fast_gtr_findopt500,3,3.42497,-722480.906973,64625.6472829
20260806-125926_r1_s10000_fast_gtr_findopt500,6,3.46719,-722275.34821,64420.0885197
20260806-125926_r1_s10000_fast_gtr_findopt500,21,3.67382,-721991.279585,64136.0198944
20260806-125926_r1_s10000_fast_gtr_findopt500,27,3.75669,-721830.780348,63975.5206571
20260806-125926_r1_s10000_fast_gtr_findopt500,28,3.77084,-721442.896784,63587.637094
20260806-125926_r1_s10000_fast_gtr_findopt500,30,3.7989,-721141.52109,63286.2613999
20260806-125926_r1_s10000_fast_gtr_findopt500,39,3.92423,-721006.302488,63151.0427974
20260806-125926_r1_s10000_fast_gtr_findopt500,42,3.96589,-720968.461549,63113.2018591
20260806-125926_r1_s10000_fast_gtr_findopt500,48,4.04842,-720901.623015,63046.363325
20260806-125926_r1_s10000_fast_gtr_findopt500,52,4.10378,-720612.121115,62756.861425
20260806-125926_r1_s10000_fast_gtr_findopt500,66,4.29756,-719929.893026,62074.6333361
20260806-125926_r1_s10000_fast_gtr_findopt500,72,4.38059,-719875.059176,62019.7994852
20260806-125926_r1_s10000_fast_gtr_findopt500,77,4.44875,-719716.937985,61861.6782942
20260806-125926_r1_s10000_fast_gtr_findopt500,78,4.46281,-719563.783834,61708.5241438
20260806-125926_r1_s10000_fast_gtr_findopt500,84,4.54486,-718940.130391,61084.8707007
20260806-125926_r1_s10000_fast_gtr_findopt500,105,4.8342,-718895.963388,61040.7036974
20260806-125926_r1_s10000_fast_gtr_findopt500,135,5.2468,-718579.992157,60724.7324671
20260806-125926_r1_s10000_fast_gtr_findopt500,136,5.26092,-717927.580832,60072.321142
20260806-125926_r1_s10000_fast_gtr_findopt500,139,5.30176,-717349.027035,59493.767345
20260806-125926_r1_s10000_fast_gtr_findopt500,145,5.38485,-717081.727724,59226.4680337
20260806-125926_r1_s10000_fast_gtr_findopt500,159,5.57732,-716974.49531,59119.2356192
20260806-125926_r1_s10000_fast_gtr_findopt500,172,5.75457,-716626.388572,58771.1288815
20260806-125926_r1_s10000_fast_gtr_findopt500,183,5.90378,-716282.408077,58427.148387
20260806-125926_r1_s10000_fast_gtr_findopt500,188,5.97234,-716154.508227,58299.2485367
20260806-125926_r1_s10000_fast_gtr_findopt500,190,5.99997,-716078.451602,58223.1919115
20260806-125926_r1_s10000_fast_gtr_findopt500,198,6.10953,-715381.45153,57526.1918399
20260806-125926_r1_s10000_fast_gtr_findopt500,202,6.16444,-714735.041369,56879.781679
20260806-125926_r1_s10000_fast_gtr_findopt500,205,6.20575,-714734.760526,56879.500836
20260806-125926_r1_s10000_fast_gtr_findopt500,214,6.32975,-714580.262274,56725.0025841
20260806-125926_r1_s10000_fast_gtr_findopt500,221,6.42705,-714377.436622,56522.1769315
20260806-125926_r1_s10000_fast_gtr_findopt500,228,6.52431,-714210.850212,56355.5905221
20260806-125926_r1_s10000_fast_gtr_findopt500,231,6.5662,-714151.120546,56295.8608558
20260806-125926_r1_s10000_fast_gtr_findopt500,241,6.70482,-714004.281354,56149.0216633
20260806-125926_r1_s10000_fast_gtr_findopt500,281,7.25901,-713972.044148,56116.7844578
20260806-125926_r1_s10000_fast_gtr_findopt500,293,7.42517,-713960.706492,56105.4468014
20260806-125926_r1_s10000_fast_gtr_findopt500,296,7.46697,-713913.876875,56058.6171844
20260806-125926_r1_s10000_fast_gtr_findopt500,301,7.53549,-713663.154037,55807.8943471
20260806-125926_r1_s10000_fast_gtr_findopt500,323,7.84252,-713520.269848,55665.0101581
20260806-125926_r1_s10000_fast_gtr_findopt500,335,8.00946,-713470.994803,55615.7351127
20260806-125926_r1_s10000_fast_gtr_findopt500,336,8.02383,-713438.600717,55583.3410265
20260806-125926_r1_s10000_fast_gtr_findopt500,363,8.40123,-713409.414947,55554.1552568
20260806-125926_r1_s10000_fast_gtr_findopt500,374,8.55477,-712969.797124,55114.5374334
20260806-125926_r1_s10000_fast_gtr_findopt500,399,8.9044,-712737.276067,54882.016377
20260806-125926_r1_s10000_fast_gtr_findopt500,444,9.53301,-712461.455203,54606.1955124
20260806-125926_r1_s10000_fast_gtr_findopt500,467,9.854,-712341.180339,54485.9206487
20260806-125926_r1_s10000_fast_gtr_findopt500,512,10.4784,-712082.310581,54227.0508903
20260806-125926_r1_s10000_fast_gtr_findopt500,517,10.5478,-711874.067659,54018.8079682
20260806-125926_r1_s10000_fast_gtr_findopt500,527,10.6867,-711368.601183,53513.3414927
20260806-125926_r1_s10000_fast_gtr_findopt500,578,11.3905,-711146.429238,53291.169548
20260806-125926_r1_s10000_fast_gtr_findopt500,581,11.4319,-711024.263065,53169.0033751
20260806-125926_r1_s10000_fast_gtr_findopt500,589,11.5425,-710614.124695,52758.8650043
20260806-125926_r1_s10000_fast_gtr_findopt500,593,11.5969,-710467.694981,52612.435291
20260806-125926_r1_s10000_fast_gtr_findopt500,607,11.793,-710260.87949,52405.6197998
20260806-125926_r1_s10000_fast_gtr_findopt500,609,11.8213,-710062.51579,52207.2560994
20260806-125926_r1_s10000_fast_gtr_findopt500,622,12.0024,-709974.848688,52119.5889978
20260806-125926_r1_s10000_fast_gtr_findopt500,632,12.1423,-708901.942992,51046.6833017
20260806-125926_r1_s10000_fast_gtr_findopt500,711,13.2479,-708845.641762,50990.3820719
20260806-125926_r1_s10000_fast_gtr_findopt500,726,13.4575,-708721.574875,50866.3151842
20260806-125926_r1_s10000_fast_gtr_findopt500,776,14.1532,-708553.812906,50698.5532156
20260806-125926_r1_s10000_fast_gtr_findopt500,823,14.8078,-708551.593955,50696.3342644
20260806-125926_r1_s10000_fast_gtr_findopt500,828,14.8758,-707461.058547,49605.7988565
20260806-125926_r1_s10000_fast_gtr_findopt500,844,15.0971,-706488.178937,48632.9192463
20260806-125926_r1_s10000_fast_gtr_findopt500,911,16.0143,-706482.086663,48626.8269724
20260806-125926_r1_s10000_fast_gtr_findopt500,990,17.0961,-706460.028111,48604.7684208
20260806-125926_r1_s10000_fast_gtr_findopt500,994,17.1512,-706296.910459,48441.650769
20260806-125926_r1_s10000_fast_gtr_findopt500,998,17.2045,-706190.626281,48335.3665906
20260806-125926_r1_s10000_fast_gtr_findopt500,1044,17.8337,-705611.042852,47755.783162
20260806-125926_r1_s10000_fast_gtr_findopt500,1048,17.8889,-705482.62968,47627.3699894
20260806-125926_r1_s10000_fast_gtr_findopt500,1231,20.4052,-705469.717827,47614.4581371
20260806-125926_r1_s10000_fast_gtr_findopt500,1267,20.8992,-705406.466567,47551.2068762
20260806-125926_r1_s10000_fast_gtr_findopt500,1323,21.667,-705288.391674,47433.1319835
20260806-125926_r1_s10000_fast_gtr_findopt500,1403,22.7737,-705214.795711,47359.5360209
20260806-125926_r1_s10000_fast_gtr_findopt500,1434,23.2033,-705159.714147,47304.4544563
20260806-125926_r1_s10000_fast_gtr_findopt500,1518,24.3673,-704728.51179,46873.2520993
20260806-125926_r1_s10000_fast_gtr_findopt500,1549,24.7969,-704420.484489,46565.2247982
20260806-125926_r1_s10000_fast_gtr_findopt500,1762,27.7788,-704122.679604,46267.4199136
20260806-125926_r1_s10000_fast_gtr_findopt500,1764,27.8071,-704014.913906,46159.6542152
20260806-125926_r1_s10000_fast_gtr_findopt500,1798,28.2815,-703740.438398,45885.1787075
20260806-125926_r1_s10000_fast_gtr_findopt500,1904,29.7624,-703535.913486,45680.6537955
20260806-125926_r1_s10000_fast_gtr_findopt500,1913,29.8886,-703528.052324,45672.7926332
20260806-125926_r1_s10000_fast_gtr_findopt500,2012,31.255,-703453.02548,45597.76579
20260806-125926_r1_s10000_fast_gtr_findopt500,2059,31.9033,-703347.448964,45492.1892735
20260806-125926_r1_s10000_fast_gtr_findopt500,2226,34.2194,-703308.444723,45453.1850331
20260806-125926_r1_s10000_fast_gtr_findopt500,2236,34.3574,-703285.590481,45430.330791
20260806-125926_r1_s10000_fast_gtr_findopt500,2255,34.6214,-703125.785374,45270.5256838
20260806-125926_r1_s10000_fast_gtr_findopt500,2329,35.6502,-702809.228786,44953.9690953
20260806-125926_r1_s10000_fast_gtr_findopt500,2349,35.9278,-702575.918785,44720.6590946
20260806-125926_r1_s10000_fast_gtr_findopt500,2499,38.0015,-702317.337644,44462.0779535
20260806-125926_r1_s10000_fast_gtr_findopt500,2652,40.1231,-702223.733985,44368.4742949
20260806-125926_r1_s10000_fast_gtr_findopt500,2752,41.5175,-702116.396547,44261.1368564
20260806-125926_r1_s10000_fast_gtr_findopt500,2999,44.924,-701697.627845,43842.3681547
20260806-125926_r1_s10000_fast_gtr_findopt500,3129,46.7178,-701694.112823,43838.8531329
20260806-125926_r1_s10000_fast_gtr_findopt500,3233,48.151,-701585.791945,43730.5322547
20260806-125926_r1_s10000_fast_gtr_findopt500,3323,49.4123,-701545.016677,43689.7569867
20260806-125926_r1_s10000_fast_gtr_findopt500,3464,51.3834,-701412.370621,43557.1109309
20260806-125926_r1_s10000_fast_gtr_findopt500,3481,51.6198,-701163.749893,43308.4902025
20260806-125926_r1_s10000_fast_gtr_findopt500,3495,51.815,-701091.848077,43236.5883862
20260806-125926_r1_s10000_fast_gtr_findopt500,3557,52.6875,-701085.976071,43230.7163809
20260806-125926_r1_s10000_fast_gtr_findopt500,3801,56.0833,-701073.719584,43218.4598935
20260806-125926_r1_s10000_fast_gtr_findopt500,3955,58.1968,-700858.657255,43003.3975643
20260806-125926_r1_s10000_fast_gtr_findopt500,4466,65.1999,-700557.906414,42702.6467238
20260806-125926_r1_s10000_fast_gtr_findopt500,4672,68.0157,-700550.674534,42695.4148435
20260806-125926_r1_s10000_fast_gtr_findopt500,4738,68.9184,-700519.117337,42663.8576468
20260806-125926_r1_s10000_fast_gtr_findopt500,4979,72.2128,-700504.730515,42649.4708251
20260806-125926_r1_s10000_fast_gtr_findopt500,5213,75.4201,-700416.756581,42561.4968908
20260806-125926_r1_s10000_fast_gtr_findopt500,5765,82.9786,-700404.760894,42549.5012034
20260806-125926_r1_s10000_fast_gtr_findopt500,10000,141.634,-700404.760894,42549.5012034
20260806-130432_r1_s10000_fast_gtr_findopt500,0,3.40178,-722502.707262,64647.4475715
20260806-130432_r1_s10000_fast_gtr_findopt500,4,3.46197,-722148.707587,64293.4478966
20260806-130432_r1_s10000_fast_gtr_findopt500,6,3.48956,-721344.924381,63489.6646902
20260806-130432_r1_s10000_fast_gtr_findopt500,9,3.53237,-721093.109943,63237.8502525
20260806-130432_r1_s10000_fast_gtr_findopt500,14,3.60149,-720930.782622,63075.5229312
20260806-130432_r1_s10000_fast_gtr_findopt500,26,3.77146,-720858.27282,63003.0131292
20260806-130432_r1_s10000_fast_gtr_findopt500,34,3.88316,-720830.469037,62975.2093463
20260806-130432_r1_s10000_fast_gtr_findopt500,37,3.92567,-720524.570411,62669.3107208
20260806-130432_r1_s10000_fast_gtr_findopt500,38,3.94012,-720295.486764,62440.2270732
20260806-130432_r1_s10000_fast_gtr_findopt500,45,4.03816,-720140.949897,62285.6902066
20260806-130432_r1_s10000_fast_gtr_findopt500,46,4.05243,-720005.774283,62150.5145931
20260806-130432_r1_s10000_fast_gtr_findopt500,48,4.08048,-719495.033839,61639.7741482
20260806-130432_r1_s10000_fast_gtr_findopt500,56,4.19194,-719482.868329,61627.6086386
20260806-130432_r1_s10000_fast_gtr_findopt500,64,4.30231,-719338.020635,61482.7609451
20260806-130432_r1_s10000_fast_gtr_findopt500,79,4.51041,-719236.579598,61381.3199074
20260806-130432_r1_s10000_fast_gtr_findopt500,83,4.56693,-718862.274142,61007.0144514
20260806-130432_r1_s10000_fast_gtr_findopt500,84,4.58136,-718794.854655,60939.594965
20260806-130432_r1_s10000_fast_gtr_findopt500,107,4.9021,-718437.630165,60582.3704747
20260806-130432_r1_s10000_fast_gtr_findopt500,135,5.29202,-717876.037709,60020.7780189
20260806-130432_r1_s10000_fast_gtr_findopt500,151,5.51624,-717691.886021,59836.6263306
20260806-130432_r1_s10000_fast_gtr_findopt500,159,5.62864,-717669.232742,59813.9730521
20260806-130432_r1_s10000_fast_gtr_findopt500,162,5.67115,-717374.498843,59519.2391523
20260806-130432_r1_s10000_fast_gtr_findopt500,169,5.76948,-716272.720877,58417.4611863
20260806-130432_r1_s10000_fast_gtr_findopt500,170,5.78365,-715836.788591,57981.5289009
20260806-130432_r1_s10000_fast_gtr_findopt500,190,6.06272,-715604.561426,57749.3017352
20260806-130432_r1_s10000_fast_gtr_findopt500,211,6.35656,-715550.845858,57695.5861676
20260806-130432_r1_s10000_fast_gtr_findopt500,223,6.52494,-715390.533411,57535.2737203
20260806-130432_r1_s10000_fast_gtr_findopt500,242,6.7909,-715169.132231,57313.8725403
20260806-130432_r1_s10000_fast_gtr_findopt500,256,6.98757,-715161.946692,57306.6870019
20260806-130432_r1_s10000_fast_gtr_findopt500,264,7.09972,-715131.218359,57275.9586687
20260806-130432_r1_s10000_fast_gtr_findopt500,288,7.43835,-713976.330364,56121.0706735
20260806-130432_r1_s10000_fast_gtr_findopt500,294,7.52211,-713300.410633,55445.1509429
20260806-130432_r1_s10000_fast_gtr_findopt500,310,7.74536,-713180.614757,55325.3550667
20260806-130432_r1_s10000_fast_gtr_findopt500,316,7.83,-712761.44153,54906.1818392
20260806-130432_r1_s10000_fast_gtr_findopt500,318,7.85855,-712503.588378,54648.3286873
20260806-130432_r1_s10000_fast_gtr_findopt500,361,8.46268,-712193.840093,54338.5804028
20260806-130432_r1_s10000_fast_gtr_findopt500,378,8.70162,-711971.412069,54116.1523787
20260806-130432_r1_s10000_fast_gtr_findopt500,387,8.8283,-711792.132169,53936.8724784
20260806-130432_r1_s10000_fast_gtr_findopt500,489,10.2647,-711391.003159,53535.7434686
20260806-130432_r1_s10000_fast_gtr_findopt500,490,10.2793,-711297.560245,53442.3005542
20260806-130432_r1_s10000_fast_gtr_findopt500,526,10.7911,-711108.189645,53252.9299546
20260806-130432_r1_s10000_fast_gtr_findopt500,532,10.8766,-710984.205731,53128.9460405
20260806-130432_r1_s10000_fast_gtr_findopt500,564,11.3288,-710818.964058,52963.7043672
20260806-130432_r1_s10000_fast_gtr_findopt500,579,11.5403,-710269.061818,52413.8021277
20260806-130432_r1_s10000_fast_gtr_findopt500,613,12.021,-710183.804828,52328.5451372
20260806-130432_r1_s10000_fast_gtr_findopt500,617,12.0781,-709678.289684,51823.0299932
20260806-130432_r1_s10000_fast_gtr_findopt500,621,12.135,-709640.208896,51784.9492057
20260806-130432_r1_s10000_fast_gtr_findopt500,628,12.2343,-708968.331017,51113.0713268
20260806-130432_r1_s10000_fast_gtr_findopt500,648,12.5173,-708720.347476,50865.0877854
20260806-130432_r1_s10000_fast_gtr_findopt500,669,12.8114,-708403.052317,50547.7926269
20260806-130432_r1_s10000_fast_gtr_findopt500,702,13.276,-708198.798046,50343.5383559
20260806-130432_r1_s10000_fast_gtr_findopt500,720,13.5285,-708067.838253,50212.5785625
20260806-130432_r1_s10000_fast_gtr_findopt500,736,13.753,-707731.683455,49876.4237646
20260806-130432_r1_s10000_fast_gtr_findopt500,737,13.7674,-707536.073959,49680.8142684
20260806-130432_r1_s10000_fast_gtr_findopt500,751,13.9649,-707453.113085,49597.8533942
20260806-130432_r1_s10000_fast_gtr_findopt500,797,14.6125,-707233.109209,49377.8495182
20260806-130432_r1_s10000_fast_gtr_findopt500,809,14.7818,-707035.488928,49180.2292375
20260806-130432_r1_s10000_fast_gtr_findopt500,854,15.4106,-706966.878431,49111.6187403
20260806-130432_r1_s10000_fast_gtr_findopt500,901,16.0666,-706922.625645,49067.3659548
20260806-130432_r1_s10000_fast_gtr_findopt500,955,16.8218,-706735.641092,48880.3814015
20260806-130432_r1_s10000_fast_gtr_findopt500,962,16.9198,-706430.362349,48575.1026587
20260806-130432_r1_s10000_fast_gtr_findopt500,973,17.0744,-706408.062204,48552.802514
20260806-130432_r1_s10000_fast_gtr_findopt500,1043,18.0646,-706185.771348,48330.5116575
20260806-130432_r1_s10000_fast_gtr_findopt500,1104,18.9285,-706060.720023,48205.4603326
20260806-130432_r1_s10000_fast_gtr_findopt500,1180,20.0032,-705898.71952,48043.4598299
20260806-130432_r1_s10000_fast_gtr_findopt500,1210,20.4273,-705521.701188,47666.4414978
20260806-130432_r1_s10000_fast_gtr_findopt500,1231,20.7244,-705453.171766,47597.9120757
20260806-130432_r1_s10000_fast_gtr_findopt500,1265,21.2049,-705222.624302,47367.3646114
20260806-130432_r1_s10000_fast_gtr_findopt500,1276,21.3609,-705094.67211,47239.4124197
20260806-130432_r1_s10000_fast_gtr_findopt500,1301,21.7139,-704702.693734,46847.4340437
20260806-130432_r1_s10000_fast_gtr_findopt500,1305,21.7697,-704655.567845,46800.3081548
20260806-130432_r1_s10000_fast_gtr_findopt500,1407,23.2107,-704606.479819,46751.2201285
20260806-130432_r1_s10000_fast_gtr_findopt500,1459,23.9431,-704230.41796,46375.1582698
20260806-130432_r1_s10000_fast_gtr_findopt500,1465,24.0282,-703812.83094,45957.5712501
20260806-130432_r1_s10000_fast_gtr_findopt500,1489,24.3675,-703808.708885,45953.4491945
20260806-130432_r1_s10000_fast_gtr_findopt500,1561,25.3837,-703808.210092,45952.9504017
20260806-130432_r1_s10000_fast_gtr_findopt500,1623,26.2455,-703736.884827,45881.625137
20260806-130432_r1_s10000_fast_gtr_findopt500,1782,28.4585,-703704.137232,45848.8775415
20260806-130432_r1_s10000_fast_gtr_findopt500,1882,29.8493,-703307.933946,45452.6742556
20260806-130432_r1_s10000_fast_gtr_findopt500,1932,30.5442,-703155.772006,45300.512316
20260806-130432_r1_s10000_fast_gtr_findopt500,1979,31.1963,-702847.035755,44991.7760644
20260806-130432_r1_s10000_fast_gtr_findopt500,1992,31.3775,-702732.061929,44876.802239
20260806-130432_r1_s10000_fast_gtr_findopt500,2150,33.5749,-702311.38202,44456.1223292
20260806-130432_r1_s10000_fast_gtr_findopt500,2198,34.2477,-701588.391689,43733.1319985
20260806-130432_r1_s10000_fast_gtr_findopt500,2200,34.2758,-701558.875595,43703.6159051
20260806-130432_r1_s10000_fast_gtr_findopt500,2250,34.9701,-701475.026293,43619.7666026
20260806-130432_r1_s10000_fast_gtr_findopt500,2257,35.0684,-700957.51247,43102.2527796
20260806-130432_r1_s10000_fast_gtr_findopt500,2296,35.6191,-700894.122563,43038.8628731
20260806-130432_r1_s10000_fast_gtr_findopt500,2356,36.4664,-700777.553568,42922.2938774
20260806-130432_r1_s10000_fast_gtr_findopt500,2766,42.2284,-700405.927113,42550.6674221
20260806-130432_r1_s10000_fast_gtr_findopt500,2894,44.0167,-699622.734175,41767.4744845
20260806-130432_r1_s10000_fast_gtr_findopt500,3581,53.6762,-699338.135606,41482.8759159
20260806-130432_r1_s10000_fast_gtr_findopt500,4072,60.6123,-699109.066394,41253.8067039
20260806-130432_r1_s10000_fast_gtr_findopt500,4114,61.2031,-698988.856466,41133.5967756
20260806-130432_r1_s10000_fast_gtr_findopt500,4196,62.3661,-698979.288463,41124.0287728
20260806-130432_r1_s10000_fast_gtr_findopt500,4224,62.7636,-698887.013566,41031.7538757
20260806-130432_r1_s10000_fast_gtr_findopt500,4350,64.5388,-698848.470955,40993.211265
20260806-130432_r1_s10000_fast_gtr_findopt500,4377,64.9196,-698323.987944,40468.7282533
20260806-130432_r1_s10000_fast_gtr_findopt500,4461,66.1031,-698232.397833,40377.138143
20260806-130432_r1_s10000_fast_gtr_findopt500,4586,67.8666,-698215.074714,40359.8150238
20260806-130432_r1_s10000_fast_gtr_findopt500,4596,68.0112,-698139.81002,40284.5503295
20260806-130432_r1_s10000_fast_gtr_findopt500,4740,70.0837,-698100.323596,40245.0639058
20260806-130432_r1_s10000_fast_gtr_findopt500,4902,72.4119,-697860.686474,40005.4267841
20260806-130432_r1_s10000_fast_gtr_findopt500,4947,73.0611,-697598.28734,39743.0276494
20260806-130432_r1_s10000_fast_gtr_findopt500,5112,75.4311,-697577.949292,39722.6896014
20260806-130432_r1_s10000_fast_gtr_findopt500,5257,77.4884,-697559.150277,39703.8905871
20260806-130432_r1_s10000_fast_gtr_findopt500,5481,80.6678,-697532.436538,39677.1768479
20260806-130432_r1_s10000_fast_gtr_findopt500,6219,91.2364,-697529.84187,39674.5821796
20260806-130432_r1_s10000_fast_gtr_findopt500,7559,110.136,-697508.369582,39653.109892
20260806-130432_r1_s10000_fast_gtr_findopt500,10000,144.605,-697508.369582,39653.109892
20260806-130945_r1_s10000_fast_gtr_findopt500,0,3.43723,-722502.707262,64647.4475715
20260806-130945_r1_s10000_fast_gtr_findopt500,9,3.56434,-722409.769883,64554.5101928
20260806-130945_r1_s10000_fast_gtr_findopt500,11,3.59276,-721997.410077,64142.1503862
20260806-130945_r1_s10000_fast_gtr_findopt500,14,3.63548,-721346.413998,63491.1543077
20260806-130945_r1_s10000_fast_gtr_findopt500,31,3.87574,-721209.324131,63354.0644409
20260806-130945_r1_s10000_fast_gtr_findopt500,38,3.97564,-721051.97248,63196.7127898
20260806-130945_r1_s10000_fast_gtr_findopt500,58,4.26064,-720510.612839,62655.353149
20260806-130945_r1_s10000_fast_gtr_findopt500,62,4.3175,-720463.342623,62608.0829329
20260806-130945_r1_s10000_fast_gtr_findopt500,85,4.6422,-720317.161911,62461.902221
20260806-130945_r1_s10000_fast_gtr_findopt500,93,4.75597,-719936.599261,62081.3395709
20260806-130945_r1_s10000_fast_gtr_findopt500,96,4.79763,-719916.64711,62061.3874195
20260806-130945_r1_s10000_fast_gtr_findopt500,98,4.82639,-719184.106631,61328.8469408
20260806-130945_r1_s10000_fast_gtr_findopt500,119,5.12319,-719164.823121,61309.5634311
20260806-130945_r1_s10000_fast_gtr_findopt500,139,5.40603,-719095.829626,61240.5699352
20260806-130945_r1_s10000_fast_gtr_findopt500,153,5.60411,-719093.801053,61238.5413625
20260806-130945_r1_s10000_fast_gtr_findopt500,163,5.74657,-718893.191232,61037.9315418
20260806-130945_r1_s10000_fast_gtr_findopt500,170,5.84611,-718532.204437,60676.9447471
20260806-130945_r1_s10000_fast_gtr_findopt500,179,5.97355,-718529.29387,60674.0341795
20260806-130945_r1_s10000_fast_gtr_findopt500,181,6.00243,-718354.63272,60499.3730298
20260806-130945_r1_s10000_fast_gtr_findopt500,182,6.01703,-718265.459683,60410.1999927
20260806-130945_r1_s10000_fast_gtr_findopt500,185,6.06075,-717814.742794,59959.4831037
20260806-130945_r1_s10000_fast_gtr_findopt500,204,6.32842,-717801.166526,59945.906836
20260806-130945_r1_s10000_fast_gtr_findopt500,207,6.37121,-717504.007258,59648.7475672
20260806-130945_r1_s10000_fast_gtr_findopt500,213,6.45688,-716639.067952,58783.8082619
20260806-130945_r1_s10000_fast_gtr_findopt500,215,6.4847,-716091.392647,58236.1329565
20260806-130945_r1_s10000_fast_gtr_findopt500,219,6.54231,-716029.732538,58174.4728475
20260806-130945_r1_s10000_fast_gtr_findopt500,230,6.69848,-715374.326356,57519.0666653
20260806-130945_r1_s10000_fast_gtr_findopt500,241,6.85583,-715291.195812,57435.9361214
20260806-130945_r1_s10000_fast_gtr_findopt500,243,6.88443,-714879.701769,57024.442079
20260806-130945_r1_s10000_fast_gtr_findopt500,274,7.32024,-714802.414605,56947.1549144
20260806-130945_r1_s10000_fast_gtr_findopt500,275,7.33486,-714797.023163,56941.7634731
20260806-130945_r1_s10000_fast_gtr_findopt500,319,7.95819,-714774.024134,56918.7644436
20260806-130945_r1_s10000_fast_gtr_findopt500,335,8.18438,-714481.243538,56625.9838478
20260806-130945_r1_s10000_fast_gtr_findopt500,356,8.48047,-714242.502291,56387.2426004
20260806-130945_r1_s10000_fast_gtr_findopt500,370,8.67586,-714160.407558,56305.1478678
20260806-130945_r1_s10000_fast_gtr_findopt500,372,8.70444,-714148.501219,56293.2415291
20260806-130945_r1_s10000_fast_gtr_findopt500,382,8.84596,-714076.294201,56221.034511
20260806-130945_r1_s10000_fast_gtr_findopt500,386,8.90236,-714015.82356,56160.5638693
20260806-130945_r1_s10000_fast_gtr_findopt500,395,9.02764,-713934.844297,56079.584607
20260806-130945_r1_s10000_fast_gtr_findopt500,403,9.14009,-713854.033351,55998.7736609
20260806-130945_r1_s10000_fast_gtr_findopt500,431,9.53283,-713050.632224,55195.3725337
20260806-130945_r1_s10000_fast_gtr_findopt500,440,9.65945,-712635.318569,54780.0588787
20260806-130945_r1_s10000_fast_gtr_findopt500,442,9.68795,-711900.308552,54045.048862
20260806-130945_r1_s10000_fast_gtr_findopt500,457,9.89817,-711848.341609,53993.0819187
20260806-130945_r1_s10000_fast_gtr_findopt500,461,9.95389,-711263.56879,53408.3090994
20260806-130945_r1_s10000_fast_gtr_findopt500,478,10.1917,-710751.658389,52896.3986986
20260806-130945_r1_s10000_fast_gtr_findopt500,483,10.2638,-710670.870585,52815.6108949
20260806-130945_r1_s10000_fast_gtr_findopt500,495,10.4341,-710658.540483,52803.2807925
20260806-130945_r1_s10000_fast_gtr_findopt500,497,10.4611,-710407.937639,52552.6779491
20260806-130945_r1_s10000_fast_gtr_findopt500,531,10.9399,-709893.426173,52038.1664823
20260806-130945_r1_s10000_fast_gtr_findopt500,618,12.1689,-709818.525423,51963.265733
20260806-130945_r1_s10000_fast_gtr_findopt500,632,12.3666,-709811.799219,51956.5395289
20260806-130945_r1_s10000_fast_gtr_findopt500,659,12.7423,-709503.997766,51648.7380752
20260806-130945_r1_s10000_fast_gtr_findopt500,673,12.9415,-709461.7814,51606.5217098
20260806-130945_r1_s10000_fast_gtr_findopt500,684,13.0962,-709115.507034,51260.247344
20260806-130945_r1_s10000_fast_gtr_findopt500,743,13.9279,-709007.474594,51152.2149032
20260806-130945_r1_s10000_fast_gtr_findopt500,749,14.0126,-707687.719159,49832.4594684
20260806-130945_r1_s10000_fast_gtr_findopt500,752,14.0538,-707326.009102,49470.7494116
20260806-130945_r1_s10000_fast_gtr_findopt500,814,14.9281,-707229.808611,49374.5489209
20260806-130945_r1_s10000_fast_gtr_findopt500,818,14.9857,-707186.858165,49331.5984745
20260806-130945_r1_s10000_fast_gtr_findopt500,878,15.8273,-707123.199181,49267.9394903
20260806-130945_r1_s10000_fast_gtr_findopt500,939,16.6719,-707108.926492,49253.6668021
20260806-130945_r1_s10000_fast_gtr_findopt500,1029,17.9146,-706777.760325,48922.500635
20260806-130945_r1_s10000_fast_gtr_findopt500,1046,18.1454,-706630.647888,48775.3881974
20260806-130945_r1_s10000_fast_gtr_findopt500,1183,19.9829,-706575.392215,48720.1325249
20260806-130945_r1_s10000_fast_gtr_findopt500,1237,20.714,-706551.617012,48696.3573213
20260806-130945_r1_s10000_fast_gtr_findopt500,1264,21.0788,-706538.442132,48683.1824419
20260806-130945_r1_s10000_fast_gtr_findopt500,1420,23.1885,-706324.349374,48469.0896835
20260806-130945_r1_s10000_fast_gtr_findopt500,1463,23.771,-706153.062206,48297.8025158
20260806-130945_r1_s10000_fast_gtr_findopt500,1543,24.8537,-705836.370518,47981.110828
20260806-130945_r1_s10000_fast_gtr_findopt500,1617,25.8549,-705785.375071,47930.1153804
20260806-130945_r1_s10000_fast_gtr_findopt500,1703,27.021,-705753.575287,47898.3155963
20260806-130945_r1_s10000_fast_gtr_findopt500,1725,27.3214,-705477.493441,47622.233751
20260806-130945_r1_s10000_fast_gtr_findopt500,2008,31.1725,-705348.678712,47493.4190216
20260806-130945_r1_s10000_fast_gtr_findopt500,2084,32.1994,-705327.378029,47472.1183388
20260806-130945_r1_s10000_fast_gtr_findopt500,2118,32.6601,-705306.573622,47451.3139313
20260806-130945_r1_s10000_fast_gtr_findopt500,2121,32.7006,-705284.626538,47429.3668472
20260806-130945_r1_s10000_fast_gtr_findopt500,2152,33.1238,-705027.402377,47172.142687
20260806-130945_r1_s10000_fast_gtr_findopt500,2231,34.1995,-705002.176312,47146.9166218
20260806-130945_r1_s10000_fast_gtr_findopt500,2264,34.6448,-704988.107025,47132.8473345
20260806-130945_r1_s10000_fast_gtr_findopt500,2471,37.4422,-703780.406741,45925.1470503
20260806-130945_r1_s10000_fast_gtr_findopt500,2606,39.2621,-703070.35542,45215.0957297
20260806-130945_r1_s10000_fast_gtr_findopt500,2746,41.1596,-702744.268992,44889.0093012
20260806-130945_r1_s10000_fast_gtr_findopt500,2834,42.3524,-701847.356488,43992.0967979
20260806-130945_r1_s10000_fast_gtr_findopt500,2942,43.8141,-701835.029771,43979.7700807
20260806-130945_r1_s10000_fast_gtr_findopt500,3017,44.8348,-701730.645408,43875.3857172
20260806-130945_r1_s10000_fast_gtr_findopt500,3507,51.4827,-701458.979326,43603.7196355
20260806-130945_r1_s10000_fast_gtr_findopt500,4012,58.3491,-701447.263339,43592.0036483
20260806-130945_r1_s10000_fast_gtr_findopt500,4154,60.3166,-701395.710507,43540.4508164
20260806-130945_r1_s10000_fast_gtr_findopt500,5028,72.4889,-701323.839203,43468.5795122
20260806-130945_r1_s10000_fast_gtr_findopt500,5189,74.7315,-701316.87941,43461.6197196
20260806-130945_r1_s10000_fast_gtr_findopt500,6178,88.4278,-700919.609211,43064.3495203
20260806-130945_r1_s10000_fast_gtr_findopt500,6263,89.627,-700831.340339,42976.080649
20260806-130945_r1_s10000_fast_gtr_findopt500,6639,94.9244,-700723.980542,42868.7208518
20260806-130945_r1_s10000_fast_gtr_findopt500,6798,97.1698,-700691.653405,42836.3937145
20260806-130945_r1_s10000_fast_gtr_findopt500,6867,98.1439,-700605.558025,42750.2983347
20260806-130945_r1_s10000_fast_gtr_findopt500,7002,100.042,-700099.588044,42244.3283535
20260806-130945_r1_s10000_fast_gtr_findopt500,7353,104.906,-700090.891189,42235.6314983
20260806-130945_r1_s10000_fast_gtr_findopt500,7761,110.564,-700086.909446,42231.6497558
20260806-130945_r1_s10000_fast_gtr_findopt500,7862,111.962,-700085.884182,42230.6244918
20260806-130945_r1_s10000_fast_gtr_findopt500,10000,141.628,-700085.884182,42230.6244918
20260806-131453_r1_s10000_fast_gtr_findopt500,0,3.34865,-722502.707262,64647.4475715
20260806-131453_r1_s10000_fast_gtr_findopt500,4,3.40432,-722468.227933,64612.9682426
20260806-131453_r1_s10000_fast_gtr_findopt500,12,3.51578,-722293.629367,64438.3696768
20260806-131453_r1_s10000_fast_gtr_findopt500,13,3.53008,-722244.259864,64389.0001732
20260806-131453_r1_s10000_fast_gtr_findopt500,24,3.683,-721652.899449,63797.6397588
20260806-131453_r1_s10000_fast_gtr_findopt500,30,3.76655,-721360.653091,63505.3934003
20260806-131453_r1_s10000_fast_gtr_findopt500,32,3.79468,-721154.661245,63299.4015548
20260806-131453_r1_s10000_fast_gtr_findopt500,34,3.82306,-720995.451238,63140.1915478
20260806-131453_r1_s10000_fast_gtr_findopt500,37,3.86524,-720808.831189,62953.5714984
20260806-131453_r1_s10000_fast_gtr_findopt500,41,3.92117,-720505.62062,62650.3609292
20260806-131453_r1_s10000_fast_gtr_findopt500,43,3.94929,-720429.514984,62574.255294
20260806-131453_r1_s10000_fast_gtr_findopt500,44,3.96366,-720384.563779,62529.3040887
20260806-131453_r1_s10000_fast_gtr_findopt500,45,3.978,-720234.964483,62379.7047928
20260806-131453_r1_s10000_fast_gtr_findopt500,64,4.24391,-719582.385685,61727.1259947
20260806-131453_r1_s10000_fast_gtr_findopt500,69,4.31388,-719581.030992,61725.7713017
20260806-131453_r1_s10000_fast_gtr_findopt500,77,4.42553,-719268.487806,61413.2281155
20260806-131453_r1_s10000_fast_gtr_findopt500,83,4.5084,-719204.117286,61348.857596
20260806-131453_r1_s10000_fast_gtr_findopt500,108,4.8552,-719098.367941,61243.1082502
20260806-131453_r1_s10000_fast_gtr_findopt500,126,5.10457,-719003.050399,61147.7907083
20260806-131453_r1_s10000_fast_gtr_findopt500,131,5.17412,-718899.311016,61044.0513253
20260806-131453_r1_s10000_fast_gtr_findopt500,143,5.34016,-718813.58982,60958.3301299
20260806-131453_r1_s10000_fast_gtr_findopt500,155,5.50713,-718806.263486,60951.0037955
20260806-131453_r1_s10000_fast_gtr_findopt500,165,5.64507,-718725.044521,60869.7848304
20260806-131453_r1_s10000_fast_gtr_findopt500,178,5.82292,-718653.782891,60798.5232002
20260806-131453_r1_s10000_fast_gtr_findopt500,191,6.00296,-717706.118109,59850.8584186
20260806-131453_r1_s10000_fast_gtr_findopt500,193,6.03104,-717643.232377,59787.9726862
20260806-131453_r1_s10000_fast_gtr_findopt500,202,6.15604,-717631.232775,59775.9730842
20260806-131453_r1_s10000_fast_gtr_findopt500,211,6.28007,-717618.162564,59762.9028739
20260806-131453_r1_s10000_fast_gtr_findopt500,212,6.29435,-717217.0218,59361.7621093
20260806-131453_r1_s10000_fast_gtr_findopt500,227,6.50078,-717092.869169,59237.609479
20260806-131453_r1_s10000_fast_gtr_findopt500,235,6.61282,-716839.707058,58984.447368
20260806-131453_r1_s10000_fast_gtr_findopt500,254,6.88024,-716653.653696,58798.394006
20260806-131453_r1_s10000_fast_gtr_findopt500,295,7.45237,-716313.812451,58458.5527605
20260806-131453_r1_s10000_fast_gtr_findopt500,305,7.59213,-716142.227516,58286.9678256
20260806-131453_r1_s10000_fast_gtr_findopt500,309,7.64813,-716128.311032,58273.0513411
20260806-131453_r1_s10000_fast_gtr_findopt500,315,7.73195,-715994.863129,58139.6034389
20260806-131453_r1_s10000_fast_gtr_findopt500,345,8.14925,-715712.191229,57856.9315382
20260806-131453_r1_s10000_fast_gtr_findopt500,355,8.28818,-715116.208068,57260.9483779
20260806-131453_r1_s10000_fast_gtr_findopt500,374,8.55247,-714966.013972,57110.7542813
20260806-131453_r1_s10000_fast_gtr_findopt500,375,8.56677,-714938.992224,57083.7325335
20260806-131453_r1_s10000_fast_gtr_findopt500,439,9.45718,-714655.634771,56800.375081
20260806-131453_r1_s10000_fast_gtr_findopt500,462,9.77749,-714397.925022,56542.6653319
20260806-131453_r1_s10000_fast_gtr_findopt500,489,10.1529,-713810.765295,55955.5056046
20260806-131453_r1_s10000_fast_gtr_findopt500,494,10.2243,-713557.37714,55702.1174499
20260806-131453_r1_s10000_fast_gtr_findopt500,508,10.4174,-712924.884122,55069.6244318
20260806-131453_r1_s10000_fast_gtr_findopt500,510,10.4455,-712645.839047,54790.5793565
20260806-131453_r1_s10000_fast_gtr_findopt500,550,11.0006,-712448.438273,54593.1785823
20260806-131453_r1_s10000_fast_gtr_findopt500,570,11.2793,-712408.793351,54553.5336611
20260806-131453_r1_s10000_fast_gtr_findopt500,605,11.7654,-712369.010288,54513.7505974
20260806-131453_r1_s10000_fast_gtr_findopt500,609,11.8213,-711856.397475,54001.1377841
20260806-131453_r1_s10000_fast_gtr_findopt500,640,12.2499,-711475.942466,53620.6827753
20260806-131453_r1_s10000_fast_gtr_findopt500,653,12.4309,-711230.656224,53375.3965334
20260806-131453_r1_s10000_fast_gtr_findopt500,656,12.473,-711122.713943,53267.4542528
20260806-131453_r1_s10000_fast_gtr_findopt500,694,12.9986,-710913.983307,53058.7236164
20260806-131453_r1_s10000_fast_gtr_findopt500,703,13.1239,-710676.250476,52820.9907857
20260806-131453_r1_s10000_fast_gtr_findopt500,712,13.2496,-710479.444375,52624.1846842
20260806-131453_r1_s10000_fast_gtr_findopt500,717,13.3199,-710061.317611,52206.0579203
20260806-131453_r1_s10000_fast_gtr_findopt500,720,13.3614,-709829.803324,51974.5436332
20260806-131453_r1_s10000_fast_gtr_findopt500,724,13.418,-709764.071495,51908.8118048
20260806-131453_r1_s10000_fast_gtr_findopt500,726,13.4466,-709745.240874,51889.9811841
20260806-131453_r1_s10000_fast_gtr_findopt500,733,13.546,-709433.047537,51577.7878465
20260806-131453_r1_s10000_fast_gtr_findopt500,756,13.8716,-709207.023552,51351.7638613
20260806-131453_r1_s10000_fast_gtr_findopt500,764,13.9848,-708912.551128,51057.2914371
20260806-131453_r1_s10000_fast_gtr_findopt500,772,14.0979,-708889.733532,51034.4738415
20260806-131453_r1_s10000_fast_gtr_findopt500,796,14.4374,-708866.956984,51011.6972931
20260806-131453_r1_s10000_fast_gtr_findopt500,812,14.6645,-708845.360377,50990.1006864
20260806-131453_r1_s10000_fast_gtr_findopt500,831,14.9317,-708478.608089,50623.3483982
20260806-131453_r1_s10000_fast_gtr_findopt500,834,14.9744,-707566.43013,49711.1704399
20260806-131453_r1_s10000_fast_gtr_findopt500,865,15.4097,-707509.837971,49654.5782807
20260806-131453_r1_s10000_fast_gtr_findopt500,906,15.9858,-707400.611924,49545.3522334
20260806-131453_r1_s10000_fast_gtr_findopt500,916,16.1264,-707331.962256,49476.7025655
20260806-131453_r1_s10000_fast_gtr_findopt500,936,16.4074,-706771.860019,48916.6003287
20260806-131453_r1_s10000_fast_gtr_findopt500,989,17.1489,-706623.941516,48768.6818254
20260806-131453_r1_s10000_fast_gtr_findopt500,992,17.1912,-706548.487821,48693.2281302
20260806-131453_r1_s10000_fast_gtr_findopt500,1016,17.5264,-706104.415502,48249.1558115
20260806-131453_r1_s10000_fast_gtr_findopt500,1072,18.3084,-705747.455241,47892.195551
20260806-131453_r1_s10000_fast_gtr_findopt500,1080,18.4208,-705679.050147,47823.7904563
20260806-131453_r1_s10000_fast_gtr_findopt500,1118,18.953,-705633.688232,47778.4285416
20260806-131453_r1_s10000_fast_gtr_findopt500,1136,19.2046,-705562.361845,47707.1021546
20260806-131453_r1_s10000_fast_gtr_findopt500,1149,19.3864,-705250.97065,47395.7109595
20260806-131453_r1_s10000_fast_gtr_findopt500,1172,19.7081,-705164.001587,47308.7418971
20260806-131453_r1_s10000_fast_gtr_findopt500,1218,20.3518,-705019.502396,47164.2427052
20260806-131453_r1_s10000_fast_gtr_findopt500,1250,20.7999,-704807.291057,46952.0313668
20260806-131453_r1_s10000_fast_gtr_findopt500,1266,21.0224,-704784.392222,46929.1325316
20260806-131453_r1_s10000_fast_gtr_findopt500,1343,22.093,-704723.60169,46868.3420001
20260806-131453_r1_s10000_fast_gtr_findopt500,1345,22.1213,-704648.813811,46793.5541211
20260806-131453_r1_s10000_fast_gtr_findopt500,1424,23.2269,-704517.968531,46662.7088403
20260806-131453_r1_s10000_fast_gtr_findopt500,1439,23.4383,-704401.765722,46546.5060311
20260806-131453_r1_s10000_fast_gtr_findopt500,1541,24.8669,-704001.125731,46145.8660405
20260806-131453_r1_s10000_fast_gtr_findopt500,1590,25.5528,-703936.43713,46081.1774393
20260806-131453_r1_s10000_fast_gtr_findopt500,1798,28.464,-703771.584132,45916.3244412
20260806-131453_r1_s10000_fast_gtr_findopt500,1818,28.7448,-703714.269083,45859.0093929
20260806-131453_r1_s10000_fast_gtr_findopt500,1819,28.7592,-703705.899299,45850.6396089
20260806-131453_r1_s10000_fast_gtr_findopt500,1948,30.5701,-703529.954351,45674.6946607
20260806-131453_r1_s10000_fast_gtr_findopt500,2018,31.5519,-703524.702283,45669.442593
20260806-131453_r1_s10000_fast_gtr_findopt500,2166,33.6235,-701394.216229,43538.9565388
20260806-131453_r1_s10000_fast_gtr_findopt500,2346,36.1488,-701177.734666,43322.4749754
20260806-131453_r1_s10000_fast_gtr_findopt500,2369,36.4709,-700824.885281,42969.6255906
20260806-131453_r1_s10000_fast_gtr_findopt500,2413,37.0869,-700744.226368,42888.9666772
20260806-131453_r1_s10000_fast_gtr_findopt500,2745,41.7477,-700719.819649,42864.5599585
20260806-131453_r1_s10000_fast_gtr_findopt500,2765,42.0289,-700424.641265,42569.3815751
20260806-131453_r1_s10000_fast_gtr_findopt500,2804,42.5804,-700376.247539,42520.9878485
20260806-131453_r1_s10000_fast_gtr_findopt500,2820,42.8039,-700220.311315,42365.0516243
20260806-131453_r1_s10000_fast_gtr_findopt500,3249,48.813,-699935.376283,42080.1165929
20260806-131453_r1_s10000_fast_gtr_findopt500,3327,49.903,-699933.843719,42078.5840291
20260806-131453_r1_s10000_fast_gtr_findopt500,3503,52.3668,-699555.131881,41699.872191
20260806-131453_r1_s10000_fast_gtr_findopt500,3535,52.814,-699489.099037,41633.8393462
20260806-131453_r1_s10000_fast_gtr_findopt500,3722,55.4512,-699480.484781,41625.2250909
20260806-131453_r1_s10000_fast_gtr_findopt500,3726,55.5067,-699278.027763,41422.7680726
20260806-131453_r1_s10000_fast_gtr_findopt500,4111,60.9371,-699160.033293,41304.7736027
20260806-131453_r1_s10000_fast_gtr_findopt500,4257,62.9924,-698987.000857,41131.7411665
20260806-131453_r1_s10000_fast_gtr_findopt500,4716,69.4614,-698964.500394,41109.2407038
20260806-131453_r1_s10000_fast_gtr_findopt500,4929,72.4678,-698945.197278,41089.9375874
20260806-131453_r1_s10000_fast_gtr_findopt500,10000,144.072,-698945.197278,41089.9375874
20260806-132008_r1_s10000_fast_gtr_findopt500,0,3.35267,-722502.707262,64647.4475715
20260806-132008_r1_s10000_fast_gtr_findopt500,15,3.56194,-721820.331822,63965.0721312
20260806-132008_r1_s10000_fast_gtr_findopt500,32,3.79799,-721622.40606,63767.1463701
20260806-132008_r1_s10000_fast_gtr_findopt500,41,3.92415,-720897.186173,63041.9264823
20260806-132008_r1_s10000_fast_gtr_findopt500,44,3.96652,-720352.104317,62496.8446262
20260806-132008_r1_s10000_fast_gtr_findopt500,57,4.14795,-719480.777759,61625.5180687
20260806-132008_r1_s10000_fast_gtr_findopt500,72,4.35699,-719405.353655,61550.0939648
20260806-132008_r1_s10000_fast_gtr_findopt500,74,4.38394,-719405.145944,61549.8862537
20260806-132008_r1_s10000_fast_gtr_findopt500,76,4.41105,-719294.43948,61439.1797901
20260806-132008_r1_s10000_fast_gtr_findopt500,77,4.42522,-719060.511962,61205.2522713
20260806-132008_r1_s10000_fast_gtr_findopt500,98,4.71638,-718533.900393,60678.6407028
20260806-132008_r1_s10000_fast_gtr_findopt500,103,4.78579,-717774.113117,59918.8534263
20260806-132008_r1_s10000_fast_gtr_findopt500,104,4.79998,-717732.057187,59876.7974963
20260806-132008_r1_s10000_fast_gtr_findopt500,138,5.27443,-717568.168169,59712.9084789
20260806-132008_r1_s10000_fast_gtr_findopt500,143,5.34555,-717492.455132,59637.1954421
20260806-132008_r1_s10000_fast_gtr_findopt500,163,5.62785,-717354.066462,59498.8067713
20260806-132008_r1_s10000_fast_gtr_findopt500,167,5.68298,-717342.521003,59487.2613121
20260806-132008_r1_s10000_fast_gtr_findopt500,190,6.00226,-716965.051528,59109.7918377
20260806-132008_r1_s10000_fast_gtr_findopt500,196,6.08572,-716766.846116,58911.5864256
20260806-132008_r1_s10000_fast_gtr_findopt500,205,6.21101,-715990.616127,58135.3564368
20260806-132008_r1_s10000_fast_gtr_findopt500,224,6.47457,-715420.329346,57565.0696558
20260806-132008_r1_s10000_fast_gtr_findopt500,227,6.51461,-714937.102542,57081.8428519
20260806-132008_r1_s10000_fast_gtr_findopt500,287,7.34549,-714284.735897,56429.4762062
20260806-132008_r1_s10000_fast_gtr_findopt500,319,7.78857,-713911.122472,56055.8627813
20260806-132008_r1_s10000_fast_gtr_findopt500,352,8.24533,-713756.771562,55901.5118718
20260806-132008_r1_s10000_fast_gtr_findopt500,353,8.25763,-713621.582698,55766.3230081
20260806-132008_r1_s10000_fast_gtr_findopt500,364,8.41048,-713134.441611,55279.181921
20260806-132008_r1_s10000_fast_gtr_findopt500,365,8.42368,-712939.950583,55084.6908922
20260806-132008_r1_s10000_fast_gtr_findopt500,382,8.65915,-712837.36456,54982.1048697
20260806-132008_r1_s10000_fast_gtr_findopt500,413,9.08706,-712519.046814,54663.7871239
20260806-132008_r1_s10000_fast_gtr_findopt500,421,9.19758,-712164.331856,54309.0721659
20260806-132008_r1_s10000_fast_gtr_findopt500,435,9.39053,-712116.199615,54260.9399244
20260806-132008_r1_s10000_fast_gtr_findopt500,453,9.63916,-711876.070055,54020.8103644
20260806-132008_r1_s10000_fast_gtr_findopt500,468,9.84642,-711870.496789,54015.2370986
20260806-132008_r1_s10000_fast_gtr_findopt500,476,9.95602,-711214.477469,53359.2177783
20260806-132008_r1_s10000_fast_gtr_findopt500,494,10.2052,-711171.78595,53316.5262594
20260806-132008_r1_s10000_fast_gtr_findopt500,510,10.4278,-711012.972113,53157.7124231
20260806-132008_r1_s10000_fast_gtr_findopt500,519,10.5521,-710675.431051,52820.1713605
20260806-132008_r1_s10000_fast_gtr_findopt500,520,10.5652,-710589.603547,52734.3438568
20260806-132008_r1_s10000_fast_gtr_findopt500,523,10.6067,-710264.623975,52409.3642842
20260806-132008_r1_s10000_fast_gtr_findopt500,548,10.9441,-710168.159638,52312.8999479
20260806-132008_r1_s10000_fast_gtr_findopt500,567,11.2042,-709278.963593,51423.7039024
20260806-132008_r1_s10000_fast_gtr_findopt500,599,11.6423,-707998.870839,50143.6111484
20260806-132008_r1_s10000_fast_gtr_findopt500,645,12.2819,-707672.399426,49817.1397361
20260806-132008_r1_s10000_fast_gtr_findopt500,671,12.6448,-707616.578086,49761.3183955
20260806-132008_r1_s10000_fast_gtr_findopt500,681,12.7845,-707476.048734,49620.7890433
20260806-132008_r1_s10000_fast_gtr_findopt500,694,12.9662,-707409.255573,49553.995883
20260806-132008_r1_s10000_fast_gtr_findopt500,716,13.2733,-707349.914987,49494.6552967
20260806-132008_r1_s10000_fast_gtr_findopt500,733,13.5111,-707210.218284,49354.9585938
20260806-132008_r1_s10000_fast_gtr_findopt500,745,13.6788,-707134.089012,49278.8293221
20260806-132008_r1_s10000_fast_gtr_findopt500,748,13.721,-707038.465297,49183.2056063
20260806-132008_r1_s10000_fast_gtr_findopt500,757,13.8471,-707009.763725,49154.5040348
20260806-132008_r1_s10000_fast_gtr_findopt500,781,14.1828,-706853.496803,48998.2371122
20260806-132008_r1_s10000_fast_gtr_findopt500,817,14.6863,-706744.647738,48889.3880479
20260806-132008_r1_s10000_fast_gtr_findopt500,818,14.7007,-706726.765708,48871.5060177
20260806-132008_r1_s10000_fast_gtr_findopt500,841,15.0226,-706692.234827,48836.9751364
20260806-132008_r1_s10000_fast_gtr_findopt500,865,15.3589,-706420.311857,48565.0521671
20260806-132008_r1_s10000_fast_gtr_findopt500,912,16.0163,-706236.696136,48381.4364452
20260806-132008_r1_s10000_fast_gtr_findopt500,994,17.1655,-705787.71633,47932.4566393
20260806-132008_r1_s10000_fast_gtr_findopt500,1014,17.4469,-705784.730887,47929.4711967
20260806-132008_r1_s10000_fast_gtr_findopt500,1018,17.5034,-705226.674634,47371.4149437
20260806-132008_r1_s10000_fast_gtr_findopt500,1057,18.0529,-705001.509135,47146.249445
20260806-132008_r1_s10000_fast_gtr_findopt500,1110,18.7971,-704933.804688,47078.5449972
20260806-132008_r1_s10000_fast_gtr_findopt500,1114,18.8517,-704823.32511,46968.0654193
20260806-132008_r1_s10000_fast_gtr_findopt500,1228,20.4518,-704809.678396,46954.4187057
20260806-132008_r1_s10000_fast_gtr_findopt500,1286,21.2654,-703792.444093,45937.1844022
20260806-132008_r1_s10000_fast_gtr_findopt500,1291,21.3355,-703416.912038,45561.6523478
20260806-132008_r1_s10000_fast_gtr_findopt500,1298,21.4342,-703298.822074,45443.5623832
20260806-132008_r1_s10000_fast_gtr_findopt500,1299,21.4476,-703272.710659,45417.450969
20260806-132008_r1_s10000_fast_gtr_findopt500,1408,22.9766,-703263.148302,45407.8886114
20260806-132008_r1_s10000_fast_gtr_findopt500,1416,23.0902,-703164.14288,45308.8831897
20260806-132008_r1_s10000_fast_gtr_findopt500,1491,24.1442,-703143.596369,45288.336679
20260806-132008_r1_s10000_fast_gtr_findopt500,1579,25.377,-703028.30285,45173.0431594
20260806-132008_r1_s10000_fast_gtr_findopt500,1615,25.8813,-702704.479499,44849.2198087
20260806-132008_r1_s10000_fast_gtr_findopt500,1644,26.2872,-702486.15815,44630.8984594
20260806-132008_r1_s10000_fast_gtr_findopt500,1733,27.5334,-702363.219126,44507.9594357
20260806-132008_r1_s10000_fast_gtr_findopt500,1761,27.9249,-702357.192992,44501.9333014
20260806-132008_r1_s10000_fast_gtr_findopt500,1814,28.665,-702248.153022,44392.8933313
20260806-132008_r1_s10000_fast_gtr_findopt500,1952,30.594,-701777.863758,43922.6040678
20260806-132008_r1_s10000_fast_gtr_findopt500,1968,30.817,-701767.36375,43912.1040592
20260806-132008_r1_s10000_fast_gtr_findopt500,1979,30.9711,-701362.053118,43506.793428
20260806-132008_r1_s10000_fast_gtr_findopt500,1997,31.2223,-701340.335046,43485.0753559
20260806-132008_r1_s10000_fast_gtr_findopt500,2038,31.7954,-700942.028269,43086.7685791
20260806-132008_r1_s10000_fast_gtr_findopt500,2163,33.5121,-700559.767934,42704.508244
20260806-132008_r1_s10000_fast_gtr_findopt500,2173,33.65,-699734.965082,41879.7053912
20260806-132008_r1_s10000_fast_gtr_findopt500,2316,35.6158,-699533.903197,41678.6435064
20260806-132008_r1_s10000_fast_gtr_findopt500,2470,37.7671,-699096.910596,41241.6509059
20260806-132008_r1_s10000_fast_gtr_findopt500,2697,40.9476,-699088.943081,41233.683391
20260806-132008_r1_s10000_fast_gtr_findopt500,2700,40.9882,-699056.385459,41201.1257683
20260806-132008_r1_s10000_fast_gtr_findopt500,2867,43.327,-698959.468563,41104.2088723
20260806-132008_r1_s10000_fast_gtr_findopt500,2947,44.4445,-698943.198612,41087.9389213
20260806-132008_r1_s10000_fast_gtr_findopt500,2999,45.1713,-698923.528813,41068.2691231
20260806-132008_r1_s10000_fast_gtr_findopt500,3296,49.3323,-698779.883119,40924.6234286
20260806-132008_r1_s10000_fast_gtr_findopt500,4846,71.023,-698762.12393,40906.8642397
20260806-132008_r1_s10000_fast_gtr_findopt500,4979,72.8835,-698452.806847,40597.5471571
20260806-132008_r1_s10000_fast_gtr_findopt500,10000,141.983,-698452.806847,40597.5471571
20260806-132515_r1_s10000_fast_gtr_findopt500,0,3.37467,-722502.707262,64647.4475715
20260806-132515_r1_s10000_fast_gtr_findopt500,4,3.43267,-722167.422278,64312.1625875
20260806-132515_r1_s10000_fast_gtr_findopt500,10,3.51758,-722132.952731,64277.6930407
20260806-132515_r1_s10000_fast_gtr_findopt500,17,3.61588,-722096.899668,64241.639978
20260806-132515_r1_s10000_fast_gtr_findopt500,27,3.75675,-721937.733244,64082.4735536
20260806-132515_r1_s10000_fast_gtr_findopt500,30,3.7993,-721788.682211,63933.4225211
20260806-132515_r1_s10000_fast_gtr_findopt500,32,3.82744,-721545.618583,63690.3588926
20260806-132515_r1_s10000_fast_gtr_findopt500,33,3.84194,-720891.753803,63036.4941128
20260806-132515_r1_s10000_fast_gtr_findopt500,37,3.89902,-720457.167929,62601.9082386
20260806-132515_r1_s10000_fast_gtr_findopt500,41,3.95517,-720236.493503,62381.2338129
20260806-132515_r1_s10000_fast_gtr_findopt500,87,4.60852,-720126.261981,62271.0022911
20260806-132515_r1_s10000_fast_gtr_findopt500,109,4.92002,-719157.014664,61301.7549739
20260806-132515_r1_s10000_fast_gtr_findopt500,166,5.72181,-719028.797435,61173.5377444
20260806-132515_r1_s10000_fast_gtr_findopt500,171,5.79229,-718629.61893,60774.3592399
20260806-132515_r1_s10000_fast_gtr_findopt500,178,5.89033,-718052.850246,60197.5905554
20260806-132515_r1_s10000_fast_gtr_findopt500,197,6.1542,-717864.428551,60009.1688604
20260806-132515_r1_s10000_fast_gtr_findopt500,205,6.26587,-717846.155758,59990.8960674
20260806-132515_r1_s10000_fast_gtr_findopt500,207,6.29416,-717706.948199,59851.6885087
20260806-132515_r1_s10000_fast_gtr_findopt500,234,6.66809,-717563.548802,59708.2891115
20260806-132515_r1_s10000_fast_gtr_findopt500,235,6.68122,-717209.422389,59354.1626991
20260806-132515_r1_s10000_fast_gtr_findopt500,268,7.13434,-717207.123221,59351.8635302
20260806-132515_r1_s10000_fast_gtr_findopt500,283,7.34142,-717047.266438,59192.0067476
20260806-132515_r1_s10000_fast_gtr_findopt500,285,7.36951,-716994.935688,59139.675998
20260806-132515_r1_s10000_fast_gtr_findopt500,294,7.49583,-716732.89279,58877.6330992
20260806-132515_r1_s10000_fast_gtr_findopt500,300,7.58029,-716694.322424,58839.0627335
20260806-132515_r1_s10000_fast_gtr_findopt500,304,7.63671,-716473.808995,58618.5493045
20260806-132515_r1_s10000_fast_gtr_findopt500,327,7.95847,-716459.034164,58603.7744733
20260806-132515_r1_s10000_fast_gtr_findopt500,365,8.48947,-716418.219576,58562.9598854
20260806-132515_r1_s10000_fast_gtr_findopt500,378,8.67173,-716388.418764,58533.1590733
20260806-132515_r1_s10000_fast_gtr_findopt500,420,9.25915,-716044.298245,58189.0385551
20260806-132515_r1_s10000_fast_gtr_findopt500,432,9.42579,-715849.102278,57993.8425878
20260806-132515_r1_s10000_fast_gtr_findopt500,446,9.61687,-715772.971976,57917.7122855
20260806-132515_r1_s10000_fast_gtr_findopt500,448,9.64446,-715736.044877,57880.7851868
20260806-132515_r1_s10000_fast_gtr_findopt500,452,9.69745,-715500.448866,57645.1891757
20260806-132515_r1_s10000_fast_gtr_findopt500,454,9.72511,-715472.944312,57617.6846217
20260806-132515_r1_s10000_fast_gtr_findopt500,460,9.80773,-715213.690407,57358.4307168
20260806-132515_r1_s10000_fast_gtr_findopt500,466,9.89006,-715079.609079,57224.349389
20260806-132515_r1_s10000_fast_gtr_findopt500,484,10.1367,-715037.536179,57182.2764889
20260806-132515_r1_s10000_fast_gtr_findopt500,491,10.235,-714835.709652,56980.4499613
20260806-132515_r1_s10000_fast_gtr_findopt500,532,10.7944,-714276.028768,56420.7690778
20260806-132515_r1_s10000_fast_gtr_findopt500,533,10.8084,-713220.432863,55365.1731724
20260806-132515_r1_s10000_fast_gtr_findopt500,541,10.9182,-713197.50312,55342.2434298
20260806-132515_r1_s10000_fast_gtr_findopt500,553,11.0824,-712968.032383,55112.7726931
20260806-132515_r1_s10000_fast_gtr_findopt500,557,11.1376,-712692.920866,54837.6611752
20260806-132515_r1_s10000_fast_gtr_findopt500,604,11.7809,-712336.767014,54481.5073239
20260806-132515_r1_s10000_fast_gtr_findopt500,626,12.0828,-712308.331188,54453.0714977
20260806-132515_r1_s10000_fast_gtr_findopt500,651,12.4254,-711984.808408,54129.5487179
20260806-132515_r1_s10000_fast_gtr_findopt500,653,12.4522,-711581.05326,53725.7935696
20260806-132515_r1_s10000_fast_gtr_findopt500,678,12.7934,-711388.533922,53533.2742316
20260806-132515_r1_s10000_fast_gtr_findopt500,691,12.9717,-711269.887979,53414.6282887
20260806-132515_r1_s10000_fast_gtr_findopt500,729,13.4908,-711231.471212,53376.2115216
20260806-132515_r1_s10000_fast_gtr_findopt500,734,13.5595,-711145.08606,53289.8263701
20260806-132515_r1_s10000_fast_gtr_findopt500,756,13.8605,-710873.546931,53018.2872407
20260806-132515_r1_s10000_fast_gtr_findopt500,767,14.0111,-709756.721279,51901.4615885
20260806-132515_r1_s10000_fast_gtr_findopt500,830,14.8723,-709708.684333,51853.4246426
20260806-132515_r1_s10000_fast_gtr_findopt500,846,15.0909,-709558.930236,51703.6705456
20260806-132515_r1_s10000_fast_gtr_findopt500,848,15.1177,-709552.822481,51697.5627906
20260806-132515_r1_s10000_fast_gtr_findopt500,889,15.6774,-709020.222371,51164.9626809
20260806-132515_r1_s10000_fast_gtr_findopt500,895,15.7574,-708860.012138,51004.7524475
20260806-132515_r1_s10000_fast_gtr_findopt500,922,16.123,-708828.84162,50973.58193
20260806-132515_r1_s10000_fast_gtr_findopt500,934,16.2869,-708819.207863,50963.9481728
20260806-132515_r1_s10000_fast_gtr_findopt500,1028,17.5843,-708518.869352,50663.6096619
20260806-132515_r1_s10000_fast_gtr_findopt500,1108,18.6907,-708509.324733,50654.0650431
20260806-132515_r1_s10000_fast_gtr_findopt500,1122,18.8845,-708227.773036,50372.513346
20260806-132515_r1_s10000_fast_gtr_findopt500,1199,19.9577,-708074.989254,50219.729564
20260806-132515_r1_s10000_fast_gtr_findopt500,1201,19.9861,-707697.658132,49842.3984416
20260806-132515_r1_s10000_fast_gtr_findopt500,1353,22.1085,-707520.142703,49664.8830128
20260806-132515_r1_s10000_fast_gtr_findopt500,1380,22.486,-707333.982678,49478.7229881
20260806-132515_r1_s10000_fast_gtr_findopt500,1428,23.1549,-706876.313446,49021.0537552
20260806-132515_r1_s10000_fast_gtr_findopt500,1456,23.5474,-706715.735125,48860.4754347
20260806-132515_r1_s10000_fast_gtr_findopt500,1491,24.039,-706665.913272,48810.6535813
20260806-132515_r1_s10000_fast_gtr_findopt500,1494,24.0816,-705707.897529,47852.637839
20260806-132515_r1_s10000_fast_gtr_findopt500,1547,24.8325,-705430.520263,47575.2605726
20260806-132515_r1_s10000_fast_gtr_findopt500,1592,25.4742,-705014.605526,47159.3458355
20260806-132515_r1_s10000_fast_gtr_findopt500,1621,25.8869,-704934.3787,47079.1190096
20260806-132515_r1_s10000_fast_gtr_findopt500,1638,26.1288,-704272.630227,46417.3705369
20260806-132515_r1_s10000_fast_gtr_findopt500,1677,26.6825,-704253.48529,46398.2255995
20260806-132515_r1_s10000_fast_gtr_findopt500,1694,26.9229,-704157.325545,46302.065855
20260806-132515_r1_s10000_fast_gtr_findopt500,1716,27.2342,-703932.895658,46077.6359675
20260806-132515_r1_s10000_fast_gtr_findopt500,1781,28.1563,-703743.823027,45888.5633365
20260806-132515_r1_s10000_fast_gtr_findopt500,1802,28.4505,-703741.391964,45886.1322733
20260806-132515_r1_s10000_fast_gtr_findopt500,1869,29.3822,-703323.012073,45467.7523826
20260806-132515_r1_s10000_fast_gtr_findopt500,1932,30.2532,-703115.217331,45259.9576409
20260806-132515_r1_s10000_fast_gtr_findopt500,1987,31.016,-702128.278309,44273.018619
20260806-132515_r1_s10000_fast_gtr_findopt500,1990,31.0582,-702122.672007,44267.4123169
20260806-132515_r1_s10000_fast_gtr_findopt500,2101,32.6074,-702099.636897,44244.3772067
20260806-132515_r1_s10000_fast_gtr_findopt500,2107,32.6912,-701886.302342,44031.0426517
20260806-132515_r1_s10000_fast_gtr_findopt500,2264,34.8796,-701704.51174,43849.2520496
20260806-132515_r1_s10000_fast_gtr_findopt500,2348,36.05,-701228.844106,43373.5844155
20260806-132515_r1_s10000_fast_gtr_findopt500,2373,36.3978,-701154.916079,43299.6563883
20260806-132515_r1_s10000_fast_gtr_findopt500,2482,37.9128,-701086.726322,43231.4666312
20260806-132515_r1_s10000_fast_gtr_findopt500,2511,38.3179,-701060.971602,43205.7119117
20260806-132515_r1_s10000_fast_gtr_findopt500,2512,38.332,-700854.011773,42998.752083
20260806-132515_r1_s10000_fast_gtr_findopt500,2547,38.8156,-700813.102975,42957.843285
20260806-132515_r1_s10000_fast_gtr_findopt500,2600,39.5477,-700472.369554,42617.1098639
20260806-132515_r1_s10000_fast_gtr_findopt500,2722,41.2331,-700418.209551,42562.9498607
20260806-132515_r1_s10000_fast_gtr_findopt500,2754,41.6755,-700413.939999,42558.6803082
20260806-132515_r1_s10000_fast_gtr_findopt500,2820,42.5888,-700291.056253,42435.7965624
20260806-132515_r1_s10000_fast_gtr_findopt500,2891,43.5661,-700133.642553,42278.382863
20260806-132515_r1_s10000_fast_gtr_findopt500,3243,48.4159,-699980.614835,42125.3551443
20260806-132515_r1_s10000_fast_gtr_findopt500,4066,59.7595,-699622.139551,41766.8798602
20260806-132515_r1_s10000_fast_gtr_findopt500,5104,74.1123,-699467.238169,41611.978479
20260806-132515_r1_s10000_fast_gtr_findopt500,5255,76.1929,-699457.978341,41602.718651
20260806-132515_r1_s10000_fast_gtr_findopt500,5530,79.9918,-699405.52108,41550.2613897
20260806-132515_r1_s10000_fast_gtr_findopt500,5735,82.8292,-699261.135151,41405.875461
20260806-132515_r1_s10000_fast_gtr_findopt500,10000,141.632,-699261.135151,41405.875461
20260806-133024_r1_s10000_fast_gtr_findopt500,0,3.35413,-722502.707262,64647.4475715
20260806-133024_r1_s10000_fast_gtr_findopt500,3,3.39609,-722345.456494,64490.1968036
20260806-133024_r1_s10000_fast_gtr_findopt500,13,3.53613,-721769.653206,63914.3935159
20260806-133024_r1_s10000_fast_gtr_findopt500,14,3.5503,-721648.315188,63793.0554977
20260806-133024_r1_s10000_fast_gtr_findopt500,19,3.62036,-721482.823761,63627.5640702
20260806-133024_r1_s10000_fast_gtr_findopt500,44,3.97249,-720678.644016,62823.3843253
20260806-133024_r1_s10000_fast_gtr_findopt500,47,4.01516,-720253.753708,62398.4940174
20260806-133024_r1_s10000_fast_gtr_findopt500,56,4.1425,-720220.91093,62365.65124
20260806-133024_r1_s10000_fast_gtr_findopt500,71,4.35706,-720084.020049,62228.7603588
20260806-133024_r1_s10000_fast_gtr_findopt500,88,4.59529,-719934.826923,62079.5672325
20260806-133024_r1_s10000_fast_gtr_findopt500,94,4.6809,-719741.17849,61885.9187997
20260806-133024_r1_s10000_fast_gtr_findopt500,116,4.99357,-719360.07019,61504.8104992
20260806-133024_r1_s10000_fast_gtr_findopt500,128,5.16219,-719077.375774,61222.1160834
20260806-133024_r1_s10000_fast_gtr_findopt500,140,5.33259,-718856.548172,61001.2884813
20260806-133024_r1_s10000_fast_gtr_findopt500,153,5.51652,-718298.974455,60443.714765
20260806-133024_r1_s10000_fast_gtr_findopt500,161,5.62854,-717988.038866,60132.7791752
20260806-133024_r1_s10000_fast_gtr_findopt500,170,5.75578,-717335.382411,59480.1227205
20260806-133024_r1_s10000_fast_gtr_findopt500,174,5.81269,-717018.127536,59162.8678452
20260806-133024_r1_s10000_fast_gtr_findopt500,175,5.82711,-716959.98862,59104.72893
20260806-133024_r1_s10000_fast_gtr_findopt500,181,5.91113,-716886.99094,59031.7312495
20260806-133024_r1_s10000_fast_gtr_findopt500,182,5.92565,-716814.504605,58959.2449148
20260806-133024_r1_s10000_fast_gtr_findopt500,189,6.02358,-716679.276322,58824.0166316
20260806-133024_r1_s10000_fast_gtr_findopt500,195,6.10923,-716652.24615,58796.9864599
20260806-133024_r1_s10000_fast_gtr_findopt500,197,6.13788,-716384.137875,58528.8781847
20260806-133024_r1_s10000_fast_gtr_findopt500,204,6.23808,-716050.297148,58195.0374581
20260806-133024_r1_s10000_fast_gtr_findopt500,207,6.28093,-715204.94588,57349.68619
20260806-133024_r1_s10000_fast_gtr_findopt500,209,6.3098,-715195.029123,57339.769433
20260806-133024_r1_s10000_fast_gtr_findopt500,263,7.07878,-715040.042801,57184.7831103
20260806-133024_r1_s10000_fast_gtr_findopt500,268,7.14853,-714704.992655,56849.7329648
20260806-133024_r1_s10000_fast_gtr_findopt500,271,7.19162,-714585.416592,56730.1569013
20260806-133024_r1_s10000_fast_gtr_findopt500,274,7.23477,-714420.092226,56564.8325353
20260806-133024_r1_s10000_fast_gtr_findopt500,289,7.44774,-713831.956106,55976.6964153
20260806-133024_r1_s10000_fast_gtr_findopt500,326,7.97447,-713576.405347,55721.1456563
20260806-133024_r1_s10000_fast_gtr_findopt500,329,8.0175,-713139.312642,55284.0529511
20260806-133024_r1_s10000_fast_gtr_findopt500,372,8.62712,-712716.650167,54861.390477
20260806-133024_r1_s10000_fast_gtr_findopt500,387,8.83938,-712643.411646,54788.1519557
20260806-133024_r1_s10000_fast_gtr_findopt500,401,9.03581,-712549.813915,54694.5542245
20260806-133024_r1_s10000_fast_gtr_findopt500,416,9.24695,-712183.187246,54327.9275557
20260806-133024_r1_s10000_fast_gtr_findopt500,418,9.27323,-712137.863001,54282.6033103
20260806-133024_r1_s10000_fast_gtr_findopt500,420,9.30066,-711839.647614,53984.3879235
20260806-133024_r1_s10000_fast_gtr_findopt500,443,9.62411,-711838.95986,53983.7001696
20260806-133024_r1_s10000_fast_gtr_findopt500,449,9.70867,-711600.387408,53745.1277173
20260806-133024_r1_s10000_fast_gtr_findopt500,458,9.83612,-711333.132693,53477.8730028
20260806-133024_r1_s10000_fast_gtr_findopt500,507,10.5281,-711317.002709,53461.7430184
20260806-133024_r1_s10000_fast_gtr_findopt500,525,10.7822,-710874.888405,53019.6287142
20260806-133024_r1_s10000_fast_gtr_findopt500,529,10.8382,-710692.5462,52837.2865096
20260806-133024_r1_s10000_fast_gtr_findopt500,538,10.9652,-710667.781554,52812.5218638
20260806-133024_r1_s10000_fast_gtr_findopt500,615,12.0492,-710580.998043,52725.738353
20260806-133024_r1_s10000_fast_gtr_findopt500,634,12.3176,-710479.562878,52624.3031876
20260806-133024_r1_s10000_fast_gtr_findopt500,653,12.5863,-710213.54609,52358.2863995
20260806-133024_r1_s10000_fast_gtr_findopt500,673,12.8693,-710122.617163,52267.3574726
20260806-133024_r1_s10000_fast_gtr_findopt500,681,12.9818,-710115.060207,52259.8005171
20260806-133024_r1_s10000_fast_gtr_findopt500,686,13.0529,-709969.272574,52114.0128838
20260806-133024_r1_s10000_fast_gtr_findopt500,687,13.0675,-709808.954609,51953.6949181
20260806-133024_r1_s10000_fast_gtr_findopt500,712,13.4203,-709478.544396,51623.2847054
20260806-133024_r1_s10000_fast_gtr_findopt500,715,13.4627,-709192.417226,51337.1575355
20260806-133024_r1_s10000_fast_gtr_findopt500,742,13.8435,-709084.653745,51229.3940547
20260806-133024_r1_s10000_fast_gtr_findopt500,806,14.7448,-709003.0752,51147.8155094
20260806-133024_r1_s10000_fast_gtr_findopt500,815,14.8719,-708885.667545,51030.407855
20260806-133024_r1_s10000_fast_gtr_findopt500,821,14.9564,-708752.720467,50897.4607764
20260806-133024_r1_s10000_fast_gtr_findopt500,828,15.055,-708746.68841,50891.4287199
20260806-133024_r1_s10000_fast_gtr_findopt500,921,16.369,-708736.546381,50881.2866906
20260806-133024_r1_s10000_fast_gtr_findopt500,937,16.5955,-708621.280296,50766.0206055
20260806-133024_r1_s10000_fast_gtr_findopt500,987,17.3031,-708574.132468,50718.8727772
20260806-133024_r1_s10000_fast_gtr_findopt500,1019,17.7576,-708535.169884,50679.9101938
20260806-133024_r1_s10000_fast_gtr_findopt500,1115,19.1075,-708042.435769,50187.1760782
20260806-133024_r1_s10000_fast_gtr_findopt500,1121,19.1921,-707397.354838,49542.0951475
20260806-133024_r1_s10000_fast_gtr_findopt500,1159,19.7213,-707221.400508,49366.1408176
20260806-133024_r1_s10000_fast_gtr_findopt500,1171,19.8877,-707077.980235,49222.7205449
20260806-133024_r1_s10000_fast_gtr_findopt500,1230,20.7073,-707065.633511,49210.373821
20260806-133024_r1_s10000_fast_gtr_findopt500,1335,22.1772,-706847.110716,48991.8510254
20260806-133024_r1_s10000_fast_gtr_findopt500,1391,22.9619,-706735.476595,48880.2169046
20260806-133024_r1_s10000_fast_gtr_findopt500,1436,23.5915,-706708.867164,48853.6074741
20260806-133024_r1_s10000_fast_gtr_findopt500,1439,23.6323,-706664.297548,48809.0378581
20260806-133024_r1_s10000_fast_gtr_findopt500,1478,24.1711,-706411.53161,48556.2719196
20260806-133024_r1_s10000_fast_gtr_findopt500,1494,24.3929,-705976.095307,48120.8356167
20260806-133024_r1_s10000_fast_gtr_findopt500,1556,25.2618,-703804.873527,45949.6138367
20260806-133024_r1_s10000_fast_gtr_findopt500,1566,25.3998,-703790.4921,45935.2324101
20260806-133024_r1_s10000_fast_gtr_findopt500,1592,25.7602,-703737.953368,45882.6936775
20260806-133024_r1_s10000_fast_gtr_findopt500,1671,26.8611,-703603.095338,45747.835648
20260806-133024_r1_s10000_fast_gtr_findopt500,1803,28.6839,-703307.714925,45452.4552351
20260806-133024_r1_s10000_fast_gtr_findopt500,1855,29.4018,-703111.781405,45256.5217145
20260806-133024_r1_s10000_fast_gtr_findopt500,1907,30.12,-702820.89794,44965.6382494
20260806-133024_r1_s10000_fast_gtr_findopt500,2007,31.5044,-702540.818009,44685.5583183
20260806-133024_r1_s10000_fast_gtr_findopt500,2053,32.1374,-702407.096746,44551.8370553
20260806-133024_r1_s10000_fast_gtr_findopt500,2212,34.3266,-702256.628939,44401.369249
20260806-133024_r1_s10000_fast_gtr_findopt500,2254,34.9082,-701867.528357,44012.2686665
20260806-133024_r1_s10000_fast_gtr_findopt500,2344,36.1548,-701799.106775,43943.847085
20260806-133024_r1_s10000_fast_gtr_findopt500,2418,37.1777,-701688.92642,43833.6667299
20260806-133024_r1_s10000_fast_gtr_findopt500,2420,37.2058,-701634.90965,43779.6499601
20260806-133024_r1_s10000_fast_gtr_findopt500,2582,39.446,-701246.462581,43391.2028906
20260806-133024_r1_s10000_fast_gtr_findopt500,2655,40.4543,-700736.080176,42880.8204858
20260806-133024_r1_s10000_fast_gtr_findopt500,2676,40.7448,-700730.148617,42874.8889264
20260806-133024_r1_s10000_fast_gtr_findopt500,2793,42.3645,-700696.847924,42841.5882337
20260806-133024_r1_s10000_fast_gtr_findopt500,2853,43.1951,-700663.937609,42808.6779184
20260806-133024_r1_s10000_fast_gtr_findopt500,3267,48.9376,-700660.550619,42805.2909288
20260806-133024_r1_s10000_fast_gtr_findopt500,3269,48.9658,-700647.716273,42792.4565822
20260806-133024_r1_s10000_fast_gtr_findopt500,3313,49.5749,-700622.319756,42767.0600658
20260806-133024_r1_s10000_fast_gtr_findopt500,3455,51.5562,-699505.296036,41650.036346
20260806-133024_r1_s10000_fast_gtr_findopt500,3501,52.1999,-699482.778769,41627.5190786
20260806-133024_r1_s10000_fast_gtr_findopt500,3846,57.0302,-699388.439179,41533.1794881
20260806-133024_r1_s10000_fast_gtr_findopt500,3940,58.3456,-699331.573446,41476.3137555
20260806-133024_r1_s10000_fast_gtr_findopt500,4833,70.8187,-699326.422619,41471.1629285
20260806-133024_r1_s10000_fast_gtr_findopt500,5518,80.3769,-699215.281075,41360.0213846
20260806-133024_r1_s10000_fast_gtr_findopt500,5526,80.489,-699207.892252,41352.6325616
20260806-133024_r1_s10000_fast_gtr_findopt500,5850,85.0075,-699205.49249,41350.2327993
20260806-133024_r1_s10000_fast_gtr_findopt500,7712,111.397,-699138.408421,41283.1487306
20260806-133024_r1_s10000_fast_gtr_findopt500,9168,132.014,-699099.185993,41243.9263022
20260806-133024_r1_s10000_fast_gtr_findopt500,9320,134.168,-699056.849266,41201.5895756
20260806-133024_r1_s10000_fast_gtr_findopt500,9379,135.002,-698641.45314,40786.1934496
20260806-133024_r1_s10000_fast_gtr_findopt500,9728,139.941,-698609.310492,40754.0508015
20260806-133024_r1_s10000_fast_gtr_findopt500,10000,143.752,-698609.310492,40754.0508015
20260806-133536_r1_s10000_fast_gtr_findopt500,0,3.36601,-722502.707262,64647.4475715
20260806-133536_r1_s10000_fast_gtr_findopt500,12,3.53544,-722461.288335,64606.0286449
20260806-133536_r1_s10000_fast_gtr_findopt500,14,3.56298,-722438.963165,64583.7034749
20260806-133536_r1_s10000_fast_gtr_findopt500,17,3.60562,-722298.745461,64443.4857707
20260806-133536_r1_s10000_fast_gtr_findopt500,21,3.66252,-722228.971172,64373.7114812
20260806-133536_r1_s10000_fast_gtr_findopt500,28,3.76078,-722096.584775,64241.3250842
20260806-133536_r1_s10000_fast_gtr_findopt500,36,3.87379,-721445.571893,63590.3122026
20260806-133536_r1_s10000_fast_gtr_findopt500,41,3.94463,-721228.492262,63373.2325716
20260806-133536_r1_s10000_fast_gtr_findopt500,58,4.18389,-721178.231055,63322.9713646
20260806-133536_r1_s10000_fast_gtr_findopt500,64,4.26801,-721106.15987,63250.9001799
20260806-133536_r1_s10000_fast_gtr_findopt500,67,4.30954,-720706.468013,62851.2083227
20260806-133536_r1_s10000_fast_gtr_findopt500,68,4.32349,-720528.026146,62672.7664556
20260806-133536_r1_s10000_fast_gtr_findopt500,98,4.73415,-720292.128428,62436.8687373
20260806-133536_r1_s10000_fast_gtr_findopt500,102,4.78994,-720221.899495,62366.6398043
20260806-133536_r1_s10000_fast_gtr_findopt500,111,4.91456,-720156.003784,62300.7440933
20260806-133536_r1_s10000_fast_gtr_findopt500,123,5.08103,-719409.658222,61554.3985317
20260806-133536_r1_s10000_fast_gtr_findopt500,149,5.44096,-719407.441377,61552.1816871
20260806-133536_r1_s10000_fast_gtr_findopt500,153,5.49665,-719121.240748,61265.9810575
20260806-133536_r1_s10000_fast_gtr_findopt500,154,5.51073,-718195.643914,60340.3842239
20260806-133536_r1_s10000_fast_gtr_findopt500,169,5.71764,-718138.83413,60283.5744399
20260806-133536_r1_s10000_fast_gtr_findopt500,192,6.03482,-718036.572296,60181.312606
20260806-133536_r1_s10000_fast_gtr_findopt500,237,6.65456,-717887.819563,60032.5598722
20260806-133536_r1_s10000_fast_gtr_findopt500,266,7.05423,-717329.93681,59474.6771197
20260806-133536_r1_s10000_fast_gtr_findopt500,272,7.1374,-717309.183621,59453.923931
20260806-133536_r1_s10000_fast_gtr_findopt500,288,7.35797,-717285.090997,59429.8313064
20260806-133536_r1_s10000_fast_gtr_findopt500,292,7.41315,-717107.100079,59251.8403883
20260806-133536_r1_s10000_fast_gtr_findopt500,305,7.59241,-716836.435388,58981.1756975
20260806-133536_r1_s10000_fast_gtr_findopt500,307,7.62031,-716744.613818,58889.3541276
20260806-133536_r1_s10000_fast_gtr_findopt500,349,8.1969,-716702.448854,58847.1891638
20260806-133536_r1_s10000_fast_gtr_findopt500,362,8.37617,-716464.174738,58608.9150474
20260806-133536_r1_s10000_fast_gtr_findopt500,377,8.5816,-716365.122157,58509.862467
20260806-133536_r1_s10000_fast_gtr_findopt500,390,8.76255,-716360.46561,58505.2059195
20260806-133536_r1_s10000_fast_gtr_findopt500,413,9.08185,-715628.313982,57773.0542912
20260806-133536_r1_s10000_fast_gtr_findopt500,417,9.13609,-715488.311673,57633.0519828
20260806-133536_r1_s10000_fast_gtr_findopt500,438,9.43206,-715305.3558,57450.0961096
20260806-133536_r1_s10000_fast_gtr_findopt500,441,9.47479,-715300.954792,57445.6951021
20260806-133536_r1_s10000_fast_gtr_findopt500,446,9.54597,-715127.292313,57272.0326228
20260806-133536_r1_s10000_fast_gtr_findopt500,447,9.56048,-714944.541743,57089.2820525
20260806-133536_r1_s10000_fast_gtr_findopt500,468,9.86059,-714839.795743,56984.5360525
20260806-133536_r1_s10000_fast_gtr_findopt500,478,10.0026,-714811.798362,56956.5386713
20260806-133536_r1_s10000_fast_gtr_findopt500,488,10.1445,-714003.724487,56148.4647971
20260806-133536_r1_s10000_fast_gtr_findopt500,489,10.1591,-713182.451542,55327.1918517
20260806-133536_r1_s10000_fast_gtr_findopt500,515,10.5285,-712938.53609,55083.2763993
20260806-133536_r1_s10000_fast_gtr_findopt500,533,10.7836,-712270.444194,54415.1845037
20260806-133536_r1_s10000_fast_gtr_findopt500,538,10.8547,-711570.642436,53715.3827452
20260806-133536_r1_s10000_fast_gtr_findopt500,542,10.9117,-711404.819547,53549.5598564
20260806-133536_r1_s10000_fast_gtr_findopt500,551,11.0391,-711118.222028,53262.9623373
20260806-133536_r1_s10000_fast_gtr_findopt500,552,11.0537,-711102.51895,53247.25926
20260806-133536_r1_s10000_fast_gtr_findopt500,553,11.0683,-710756.846239,52901.5865487
20260806-133536_r1_s10000_fast_gtr_findopt500,565,11.2378,-710329.015165,52473.7554751
20260806-133536_r1_s10000_fast_gtr_findopt500,567,11.2657,-710005.689733,52150.4300429
20260806-133536_r1_s10000_fast_gtr_findopt500,578,11.423,-709946.028615,52090.7689243
20260806-133536_r1_s10000_fast_gtr_findopt500,599,11.7208,-709603.28297,51748.0232801
20260806-133536_r1_s10000_fast_gtr_findopt500,607,11.8342,-709514.49681,51659.2371192
20260806-133536_r1_s10000_fast_gtr_findopt500,608,11.8489,-709239.529997,51384.2703069
20260806-133536_r1_s10000_fast_gtr_findopt500,631,12.1793,-709192.791901,51337.5322102
20260806-133536_r1_s10000_fast_gtr_findopt500,654,12.5091,-709085.228461,51229.9687704
20260806-133536_r1_s10000_fast_gtr_findopt500,673,12.7805,-708817.550594,50962.2909033
20260806-133536_r1_s10000_fast_gtr_findopt500,685,12.9524,-707321.437886,49466.1781959
20260806-133536_r1_s10000_fast_gtr_findopt500,696,13.1098,-707195.556974,49340.2972832
20260806-133536_r1_s10000_fast_gtr_findopt500,703,13.2104,-706755.963951,48900.7042606
20260806-133536_r1_s10000_fast_gtr_findopt500,713,13.3526,-706362.842632,48507.5829418
20260806-133536_r1_s10000_fast_gtr_findopt500,733,13.6376,-706341.292291,48486.0326003
20260806-133536_r1_s10000_fast_gtr_findopt500,753,13.923,-705895.331104,48040.0714137
20260806-133536_r1_s10000_fast_gtr_findopt500,758,13.9949,-705653.824585,47798.5648947
20260806-133536_r1_s10000_fast_gtr_findopt500,853,15.3493,-705570.570213,47715.310523
20260806-133536_r1_s10000_fast_gtr_findopt500,857,15.4067,-705515.39116,47660.13147
20260806-133536_r1_s10000_fast_gtr_findopt500,920,16.3056,-705402.160723,47546.9010322
20260806-133536_r1_s10000_fast_gtr_findopt500,972,17.0475,-705315.053044,47459.7933532
20260806-133536_r1_s10000_fast_gtr_findopt500,1071,18.4502,-705003.431343,47148.1716525
20260806-133536_r1_s10000_fast_gtr_findopt500,1110,19.0011,-704884.403048,47029.1433573
20260806-133536_r1_s10000_fast_gtr_findopt500,1157,19.6644,-704588.602821,46733.343131
20260806-133536_r1_s10000_fast_gtr_findopt500,1169,19.8322,-704563.900095,46708.640405
20260806-133536_r1_s10000_fast_gtr_findopt500,1214,20.4688,-704225.827783,46370.5680924
20260806-133536_r1_s10000_fast_gtr_findopt500,1283,21.4346,-704144.927701,46289.6680103
20260806-133536_r1_s10000_fast_gtr_findopt500,1297,21.6302,-703734.27643,45879.0167399
20260806-133536_r1_s10000_fast_gtr_findopt500,1361,22.5226,-703692.635724,45837.3760334
20260806-133536_r1_s10000_fast_gtr_findopt500,1549,25.1433,-703168.734764,45313.4750736
20260806-133536_r1_s10000_fast_gtr_findopt500,1565,25.3637,-703027.707257,45172.4475667
20260806-133536_r1_s10000_fast_gtr_findopt500,1654,26.5946,-702963.644952,45108.3852612
20260806-133536_r1_s10000_fast_gtr_findopt500,1738,27.7552,-702667.844942,44812.5852513
20260806-133536_r1_s10000_fast_gtr_findopt500,1772,28.2268,-702516.536329,44661.2766388
20260806-133536_r1_s10000_fast_gtr_findopt500,1849,29.2937,-702404.675323,44549.4156327
20260806-133536_r1_s10000_fast_gtr_findopt500,1852,29.3358,-702160.510848,44305.2511574
20260806-133536_r1_s10000_fast_gtr_findopt500,1873,29.627,-701587.979731,43732.7200407
20260806-133536_r1_s10000_fast_gtr_findopt500,1929,30.4132,-701549.275272,43694.0155818
20260806-133536_r1_s10000_fast_gtr_findopt500,2025,31.7508,-701496.517602,43641.257912
20260806-133536_r1_s10000_fast_gtr_findopt500,2043,32.0018,-701262.42461,43407.1649197
20260806-133536_r1_s10000_fast_gtr_findopt500,2103,32.8464,-701243.375479,43388.1157888
20260806-133536_r1_s10000_fast_gtr_findopt500,2105,32.874,-701232.912491,43377.6528004
20260806-133536_r1_s10000_fast_gtr_findopt500,2180,33.9232,-701006.723715,43151.4640242
20260806-133536_r1_s10000_fast_gtr_findopt500,2324,35.9207,-700765.483397,42910.2237065
20260806-133536_r1_s10000_fast_gtr_findopt500,2381,36.7099,-700599.596115,42744.3364245
20260806-133536_r1_s10000_fast_gtr_findopt500,2395,36.9044,-700359.131782,42503.872092
20260806-133536_r1_s10000_fast_gtr_findopt500,2587,39.5752,-700225.623676,42370.3639859
20260806-133536_r1_s10000_fast_gtr_findopt500,2600,39.7555,-700222.334891,42367.0752005
20260806-133536_r1_s10000_fast_gtr_findopt500,2879,43.6466,-699869.714114,42014.4544234
20260806-133536_r1_s10000_fast_gtr_findopt500,2892,43.8295,-699854.433426,41999.173736
20260806-133536_r1_s10000_fast_gtr_findopt500,2940,44.5034,-699776.987018,41921.7273272
20260806-133536_r1_s10000_fast_gtr_findopt500,3169,47.7228,-699397.146235,41541.8865447
20260806-133536_r1_s10000_fast_gtr_findopt500,3243,48.7612,-699259.263406,41404.0037161
20260806-133536_r1_s10000_fast_gtr_findopt500,4034,59.8436,-699207.867745,41352.6080549
20260806-133536_r1_s10000_fast_gtr_findopt500,5322,77.892,-699028.501685,41173.2419945
20260806-133536_r1_s10000_fast_gtr_findopt500,5337,78.1017,-698940.820986,41085.561296
20260806-133536_r1_s10000_fast_gtr_findopt500,6530,94.8461,-698902.619332,41047.3596419
20260806-133536_r1_s10000_fast_gtr_findopt500,7481,108.16,-698783.579306,40928.3196155
20260806-133536_r1_s10000_fast_gtr_findopt500,8243,118.941,-698732.311815,40877.0521248
20260806-133536_r1_s10000_fast_gtr_findopt500,10000,143.827,-698732.311815,40877.0521248
