unit_id,logical_edge_id,endpoint_a,endpoint_b,edge_flow
LEAF_0000,taxon_edge,upper,taxon:leaf_1,1
LEAF_0001,taxon_edge,upper,taxon:leaf_2,1
LEAF_0002,taxon_edge,upper,taxon:leaf_3,1
LEAF_0003,taxon_edge,upper,taxon:leaf_4,1
LEAF_0004,taxon_edge,upper,taxon:leaf_5,1
LEAF_0005,taxon_edge,upper,taxon:leaf_6,1
LEAF_0006,taxon_edge,upper,taxon:leaf_7,1
LEAF_0007,taxon_edge,upper,taxon:leaf_8,1
LEAF_0008,taxon_edge,upper,taxon:leaf_9,1
LEAF_0009,taxon_edge,upper,taxon:leaf_10,1
LEAF_0010,taxon_edge,upper,taxon:leaf_11,1
LEAF_0011,taxon_edge,upper,taxon:leaf_12,1
LEAF_0012,taxon_edge,upper,taxon:leaf_13,1
LEAF_0013,taxon_edge,upper,taxon:leaf_14,1
LEAF_0014,taxon_edge,upper,taxon:leaf_15,1
LEAF_0015,taxon_edge,upper,taxon:leaf_16,1
LEAF_0016,taxon_edge,upper,taxon:leaf_17,1
LEAF_0017,taxon_edge,upper,taxon:leaf_18,1
LEAF_0018,taxon_edge,upper,taxon:leaf_19,1
LEAF_0019,taxon_edge,upper,taxon:leaf_20,1
LEAF_0020,taxon_edge,upper,taxon:leaf_21,1
LEAF_0021,taxon_edge,upper,taxon:leaf_22,1
LEAF_0022,taxon_edge,upper,taxon:leaf_23,1
LEAF_0023,taxon_edge,upper,taxon:leaf_24,1
LEAF_0024,taxon_edge,upper,taxon:leaf_25,1
LEAF_0025,taxon_edge,upper,taxon:leaf_26,1
LEAF_0026,taxon_edge,upper,taxon:leaf_27,1
LEAF_0027,taxon_edge,upper,taxon:leaf_28,1
LEAF_0028,taxon_edge,upper,taxon:leaf_29,1
LEAF_0029,taxon_edge,upper,taxon:leaf_30,1
S_m0002_a0001_j0000,upper_arm,upper,branch,2
S_m0002_a0001_j0000,left_arm,branch,left,1
S_m0002_a0001_j0000,right_arm,branch,right,1
S_m0002_a0001_j0001,upper_arm,upper,branch,2
S_m0002_a0001_j0001,left_arm,branch,left,1
S_m0002_a0001_j0001,right_arm,branch,right,1
S_m0002_a0001_j0002,upper_arm,upper,branch,2
S_m0002_a0001_j0002,left_arm,branch,left,1
S_m0002_a0001_j0002,right_arm,branch,right,1
S_m0002_a0001_j0003,upper_arm,upper,branch,2
S_m0002_a0001_j0003,left_arm,branch,left,1
S_m0002_a0001_j0003,right_arm,branch,right,1
S_m0002_a0001_j0004,upper_arm,upper,branch,2
S_m0002_a0001_j0004,left_arm,branch,left,1
S_m0002_a0001_j0004,right_arm,branch,right,1
S_m0002_a0001_j0005,upper_arm,upper,branch,2
S_m0002_a0001_j0005,left_arm,branch,left,1
S_m0002_a0001_j0005,right_arm,branch,right,1
S_m0002_a0001_j0006,upper_arm,upper,branch,2
S_m0002_a0001_j0006,left_arm,branch,left,1
S_m0002_a0001_j0006,right_arm,branch,right,1
S_m0002_a0001_j0007,upper_arm,upper,branch,2
S_m0002_a0001_j0007,left_arm,branch,left,1
S_m0002_a0001_j0007,right_arm,branch,right,1
S_m0002_a0001_j0008,upper_arm,upper,branch,2
S_m0002_a0001_j0008,left_arm,branch,left,1
S_m0002_a0001_j0008,right_arm,branch,right,1
S_m0002_a0001_j0009,upper_arm,upper,branch,2
S_m0002_a0001_j0009,left_arm,branch,left,1
S_m0002_a0001_j0009,right_arm,branch,right,1
S_m0002_a0001_j0010,upper_arm,upper,branch,2
S_m0002_a0001_j0010,left_arm,branch,left,1
S_m0002_a0001_j0010,right_arm,branch,right,1
S_m0002_a0001_j0011,upper_arm,upper,branch,2
S_m0002_a0001_j0011,left_arm,branch,left,1
S_m0002_a0001_j0011,right_arm,branch,right,1
S_m0002_a0001_j0012,upper_arm,upper,branch,2
S_m0002_a0001_j0012,left_arm,branch,left,1
S_m0002_a0001_j0012,right_arm,branch,right,1
S_m0002_a0001_j0013,upper_arm,upper,branch,2
S_m0002_a0001_j0013,left_arm,branch,left,1
S_m0002_a0001_j0013,right_arm,branch,right,1
S_m0002_a0001_j0014,upper_arm,upper,branch,2
S_m0002_a0001_j0014,left_arm,branch,left,1
S_m0002_a0001_j0014,right_arm,branch,right,1
S_m0003_a0001_j0000,upper_arm,upper,branch,3
S_m0003_a0001_j0000,left_arm,branch,left,1
S_m0003_a0001_j0000,right_arm,branch,right,2
S_m0003_a0001_j0001,upper_arm,upper,branch,3
S_m0003_a0001_j0001,left_arm,branch,left,1
S_m0003_a0001_j0001,right_arm,branch,right,2
S_m0003_a0001_j0002,upper_arm,upper,branch,3
S_m0003_a0001_j0002,left_arm,branch,left,1
S_m0003_a0001_j0002,right_arm,branch,right,2
S_m0003_a0001_j0003,upper_arm,upper,branch,3
S_m0003_a0001_j0003,left_arm,branch,left,1
S_m0003_a0001_j0003,right_arm,branch,right,2
S_m0003_a0001_j0004,upper_arm,upper,branch,3
S_m0003_a0001_j0004,left_arm,branch,left,1
S_m0003_a0001_j0004,right_arm,branch,right,2
S_m0003_a0001_j0005,upper_arm,upper,branch,3
S_m0003_a0001_j0005,left_arm,branch,left,1
S_m0003_a0001_j0005,right_arm,branch,right,2
S_m0003_a0001_j0006,upper_arm,upper,branch,3
S_m0003_a0001_j0006,left_arm,branch,left,1
S_m0003_a0001_j0006,right_arm,branch,right,2
S_m0003_a0001_j0007,upper_arm,upper,branch,3
S_m0003_a0001_j0007,left_arm,branch,left,1
S_m0003_a0001_j0007,right_arm,branch,right,2
S_m0003_a0001_j0008,upper_arm,upper,branch,3
S_m0003_a0001_j0008,left_arm,branch,left,1
S_m0003_a0001_j0008,right_arm,branch,right,2
S_m0003_a0001_j0009,upper_arm,upper,branch,3
S_m0003_a0001_j0009,left_arm,branch,left,1
S_m0003_a0001_j0009,right_arm,branch,right,2
S_m0004_a0001_j0000,upper_arm,upper,branch,4
S_m0004_a0001_j0000,left_arm,branch,left,1
S_m0004_a0001_j0000,right_arm,branch,right,3
S_m0004_a0001_j0001,upper_arm,upper,branch,4
S_m0004_a0001_j0001,left_arm,branch,left,1
S_m0004_a0001_j0001,right_arm,branch,right,3
S_m0004_a0001_j0002,upper_arm,upper,branch,4
S_m0004_a0001_j0002,left_arm,branch,left,1
S_m0004_a0001_j0002,right_arm,branch,right,3
S_m0004_a0001_j0003,upper_arm,upper,branch,4
S_m0004_a0001_j0003,left_arm,branch,left,1
S_m0004_a0001_j0003,right_arm,branch,right,3
S_m0004_a0001_j0004,upper_arm,upper,branch,4
S_m0004_a0001_j0004,left_arm,branch,left,1
S_m0004_a0001_j0004,right_arm,branch,right,3
S_m0004_a0001_j0005,upper_arm,upper,branch,4
S_m0004_a0001_j0005,left_arm,branch,left,1
S_m0004_a0001_j0005,right_arm,branch,right,3
S_m0004_a0001_j0006,upper_arm,upper,branch,4
S_m0004_a0001_j0006,left_arm,branch,left,1
S_m0004_a0001_j0006,right_arm,branch,right,3
S_m0004_a0002_j0000,upper_arm,upper,branch,4
S_m0004_a0002_j0000,left_arm,branch,left,2
S_m0004_a0002_j0000,right_arm,branch,right,2
S_m0004_a0002_j0001,upper_arm,upper,branch,4
S_m0004_a0002_j0001,left_arm,branch,left,2
S_m0004_a0002_j0001,right_arm,branch,right,2
S_m0004_a0002_j0002,upper_arm,upper,branch,4
S_m0004_a0002_j0002,left_arm,branch,left,2
S_m0004_a0002_j0002,right_arm,branch,right,2
S_m0004_a0002_j0003,upper_arm,upper,branch,4
S_m0004_a0002_j0003,left_arm,branch,left,2
S_m0004_a0002_j0003,right_arm,branch,right,2
S_m0004_a0002_j0004,upper_arm,upper,branch,4
S_m0004_a0002_j0004,left_arm,branch,left,2
S_m0004_a0002_j0004,right_arm,branch,right,2
S_m0004_a0002_j0005,upper_arm,upper,branch,4
S_m0004_a0002_j0005,left_arm,branch,left,2
S_m0004_a0002_j0005,right_arm,branch,right,2
S_m0004_a0002_j0006,upper_arm,upper,branch,4
S_m0004_a0002_j0006,left_arm,branch,left,2
S_m0004_a0002_j0006,right_arm,branch,right,2
S_m0005_a0001_j0000,upper_arm,upper,branch,5
S_m0005_a0001_j0000,left_arm,branch,left,1
S_m0005_a0001_j0000,right_arm,branch,right,4
S_m0005_a0001_j0001,upper_arm,upper,branch,5
S_m0005_a0001_j0001,left_arm,branch,left,1
S_m0005_a0001_j0001,right_arm,branch,right,4
S_m0005_a0001_j0002,upper_arm,upper,branch,5
S_m0005_a0001_j0002,left_arm,branch,left,1
S_m0005_a0001_j0002,right_arm,branch,right,4
S_m0005_a0001_j0003,upper_arm,upper,branch,5
S_m0005_a0001_j0003,left_arm,branch,left,1
S_m0005_a0001_j0003,right_arm,branch,right,4
S_m0005_a0001_j0004,upper_arm,upper,branch,5
S_m0005_a0001_j0004,left_arm,branch,left,1
S_m0005_a0001_j0004,right_arm,branch,right,4
S_m0005_a0001_j0005,upper_arm,upper,branch,5
S_m0005_a0001_j0005,left_arm,branch,left,1
S_m0005_a0001_j0005,right_arm,branch,right,4
S_m0005_a0002_j0000,upper_arm,upper,branch,5
S_m0005_a0002_j0000,left_arm,branch,left,2
S_m0005_a0002_j0000,right_arm,branch,right,3
S_m0005_a0002_j0001,upper_arm,upper,branch,5
S_m0005_a0002_j0001,left_arm,branch,left,2
S_m0005_a0002_j0001,right_arm,branch,right,3
S_m0005_a0002_j0002,upper_arm,upper,branch,5
S_m0005_a0002_j0002,left_arm,branch,left,2
S_m0005_a0002_j0002,right_arm,branch,right,3
S_m0005_a0002_j0003,upper_arm,upper,branch,5
S_m0005_a0002_j0003,left_arm,branch,left,2
S_m0005_a0002_j0003,right_arm,branch,right,3
S_m0005_a0002_j0004,upper_arm,upper,branch,5
S_m0005_a0002_j0004,left_arm,branch,left,2
S_m0005_a0002_j0004,right_arm,branch,right,3
S_m0005_a0002_j0005,upper_arm,upper,branch,5
S_m0005_a0002_j0005,left_arm,branch,left,2
S_m0005_a0002_j0005,right_arm,branch,right,3
S_m0006_a0001_j0000,upper_arm,upper,branch,6
S_m0006_a0001_j0000,left_arm,branch,left,1
S_m0006_a0001_j0000,right_arm,branch,right,5
S_m0006_a0001_j0001,upper_arm,upper,branch,6
S_m0006_a0001_j0001,left_arm,branch,left,1
S_m0006_a0001_j0001,right_arm,branch,right,5
S_m0006_a0001_j0002,upper_arm,upper,branch,6
S_m0006_a0001_j0002,left_arm,branch,left,1
S_m0006_a0001_j0002,right_arm,branch,right,5
S_m0006_a0001_j0003,upper_arm,upper,branch,6
S_m0006_a0001_j0003,left_arm,branch,left,1
S_m0006_a0001_j0003,right_arm,branch,right,5
S_m0006_a0001_j0004,upper_arm,upper,branch,6
S_m0006_a0001_j0004,left_arm,branch,left,1
S_m0006_a0001_j0004,right_arm,branch,right,5
S_m0006_a0002_j0000,upper_arm,upper,branch,6
S_m0006_a0002_j0000,left_arm,branch,left,2
S_m0006_a0002_j0000,right_arm,branch,right,4
S_m0006_a0002_j0001,upper_arm,upper,branch,6
S_m0006_a0002_j0001,left_arm,branch,left,2
S_m0006_a0002_j0001,right_arm,branch,right,4
S_m0006_a0002_j0002,upper_arm,upper,branch,6
S_m0006_a0002_j0002,left_arm,branch,left,2
S_m0006_a0002_j0002,right_arm,branch,right,4
S_m0006_a0002_j0003,upper_arm,upper,branch,6
S_m0006_a0002_j0003,left_arm,branch,left,2
S_m0006_a0002_j0003,right_arm,branch,right,4
S_m0006_a0002_j0004,upper_arm,upper,branch,6
S_m0006_a0002_j0004,left_arm,branch,left,2
S_m0006_a0002_j0004,right_arm,branch,right,4
S_m0006_a0003_j0000,upper_arm,upper,branch,6
S_m0006_a0003_j0000,left_arm,branch,left,3
S_m0006_a0003_j0000,right_arm,branch,right,3
S_m0006_a0003_j0001,upper_arm,upper,branch,6
S_m0006_a0003_j0001,left_arm,branch,left,3
S_m0006_a0003_j0001,right_arm,branch,right,3
S_m0006_a0003_j0002,upper_arm,upper,branch,6
S_m0006_a0003_j0002,left_arm,branch,left,3
S_m0006_a0003_j0002,right_arm,branch,right,3
S_m0006_a0003_j0003,upper_arm,upper,branch,6
S_m0006_a0003_j0003,left_arm,branch,left,3
S_m0006_a0003_j0003,right_arm,branch,right,3
S_m0006_a0003_j0004,upper_arm,upper,branch,6
S_m0006_a0003_j0004,left_arm,branch,left,3
S_m0006_a0003_j0004,right_arm,branch,right,3
S_m0007_a0001_j0000,upper_arm,upper,branch,7
S_m0007_a0001_j0000,left_arm,branch,left,1
S_m0007_a0001_j0000,right_arm,branch,right,6
S_m0007_a0001_j0001,upper_arm,upper,branch,7
S_m0007_a0001_j0001,left_arm,branch,left,1
S_m0007_a0001_j0001,right_arm,branch,right,6
S_m0007_a0001_j0002,upper_arm,upper,branch,7
S_m0007_a0001_j0002,left_arm,branch,left,1
S_m0007_a0001_j0002,right_arm,branch,right,6
S_m0007_a0001_j0003,upper_arm,upper,branch,7
S_m0007_a0001_j0003,left_arm,branch,left,1
S_m0007_a0001_j0003,right_arm,branch,right,6
S_m0007_a0002_j0000,upper_arm,upper,branch,7
S_m0007_a0002_j0000,left_arm,branch,left,2
S_m0007_a0002_j0000,right_arm,branch,right,5
S_m0007_a0002_j0001,upper_arm,upper,branch,7
S_m0007_a0002_j0001,left_arm,branch,left,2
S_m0007_a0002_j0001,right_arm,branch,right,5
S_m0007_a0002_j0002,upper_arm,upper,branch,7
S_m0007_a0002_j0002,left_arm,branch,left,2
S_m0007_a0002_j0002,right_arm,branch,right,5
S_m0007_a0002_j0003,upper_arm,upper,branch,7
S_m0007_a0002_j0003,left_arm,branch,left,2
S_m0007_a0002_j0003,right_arm,branch,right,5
S_m0007_a0003_j0000,upper_arm,upper,branch,7
S_m0007_a0003_j0000,left_arm,branch,left,3
S_m0007_a0003_j0000,right_arm,branch,right,4
S_m0007_a0003_j0001,upper_arm,upper,branch,7
S_m0007_a0003_j0001,left_arm,branch,left,3
S_m0007_a0003_j0001,right_arm,branch,right,4
S_m0007_a0003_j0002,upper_arm,upper,branch,7
S_m0007_a0003_j0002,left_arm,branch,left,3
S_m0007_a0003_j0002,right_arm,branch,right,4
S_m0007_a0003_j0003,upper_arm,upper,branch,7
S_m0007_a0003_j0003,left_arm,branch,left,3
S_m0007_a0003_j0003,right_arm,branch,right,4
S_m0008_a0001_j0000,upper_arm,upper,branch,8
S_m0008_a0001_j0000,left_arm,branch,left,1
S_m0008_a0001_j0000,right_arm,branch,right,7
S_m0008_a0001_j0001,upper_arm,upper,branch,8
S_m0008_a0001_j0001,left_arm,branch,left,1
S_m0008_a0001_j0001,right_arm,branch,right,7
S_m0008_a0001_j0002,upper_arm,upper,branch,8
S_m0008_a0001_j0002,left_arm,branch,left,1
S_m0008_a0001_j0002,right_arm,branch,right,7
S_m0008_a0002_j0000,upper_arm,upper,branch,8
S_m0008_a0002_j0000,left_arm,branch,left,2
S_m0008_a0002_j0000,right_arm,branch,right,6
S_m0008_a0002_j0001,upper_arm,upper,branch,8
S_m0008_a0002_j0001,left_arm,branch,left,2
S_m0008_a0002_j0001,right_arm,branch,right,6
S_m0008_a0002_j0002,upper_arm,upper,branch,8
S_m0008_a0002_j0002,left_arm,branch,left,2
S_m0008_a0002_j0002,right_arm,branch,right,6
S_m0008_a0003_j0000,upper_arm,upper,branch,8
S_m0008_a0003_j0000,left_arm,branch,left,3
S_m0008_a0003_j0000,right_arm,branch,right,5
S_m0008_a0003_j0001,upper_arm,upper,branch,8
S_m0008_a0003_j0001,left_arm,branch,left,3
S_m0008_a0003_j0001,right_arm,branch,right,5
S_m0008_a0003_j0002,upper_arm,upper,branch,8
S_m0008_a0003_j0002,left_arm,branch,left,3
S_m0008_a0003_j0002,right_arm,branch,right,5
S_m0008_a0004_j0000,upper_arm,upper,branch,8
S_m0008_a0004_j0000,left_arm,branch,left,4
S_m0008_a0004_j0000,right_arm,branch,right,4
S_m0008_a0004_j0001,upper_arm,upper,branch,8
S_m0008_a0004_j0001,left_arm,branch,left,4
S_m0008_a0004_j0001,right_arm,branch,right,4
S_m0008_a0004_j0002,upper_arm,upper,branch,8
S_m0008_a0004_j0002,left_arm,branch,left,4
S_m0008_a0004_j0002,right_arm,branch,right,4
S_m0009_a0001_j0000,upper_arm,upper,branch,9
S_m0009_a0001_j0000,left_arm,branch,left,1
S_m0009_a0001_j0000,right_arm,branch,right,8
S_m0009_a0001_j0001,upper_arm,upper,branch,9
S_m0009_a0001_j0001,left_arm,branch,left,1
S_m0009_a0001_j0001,right_arm,branch,right,8
S_m0009_a0001_j0002,upper_arm,upper,branch,9
S_m0009_a0001_j0002,left_arm,branch,left,1
S_m0009_a0001_j0002,right_arm,branch,right,8
S_m0009_a0002_j0000,upper_arm,upper,branch,9
S_m0009_a0002_j0000,left_arm,branch,left,2
S_m0009_a0002_j0000,right_arm,branch,right,7
S_m0009_a0002_j0001,upper_arm,upper,branch,9
S_m0009_a0002_j0001,left_arm,branch,left,2
S_m0009_a0002_j0001,right_arm,branch,right,7
S_m0009_a0002_j0002,upper_arm,upper,branch,9
S_m0009_a0002_j0002,left_arm,branch,left,2
S_m0009_a0002_j0002,right_arm,branch,right,7
S_m0009_a0003_j0000,upper_arm,upper,branch,9
S_m0009_a0003_j0000,left_arm,branch,left,3
S_m0009_a0003_j0000,right_arm,branch,right,6
S_m0009_a0003_j0001,upper_arm,upper,branch,9
S_m0009_a0003_j0001,left_arm,branch,left,3
S_m0009_a0003_j0001,right_arm,branch,right,6
S_m0009_a0003_j0002,upper_arm,upper,branch,9
S_m0009_a0003_j0002,left_arm,branch,left,3
S_m0009_a0003_j0002,right_arm,branch,right,6
S_m0009_a0004_j0000,upper_arm,upper,branch,9
S_m0009_a0004_j0000,left_arm,branch,left,4
S_m0009_a0004_j0000,right_arm,branch,right,5
S_m0009_a0004_j0001,upper_arm,upper,branch,9
S_m0009_a0004_j0001,left_arm,branch,left,4
S_m0009_a0004_j0001,right_arm,branch,right,5
S_m0009_a0004_j0002,upper_arm,upper,branch,9
S_m0009_a0004_j0002,left_arm,branch,left,4
S_m0009_a0004_j0002,right_arm,branch,right,5
S_m0010_a0001_j0000,upper_arm,upper,branch,10
S_m0010_a0001_j0000,left_arm,branch,left,1
S_m0010_a0001_j0000,right_arm,branch,right,9
S_m0010_a0001_j0001,upper_arm,upper,branch,10
S_m0010_a0001_j0001,left_arm,branch,left,1
S_m0010_a0001_j0001,right_arm,branch,right,9
S_m0010_a0001_j0002,upper_arm,upper,branch,10
S_m0010_a0001_j0002,left_arm,branch,left,1
S_m0010_a0001_j0002,right_arm,branch,right,9
S_m0010_a0002_j0000,upper_arm,upper,branch,10
S_m0010_a0002_j0000,left_arm,branch,left,2
S_m0010_a0002_j0000,right_arm,branch,right,8
S_m0010_a0002_j0001,upper_arm,upper,branch,10
S_m0010_a0002_j0001,left_arm,branch,left,2
S_m0010_a0002_j0001,right_arm,branch,right,8
S_m0010_a0002_j0002,upper_arm,upper,branch,10
S_m0010_a0002_j0002,left_arm,branch,left,2
S_m0010_a0002_j0002,right_arm,branch,right,8
S_m0010_a0003_j0000,upper_arm,upper,branch,10
S_m0010_a0003_j0000,left_arm,branch,left,3
S_m0010_a0003_j0000,right_arm,branch,right,7
S_m0010_a0003_j0001,upper_arm,upper,branch,10
S_m0010_a0003_j0001,left_arm,branch,left,3
S_m0010_a0003_j0001,right_arm,branch,right,7
S_m0010_a0003_j0002,upper_arm,upper,branch,10
S_m0010_a0003_j0002,left_arm,branch,left,3
S_m0010_a0003_j0002,right_arm,branch,right,7
S_m0010_a0004_j0000,upper_arm,upper,branch,10
S_m0010_a0004_j0000,left_arm,branch,left,4
S_m0010_a0004_j0000,right_arm,branch,right,6
S_m0010_a0004_j0001,upper_arm,upper,branch,10
S_m0010_a0004_j0001,left_arm,branch,left,4
S_m0010_a0004_j0001,right_arm,branch,right,6
S_m0010_a0004_j0002,upper_arm,upper,branch,10
S_m0010_a0004_j0002,left_arm,branch,left,4
S_m0010_a0004_j0002,right_arm,branch,right,6
S_m0010_a0005_j0000,upper_arm,upper,branch,10
S_m0010_a0005_j0000,left_arm,branch,left,5
S_m0010_a0005_j0000,right_arm,branch,right,5
S_m0010_a0005_j0001,upper_arm,upper,branch,10
S_m0010_a0005_j0001,left_arm,branch,left,5
S_m0010_a0005_j0001,right_arm,branch,right,5
S_m0010_a0005_j0002,upper_arm,upper,branch,10
S_m0010_a0005_j0002,left_arm,branch,left,5
S_m0010_a0005_j0002,right_arm,branch,right,5
S_m0011_a0001_j0000,upper_arm,upper,branch,11
S_m0011_a0001_j0000,left_arm,branch,left,1
S_m0011_a0001_j0000,right_arm,branch,right,10
S_m0011_a0001_j0001,upper_arm,upper,branch,11
S_m0011_a0001_j0001,left_arm,branch,left,1
S_m0011_a0001_j0001,right_arm,branch,right,10
S_m0011_a0002_j0000,upper_arm,upper,branch,11
S_m0011_a0002_j0000,left_arm,branch,left,2
S_m0011_a0002_j0000,right_arm,branch,right,9
S_m0011_a0002_j0001,upper_arm,upper,branch,11
S_m0011_a0002_j0001,left_arm,branch,left,2
S_m0011_a0002_j0001,right_arm,branch,right,9
S_m0011_a0003_j0000,upper_arm,upper,branch,11
S_m0011_a0003_j0000,left_arm,branch,left,3
S_m0011_a0003_j0000,right_arm,branch,right,8
S_m0011_a0003_j0001,upper_arm,upper,branch,11
S_m0011_a0003_j0001,left_arm,branch,left,3
S_m0011_a0003_j0001,right_arm,branch,right,8
S_m0011_a0004_j0000,upper_arm,upper,branch,11
S_m0011_a0004_j0000,left_arm,branch,left,4
S_m0011_a0004_j0000,right_arm,branch,right,7
S_m0011_a0004_j0001,upper_arm,upper,branch,11
S_m0011_a0004_j0001,left_arm,branch,left,4
S_m0011_a0004_j0001,right_arm,branch,right,7
S_m0011_a0005_j0000,upper_arm,upper,branch,11
S_m0011_a0005_j0000,left_arm,branch,left,5
S_m0011_a0005_j0000,right_arm,branch,right,6
S_m0011_a0005_j0001,upper_arm,upper,branch,11
S_m0011_a0005_j0001,left_arm,branch,left,5
S_m0011_a0005_j0001,right_arm,branch,right,6
S_m0012_a0001_j0000,upper_arm,upper,branch,12
S_m0012_a0001_j0000,left_arm,branch,left,1
S_m0012_a0001_j0000,right_arm,branch,right,11
S_m0012_a0001_j0001,upper_arm,upper,branch,12
S_m0012_a0001_j0001,left_arm,branch,left,1
S_m0012_a0001_j0001,right_arm,branch,right,11
S_m0012_a0002_j0000,upper_arm,upper,branch,12
S_m0012_a0002_j0000,left_arm,branch,left,2
S_m0012_a0002_j0000,right_arm,branch,right,10
S_m0012_a0002_j0001,upper_arm,upper,branch,12
S_m0012_a0002_j0001,left_arm,branch,left,2
S_m0012_a0002_j0001,right_arm,branch,right,10
S_m0012_a0003_j0000,upper_arm,upper,branch,12
S_m0012_a0003_j0000,left_arm,branch,left,3
S_m0012_a0003_j0000,right_arm,branch,right,9
S_m0012_a0003_j0001,upper_arm,upper,branch,12
S_m0012_a0003_j0001,left_arm,branch,left,3
S_m0012_a0003_j0001,right_arm,branch,right,9
S_m0012_a0004_j0000,upper_arm,upper,branch,12
S_m0012_a0004_j0000,left_arm,branch,left,4
S_m0012_a0004_j0000,right_arm,branch,right,8
S_m0012_a0004_j0001,upper_arm,upper,branch,12
S_m0012_a0004_j0001,left_arm,branch,left,4
S_m0012_a0004_j0001,right_arm,branch,right,8
S_m0012_a0005_j0000,upper_arm,upper,branch,12
S_m0012_a0005_j0000,left_arm,branch,left,5
S_m0012_a0005_j0000,right_arm,branch,right,7
S_m0012_a0005_j0001,upper_arm,upper,branch,12
S_m0012_a0005_j0001,left_arm,branch,left,5
S_m0012_a0005_j0001,right_arm,branch,right,7
S_m0012_a0006_j0000,upper_arm,upper,branch,12
S_m0012_a0006_j0000,left_arm,branch,left,6
S_m0012_a0006_j0000,right_arm,branch,right,6
S_m0012_a0006_j0001,upper_arm,upper,branch,12
S_m0012_a0006_j0001,left_arm,branch,left,6
S_m0012_a0006_j0001,right_arm,branch,right,6
S_m0013_a0001_j0000,upper_arm,upper,branch,13
S_m0013_a0001_j0000,left_arm,branch,left,1
S_m0013_a0001_j0000,right_arm,branch,right,12
S_m0013_a0001_j0001,upper_arm,upper,branch,13
S_m0013_a0001_j0001,left_arm,branch,left,1
S_m0013_a0001_j0001,right_arm,branch,right,12
S_m0013_a0002_j0000,upper_arm,upper,branch,13
S_m0013_a0002_j0000,left_arm,branch,left,2
S_m0013_a0002_j0000,right_arm,branch,right,11
S_m0013_a0002_j0001,upper_arm,upper,branch,13
S_m0013_a0002_j0001,left_arm,branch,left,2
S_m0013_a0002_j0001,right_arm,branch,right,11
S_m0013_a0003_j0000,upper_arm,upper,branch,13
S_m0013_a0003_j0000,left_arm,branch,left,3
S_m0013_a0003_j0000,right_arm,branch,right,10
S_m0013_a0003_j0001,upper_arm,upper,branch,13
S_m0013_a0003_j0001,left_arm,branch,left,3
S_m0013_a0003_j0001,right_arm,branch,right,10
S_m0013_a0004_j0000,upper_arm,upper,branch,13
S_m0013_a0004_j0000,left_arm,branch,left,4
S_m0013_a0004_j0000,right_arm,branch,right,9
S_m0013_a0004_j0001,upper_arm,upper,branch,13
S_m0013_a0004_j0001,left_arm,branch,left,4
S_m0013_a0004_j0001,right_arm,branch,right,9
S_m0013_a0005_j0000,upper_arm,upper,branch,13
S_m0013_a0005_j0000,left_arm,branch,left,5
S_m0013_a0005_j0000,right_arm,branch,right,8
S_m0013_a0005_j0001,upper_arm,upper,branch,13
S_m0013_a0005_j0001,left_arm,branch,left,5
S_m0013_a0005_j0001,right_arm,branch,right,8
S_m0013_a0006_j0000,upper_arm,upper,branch,13
S_m0013_a0006_j0000,left_arm,branch,left,6
S_m0013_a0006_j0000,right_arm,branch,right,7
S_m0013_a0006_j0001,upper_arm,upper,branch,13
S_m0013_a0006_j0001,left_arm,branch,left,6
S_m0013_a0006_j0001,right_arm,branch,right,7
S_m0014_a0001_j0000,upper_arm,upper,branch,14
S_m0014_a0001_j0000,left_arm,branch,left,1
S_m0014_a0001_j0000,right_arm,branch,right,13
S_m0014_a0001_j0001,upper_arm,upper,branch,14
S_m0014_a0001_j0001,left_arm,branch,left,1
S_m0014_a0001_j0001,right_arm,branch,right,13
S_m0014_a0002_j0000,upper_arm,upper,branch,14
S_m0014_a0002_j0000,left_arm,branch,left,2
S_m0014_a0002_j0000,right_arm,branch,right,12
S_m0014_a0002_j0001,upper_arm,upper,branch,14
S_m0014_a0002_j0001,left_arm,branch,left,2
S_m0014_a0002_j0001,right_arm,branch,right,12
S_m0014_a0003_j0000,upper_arm,upper,branch,14
S_m0014_a0003_j0000,left_arm,branch,left,3
S_m0014_a0003_j0000,right_arm,branch,right,11
S_m0014_a0003_j0001,upper_arm,upper,branch,14
S_m0014_a0003_j0001,left_arm,branch,left,3
S_m0014_a0003_j0001,right_arm,branch,right,11
S_m0014_a0004_j0000,upper_arm,upper,branch,14
S_m0014_a0004_j0000,left_arm,branch,left,4
S_m0014_a0004_j0000,right_arm,branch,right,10
S_m0014_a0004_j0001,upper_arm,upper,branch,14
S_m0014_a0004_j0001,left_arm,branch,left,4
S_m0014_a0004_j0001,right_arm,branch,right,10
S_m0014_a0005_j0000,upper_arm,upper,branch,14
S_m0014_a0005_j0000,left_arm,branch,left,5
S_m0014_a0005_j0000,right_arm,branch,right,9
S_m0014_a0005_j0001,upper_arm,upper,branch,14
S_m0014_a0005_j0001,left_arm,branch,left,5
S_m0014_a0005_j0001,right_arm,branch,right,9
S_m0014_a0006_j0000,upper_arm,upper,branch,14
S_m0014_a0006_j0000,left_arm,branch,left,6
S_m0014_a0006_j0000,right_arm,branch,right,8
S_m0014_a0006_j0001,upper_arm,upper,branch,14
S_m0014_a0006_j0001,left_arm,branch,left,6
S_m0014_a0006_j0001,right_arm,branch,right,8
S_m0014_a0007_j0000,upper_arm,upper,branch,14
S_m0014_a0007_j0000,left_arm,branch,left,7
S_m0014_a0007_j0000,right_arm,branch,right,7
S_m0014_a0007_j0001,upper_arm,upper,branch,14
S_m0014_a0007_j0001,left_arm,branch,left,7
S_m0014_a0007_j0001,right_arm,branch,right,7
S_m0015_a0001_j0000,upper_arm,upper,branch,15
S_m0015_a0001_j0000,left_arm,branch,left,1
S_m0015_a0001_j0000,right_arm,branch,right,14
S_m0015_a0001_j0001,upper_arm,upper,branch,15
S_m0015_a0001_j0001,left_arm,branch,left,1
S_m0015_a0001_j0001,right_arm,branch,right,14
S_m0015_a0002_j0000,upper_arm,upper,branch,15
S_m0015_a0002_j0000,left_arm,branch,left,2
S_m0015_a0002_j0000,right_arm,branch,right,13
S_m0015_a0002_j0001,upper_arm,upper,branch,15
S_m0015_a0002_j0001,left_arm,branch,left,2
S_m0015_a0002_j0001,right_arm,branch,right,13
S_m0015_a0003_j0000,upper_arm,upper,branch,15
S_m0015_a0003_j0000,left_arm,branch,left,3
S_m0015_a0003_j0000,right_arm,branch,right,12
S_m0015_a0003_j0001,upper_arm,upper,branch,15
S_m0015_a0003_j0001,left_arm,branch,left,3
S_m0015_a0003_j0001,right_arm,branch,right,12
S_m0015_a0004_j0000,upper_arm,upper,branch,15
S_m0015_a0004_j0000,left_arm,branch,left,4
S_m0015_a0004_j0000,right_arm,branch,right,11
S_m0015_a0004_j0001,upper_arm,upper,branch,15
S_m0015_a0004_j0001,left_arm,branch,left,4
S_m0015_a0004_j0001,right_arm,branch,right,11
S_m0015_a0005_j0000,upper_arm,upper,branch,15
S_m0015_a0005_j0000,left_arm,branch,left,5
S_m0015_a0005_j0000,right_arm,branch,right,10
S_m0015_a0005_j0001,upper_arm,upper,branch,15
S_m0015_a0005_j0001,left_arm,branch,left,5
S_m0015_a0005_j0001,right_arm,branch,right,10
S_m0015_a0006_j0000,upper_arm,upper,branch,15
S_m0015_a0006_j0000,left_arm,branch,left,6
S_m0015_a0006_j0000,right_arm,branch,right,9
S_m0015_a0006_j0001,upper_arm,upper,branch,15
S_m0015_a0006_j0001,left_arm,branch,left,6
S_m0015_a0006_j0001,right_arm,branch,right,9
S_m0015_a0007_j0000,upper_arm,upper,branch,15
S_m0015_a0007_j0000,left_arm,branch,left,7
S_m0015_a0007_j0000,right_arm,branch,right,8
S_m0015_a0007_j0001,upper_arm,upper,branch,15
S_m0015_a0007_j0001,left_arm,branch,left,7
S_m0015_a0007_j0001,right_arm,branch,right,8
S_m0016_a0001_j0000,upper_arm,upper,branch,16
S_m0016_a0001_j0000,left_arm,branch,left,1
S_m0016_a0001_j0000,right_arm,branch,right,15
S_m0016_a0002_j0000,upper_arm,upper,branch,16
S_m0016_a0002_j0000,left_arm,branch,left,2
S_m0016_a0002_j0000,right_arm,branch,right,14
S_m0016_a0003_j0000,upper_arm,upper,branch,16
S_m0016_a0003_j0000,left_arm,branch,left,3
S_m0016_a0003_j0000,right_arm,branch,right,13
S_m0016_a0004_j0000,upper_arm,upper,branch,16
S_m0016_a0004_j0000,left_arm,branch,left,4
S_m0016_a0004_j0000,right_arm,branch,right,12
S_m0016_a0005_j0000,upper_arm,upper,branch,16
S_m0016_a0005_j0000,left_arm,branch,left,5
S_m0016_a0005_j0000,right_arm,branch,right,11
S_m0016_a0006_j0000,upper_arm,upper,branch,16
S_m0016_a0006_j0000,left_arm,branch,left,6
S_m0016_a0006_j0000,right_arm,branch,right,10
S_m0016_a0007_j0000,upper_arm,upper,branch,16
S_m0016_a0007_j0000,left_arm,branch,left,7
S_m0016_a0007_j0000,right_arm,branch,right,9
S_m0016_a0008_j0000,upper_arm,upper,branch,16
S_m0016_a0008_j0000,left_arm,branch,left,8
S_m0016_a0008_j0000,right_arm,branch,right,8
S_m0017_a0001_j0000,upper_arm,upper,branch,17
S_m0017_a0001_j0000,left_arm,branch,left,1
S_m0017_a0001_j0000,right_arm,branch,right,16
S_m0017_a0002_j0000,upper_arm,upper,branch,17
S_m0017_a0002_j0000,left_arm,branch,left,2
S_m0017_a0002_j0000,right_arm,branch,right,15
S_m0017_a0003_j0000,upper_arm,upper,branch,17
S_m0017_a0003_j0000,left_arm,branch,left,3
S_m0017_a0003_j0000,right_arm,branch,right,14
S_m0017_a0004_j0000,upper_arm,upper,branch,17
S_m0017_a0004_j0000,left_arm,branch,left,4
S_m0017_a0004_j0000,right_arm,branch,right,13
S_m0017_a0005_j0000,upper_arm,upper,branch,17
S_m0017_a0005_j0000,left_arm,branch,left,5
S_m0017_a0005_j0000,right_arm,branch,right,12
S_m0017_a0006_j0000,upper_arm,upper,branch,17
S_m0017_a0006_j0000,left_arm,branch,left,6
S_m0017_a0006_j0000,right_arm,branch,right,11
S_m0017_a0007_j0000,upper_arm,upper,branch,17
S_m0017_a0007_j0000,left_arm,branch,left,7
S_m0017_a0007_j0000,right_arm,branch,right,10
S_m0017_a0008_j0000,upper_arm,upper,branch,17
S_m0017_a0008_j0000,left_arm,branch,left,8
S_m0017_a0008_j0000,right_arm,branch,right,9
S_m0018_a0001_j0000,upper_arm,upper,branch,18
S_m0018_a0001_j0000,left_arm,branch,left,1
S_m0018_a0001_j0000,right_arm,branch,right,17
S_m0018_a0002_j0000,upper_arm,upper,branch,18
S_m0018_a0002_j0000,left_arm,branch,left,2
S_m0018_a0002_j0000,right_arm,branch,right,16
S_m0018_a0003_j0000,upper_arm,upper,branch,18
S_m0018_a0003_j0000,left_arm,branch,left,3
S_m0018_a0003_j0000,right_arm,branch,right,15
S_m0018_a0004_j0000,upper_arm,upper,branch,18
S_m0018_a0004_j0000,left_arm,branch,left,4
S_m0018_a0004_j0000,right_arm,branch,right,14
S_m0018_a0005_j0000,upper_arm,upper,branch,18
S_m0018_a0005_j0000,left_arm,branch,left,5
S_m0018_a0005_j0000,right_arm,branch,right,13
S_m0018_a0006_j0000,upper_arm,upper,branch,18
S_m0018_a0006_j0000,left_arm,branch,left,6
S_m0018_a0006_j0000,right_arm,branch,right,12
S_m0018_a0007_j0000,upper_arm,upper,branch,18
S_m0018_a0007_j0000,left_arm,branch,left,7
S_m0018_a0007_j0000,right_arm,branch,right,11
S_m0018_a0008_j0000,upper_arm,upper,branch,18
S_m0018_a0008_j0000,left_arm,branch,left,8
S_m0018_a0008_j0000,right_arm,branch,right,10
S_m0018_a0009_j0000,upper_arm,upper,branch,18
S_m0018_a0009_j0000,left_arm,branch,left,9
S_m0018_a0009_j0000,right_arm,branch,right,9
S_m0019_a0001_j0000,upper_arm,upper,branch,19
S_m0019_a0001_j0000,left_arm,branch,left,1
S_m0019_a0001_j0000,right_arm,branch,right,18
S_m0019_a0002_j0000,upper_arm,upper,branch,19
S_m0019_a0002_j0000,left_arm,branch,left,2
S_m0019_a0002_j0000,right_arm,branch,right,17
S_m0019_a0003_j0000,upper_arm,upper,branch,19
S_m0019_a0003_j0000,left_arm,branch,left,3
S_m0019_a0003_j0000,right_arm,branch,right,16
S_m0019_a0004_j0000,upper_arm,upper,branch,19
S_m0019_a0004_j0000,left_arm,branch,left,4
S_m0019_a0004_j0000,right_arm,branch,right,15
S_m0019_a0005_j0000,upper_arm,upper,branch,19
S_m0019_a0005_j0000,left_arm,branch,left,5
S_m0019_a0005_j0000,right_arm,branch,right,14
S_m0019_a0006_j0000,upper_arm,upper,branch,19
S_m0019_a0006_j0000,left_arm,branch,left,6
S_m0019_a0006_j0000,right_arm,branch,right,13
S_m0019_a0007_j0000,upper_arm,upper,branch,19
S_m0019_a0007_j0000,left_arm,branch,left,7
S_m0019_a0007_j0000,right_arm,branch,right,12
S_m0019_a0008_j0000,upper_arm,upper,branch,19
S_m0019_a0008_j0000,left_arm,branch,left,8
S_m0019_a0008_j0000,right_arm,branch,right,11
S_m0019_a0009_j0000,upper_arm,upper,branch,19
S_m0019_a0009_j0000,left_arm,branch,left,9
S_m0019_a0009_j0000,right_arm,branch,right,10
S_m0020_a0001_j0000,upper_arm,upper,branch,20
S_m0020_a0001_j0000,left_arm,branch,left,1
S_m0020_a0001_j0000,right_arm,branch,right,19
S_m0020_a0002_j0000,upper_arm,upper,branch,20
S_m0020_a0002_j0000,left_arm,branch,left,2
S_m0020_a0002_j0000,right_arm,branch,right,18
S_m0020_a0003_j0000,upper_arm,upper,branch,20
S_m0020_a0003_j0000,left_arm,branch,left,3
S_m0020_a0003_j0000,right_arm,branch,right,17
S_m0020_a0004_j0000,upper_arm,upper,branch,20
S_m0020_a0004_j0000,left_arm,branch,left,4
S_m0020_a0004_j0000,right_arm,branch,right,16
S_m0020_a0005_j0000,upper_arm,upper,branch,20
S_m0020_a0005_j0000,left_arm,branch,left,5
S_m0020_a0005_j0000,right_arm,branch,right,15
S_m0020_a0006_j0000,upper_arm,upper,branch,20
S_m0020_a0006_j0000,left_arm,branch,left,6
S_m0020_a0006_j0000,right_arm,branch,right,14
S_m0020_a0007_j0000,upper_arm,upper,branch,20
S_m0020_a0007_j0000,left_arm,branch,left,7
S_m0020_a0007_j0000,right_arm,branch,right,13
S_m0020_a0008_j0000,upper_arm,upper,branch,20
S_m0020_a0008_j0000,left_arm,branch,left,8
S_m0020_a0008_j0000,right_arm,branch,right,12
S_m0020_a0009_j0000,upper_arm,upper,branch,20
S_m0020_a0009_j0000,left_arm,branch,left,9
S_m0020_a0009_j0000,right_arm,branch,right,11
S_m0020_a0010_j0000,upper_arm,upper,branch,20
S_m0020_a0010_j0000,left_arm,branch,left,10
S_m0020_a0010_j0000,right_arm,branch,right,10
S_m0021_a0001_j0000,upper_arm,upper,branch,21
S_m0021_a0001_j0000,left_arm,branch,left,1
S_m0021_a0001_j0000,right_arm,branch,right,20
S_m0021_a0002_j0000,upper_arm,upper,branch,21
S_m0021_a0002_j0000,left_arm,branch,left,2
S_m0021_a0002_j0000,right_arm,branch,right,19
S_m0021_a0003_j0000,upper_arm,upper,branch,21
S_m0021_a0003_j0000,left_arm,branch,left,3
S_m0021_a0003_j0000,right_arm,branch,right,18
S_m0021_a0004_j0000,upper_arm,upper,branch,21
S_m0021_a0004_j0000,left_arm,branch,left,4
S_m0021_a0004_j0000,right_arm,branch,right,17
S_m0021_a0005_j0000,upper_arm,upper,branch,21
S_m0021_a0005_j0000,left_arm,branch,left,5
S_m0021_a0005_j0000,right_arm,branch,right,16
S_m0021_a0006_j0000,upper_arm,upper,branch,21
S_m0021_a0006_j0000,left_arm,branch,left,6
S_m0021_a0006_j0000,right_arm,branch,right,15
S_m0021_a0007_j0000,upper_arm,upper,branch,21
S_m0021_a0007_j0000,left_arm,branch,left,7
S_m0021_a0007_j0000,right_arm,branch,right,14
S_m0021_a0008_j0000,upper_arm,upper,branch,21
S_m0021_a0008_j0000,left_arm,branch,left,8
S_m0021_a0008_j0000,right_arm,branch,right,13
S_m0021_a0009_j0000,upper_arm,upper,branch,21
S_m0021_a0009_j0000,left_arm,branch,left,9
S_m0021_a0009_j0000,right_arm,branch,right,12
S_m0021_a0010_j0000,upper_arm,upper,branch,21
S_m0021_a0010_j0000,left_arm,branch,left,10
S_m0021_a0010_j0000,right_arm,branch,right,11
S_m0022_a0001_j0000,upper_arm,upper,branch,22
S_m0022_a0001_j0000,left_arm,branch,left,1
S_m0022_a0001_j0000,right_arm,branch,right,21
S_m0022_a0002_j0000,upper_arm,upper,branch,22
S_m0022_a0002_j0000,left_arm,branch,left,2
S_m0022_a0002_j0000,right_arm,branch,right,20
S_m0022_a0003_j0000,upper_arm,upper,branch,22
S_m0022_a0003_j0000,left_arm,branch,left,3
S_m0022_a0003_j0000,right_arm,branch,right,19
S_m0022_a0004_j0000,upper_arm,upper,branch,22
S_m0022_a0004_j0000,left_arm,branch,left,4
S_m0022_a0004_j0000,right_arm,branch,right,18
S_m0022_a0005_j0000,upper_arm,upper,branch,22
S_m0022_a0005_j0000,left_arm,branch,left,5
S_m0022_a0005_j0000,right_arm,branch,right,17
S_m0022_a0006_j0000,upper_arm,upper,branch,22
S_m0022_a0006_j0000,left_arm,branch,left,6
S_m0022_a0006_j0000,right_arm,branch,right,16
S_m0022_a0007_j0000,upper_arm,upper,branch,22
S_m0022_a0007_j0000,left_arm,branch,left,7
S_m0022_a0007_j0000,right_arm,branch,right,15
S_m0022_a0008_j0000,upper_arm,upper,branch,22
S_m0022_a0008_j0000,left_arm,branch,left,8
S_m0022_a0008_j0000,right_arm,branch,right,14
S_m0022_a0009_j0000,upper_arm,upper,branch,22
S_m0022_a0009_j0000,left_arm,branch,left,9
S_m0022_a0009_j0000,right_arm,branch,right,13
S_m0022_a0010_j0000,upper_arm,upper,branch,22
S_m0022_a0010_j0000,left_arm,branch,left,10
S_m0022_a0010_j0000,right_arm,branch,right,12
S_m0022_a0011_j0000,upper_arm,upper,branch,22
S_m0022_a0011_j0000,left_arm,branch,left,11
S_m0022_a0011_j0000,right_arm,branch,right,11
S_m0023_a0001_j0000,upper_arm,upper,branch,23
S_m0023_a0001_j0000,left_arm,branch,left,1
S_m0023_a0001_j0000,right_arm,branch,right,22
S_m0023_a0002_j0000,upper_arm,upper,branch,23
S_m0023_a0002_j0000,left_arm,branch,left,2
S_m0023_a0002_j0000,right_arm,branch,right,21
S_m0023_a0003_j0000,upper_arm,upper,branch,23
S_m0023_a0003_j0000,left_arm,branch,left,3
S_m0023_a0003_j0000,right_arm,branch,right,20
S_m0023_a0004_j0000,upper_arm,upper,branch,23
S_m0023_a0004_j0000,left_arm,branch,left,4
S_m0023_a0004_j0000,right_arm,branch,right,19
S_m0023_a0005_j0000,upper_arm,upper,branch,23
S_m0023_a0005_j0000,left_arm,branch,left,5
S_m0023_a0005_j0000,right_arm,branch,right,18
S_m0023_a0006_j0000,upper_arm,upper,branch,23
S_m0023_a0006_j0000,left_arm,branch,left,6
S_m0023_a0006_j0000,right_arm,branch,right,17
S_m0023_a0007_j0000,upper_arm,upper,branch,23
S_m0023_a0007_j0000,left_arm,branch,left,7
S_m0023_a0007_j0000,right_arm,branch,right,16
S_m0023_a0008_j0000,upper_arm,upper,branch,23
S_m0023_a0008_j0000,left_arm,branch,left,8
S_m0023_a0008_j0000,right_arm,branch,right,15
S_m0023_a0009_j0000,upper_arm,upper,branch,23
S_m0023_a0009_j0000,left_arm,branch,left,9
S_m0023_a0009_j0000,right_arm,branch,right,14
S_m0023_a0010_j0000,upper_arm,upper,branch,23
S_m0023_a0010_j0000,left_arm,branch,left,10
S_m0023_a0010_j0000,right_arm,branch,right,13
S_m0023_a0011_j0000,upper_arm,upper,branch,23
S_m0023_a0011_j0000,left_arm,branch,left,11
S_m0023_a0011_j0000,right_arm,branch,right,12
S_m0024_a0001_j0000,upper_arm,upper,branch,24
S_m0024_a0001_j0000,left_arm,branch,left,1
S_m0024_a0001_j0000,right_arm,branch,right,23
S_m0024_a0002_j0000,upper_arm,upper,branch,24
S_m0024_a0002_j0000,left_arm,branch,left,2
S_m0024_a0002_j0000,right_arm,branch,right,22
S_m0024_a0003_j0000,upper_arm,upper,branch,24
S_m0024_a0003_j0000,left_arm,branch,left,3
S_m0024_a0003_j0000,right_arm,branch,right,21
S_m0024_a0004_j0000,upper_arm,upper,branch,24
S_m0024_a0004_j0000,left_arm,branch,left,4
S_m0024_a0004_j0000,right_arm,branch,right,20
S_m0024_a0005_j0000,upper_arm,upper,branch,24
S_m0024_a0005_j0000,left_arm,branch,left,5
S_m0024_a0005_j0000,right_arm,branch,right,19
S_m0024_a0006_j0000,upper_arm,upper,branch,24
S_m0024_a0006_j0000,left_arm,branch,left,6
S_m0024_a0006_j0000,right_arm,branch,right,18
S_m0024_a0007_j0000,upper_arm,upper,branch,24
S_m0024_a0007_j0000,left_arm,branch,left,7
S_m0024_a0007_j0000,right_arm,branch,right,17
S_m0024_a0008_j0000,upper_arm,upper,branch,24
S_m0024_a0008_j0000,left_arm,branch,left,8
S_m0024_a0008_j0000,right_arm,branch,right,16
S_m0024_a0009_j0000,upper_arm,upper,branch,24
S_m0024_a0009_j0000,left_arm,branch,left,9
S_m0024_a0009_j0000,right_arm,branch,right,15
S_m0024_a0010_j0000,upper_arm,upper,branch,24
S_m0024_a0010_j0000,left_arm,branch,left,10
S_m0024_a0010_j0000,right_arm,branch,right,14
S_m0024_a0011_j0000,upper_arm,upper,branch,24
S_m0024_a0011_j0000,left_arm,branch,left,11
S_m0024_a0011_j0000,right_arm,branch,right,13
S_m0024_a0012_j0000,upper_arm,upper,branch,24
S_m0024_a0012_j0000,left_arm,branch,left,12
S_m0024_a0012_j0000,right_arm,branch,right,12
S_m0025_a0001_j0000,upper_arm,upper,branch,25
S_m0025_a0001_j0000,left_arm,branch,left,1
S_m0025_a0001_j0000,right_arm,branch,right,24
S_m0025_a0002_j0000,upper_arm,upper,branch,25
S_m0025_a0002_j0000,left_arm,branch,left,2
S_m0025_a0002_j0000,right_arm,branch,right,23
S_m0025_a0003_j0000,upper_arm,upper,branch,25
S_m0025_a0003_j0000,left_arm,branch,left,3
S_m0025_a0003_j0000,right_arm,branch,right,22
S_m0025_a0004_j0000,upper_arm,upper,branch,25
S_m0025_a0004_j0000,left_arm,branch,left,4
S_m0025_a0004_j0000,right_arm,branch,right,21
S_m0025_a0005_j0000,upper_arm,upper,branch,25
S_m0025_a0005_j0000,left_arm,branch,left,5
S_m0025_a0005_j0000,right_arm,branch,right,20
S_m0025_a0006_j0000,upper_arm,upper,branch,25
S_m0025_a0006_j0000,left_arm,branch,left,6
S_m0025_a0006_j0000,right_arm,branch,right,19
S_m0025_a0007_j0000,upper_arm,upper,branch,25
S_m0025_a0007_j0000,left_arm,branch,left,7
S_m0025_a0007_j0000,right_arm,branch,right,18
S_m0025_a0008_j0000,upper_arm,upper,branch,25
S_m0025_a0008_j0000,left_arm,branch,left,8
S_m0025_a0008_j0000,right_arm,branch,right,17
S_m0025_a0009_j0000,upper_arm,upper,branch,25
S_m0025_a0009_j0000,left_arm,branch,left,9
S_m0025_a0009_j0000,right_arm,branch,right,16
S_m0025_a0010_j0000,upper_arm,upper,branch,25
S_m0025_a0010_j0000,left_arm,branch,left,10
S_m0025_a0010_j0000,right_arm,branch,right,15
S_m0025_a0011_j0000,upper_arm,upper,branch,25
S_m0025_a0011_j0000,left_arm,branch,left,11
S_m0025_a0011_j0000,right_arm,branch,right,14
S_m0025_a0012_j0000,upper_arm,upper,branch,25
S_m0025_a0012_j0000,left_arm,branch,left,12
S_m0025_a0012_j0000,right_arm,branch,right,13
S_m0026_a0001_j0000,upper_arm,upper,branch,26
S_m0026_a0001_j0000,left_arm,branch,left,1
S_m0026_a0001_j0000,right_arm,branch,right,25
S_m0026_a0002_j0000,upper_arm,upper,branch,26
S_m0026_a0002_j0000,left_arm,branch,left,2
S_m0026_a0002_j0000,right_arm,branch,right,24
S_m0026_a0003_j0000,upper_arm,upper,branch,26
S_m0026_a0003_j0000,left_arm,branch,left,3
S_m0026_a0003_j0000,right_arm,branch,right,23
S_m0026_a0004_j0000,upper_arm,upper,branch,26
S_m0026_a0004_j0000,left_arm,branch,left,4
S_m0026_a0004_j0000,right_arm,branch,right,22
S_m0026_a0005_j0000,upper_arm,upper,branch,26
S_m0026_a0005_j0000,left_arm,branch,left,5
S_m0026_a0005_j0000,right_arm,branch,right,21
S_m0026_a0006_j0000,upper_arm,upper,branch,26
S_m0026_a0006_j0000,left_arm,branch,left,6
S_m0026_a0006_j0000,right_arm,branch,right,20
S_m0026_a0007_j0000,upper_arm,upper,branch,26
S_m0026_a0007_j0000,left_arm,branch,left,7
S_m0026_a0007_j0000,right_arm,branch,right,19
S_m0026_a0008_j0000,upper_arm,upper,branch,26
S_m0026_a0008_j0000,left_arm,branch,left,8
S_m0026_a0008_j0000,right_arm,branch,right,18
S_m0026_a0009_j0000,upper_arm,upper,branch,26
S_m0026_a0009_j0000,left_arm,branch,left,9
S_m0026_a0009_j0000,right_arm,branch,right,17
S_m0026_a0010_j0000,upper_arm,upper,branch,26
S_m0026_a0010_j0000,left_arm,branch,left,10
S_m0026_a0010_j0000,right_arm,branch,right,16
S_m0026_a0011_j0000,upper_arm,upper,branch,26
S_m0026_a0011_j0000,left_arm,branch,left,11
S_m0026_a0011_j0000,right_arm,branch,right,15
S_m0026_a0012_j0000,upper_arm,upper,branch,26
S_m0026_a0012_j0000,left_arm,branch,left,12
S_m0026_a0012_j0000,right_arm,branch,right,14
S_m0026_a0013_j0000,upper_arm,upper,branch,26
S_m0026_a0013_j0000,left_arm,branch,left,13
S_m0026_a0013_j0000,right_arm,branch,right,13
S_m0027_a0001_j0000,upper_arm,upper,branch,27
S_m0027_a0001_j0000,left_arm,branch,left,1
S_m0027_a0001_j0000,right_arm,branch,right,26
S_m0027_a0002_j0000,upper_arm,upper,branch,27
S_m0027_a0002_j0000,left_arm,branch,left,2
S_m0027_a0002_j0000,right_arm,branch,right,25
S_m0027_a0003_j0000,upper_arm,upper,branch,27
S_m0027_a0003_j0000,left_arm,branch,left,3
S_m0027_a0003_j0000,right_arm,branch,right,24
S_m0027_a0004_j0000,upper_arm,upper,branch,27
S_m0027_a0004_j0000,left_arm,branch,left,4
S_m0027_a0004_j0000,right_arm,branch,right,23
S_m0027_a0005_j0000,upper_arm,upper,branch,27
S_m0027_a0005_j0000,left_arm,branch,left,5
S_m0027_a0005_j0000,right_arm,branch,right,22
S_m0027_a0006_j0000,upper_arm,upper,branch,27
S_m0027_a0006_j0000,left_arm,branch,left,6
S_m0027_a0006_j0000,right_arm,branch,right,21
S_m0027_a0007_j0000,upper_arm,upper,branch,27
S_m0027_a0007_j0000,left_arm,branch,left,7
S_m0027_a0007_j0000,right_arm,branch,right,20
S_m0027_a0008_j0000,upper_arm,upper,branch,27
S_m0027_a0008_j0000,left_arm,branch,left,8
S_m0027_a0008_j0000,right_arm,branch,right,19
S_m0027_a0009_j0000,upper_arm,upper,branch,27
S_m0027_a0009_j0000,left_arm,branch,left,9
S_m0027_a0009_j0000,right_arm,branch,right,18
S_m0027_a0010_j0000,upper_arm,upper,branch,27
S_m0027_a0010_j0000,left_arm,branch,left,10
S_m0027_a0010_j0000,right_arm,branch,right,17
S_m0027_a0011_j0000,upper_arm,upper,branch,27
S_m0027_a0011_j0000,left_arm,branch,left,11
S_m0027_a0011_j0000,right_arm,branch,right,16
S_m0027_a0012_j0000,upper_arm,upper,branch,27
S_m0027_a0012_j0000,left_arm,branch,left,12
S_m0027_a0012_j0000,right_arm,branch,right,15
S_m0027_a0013_j0000,upper_arm,upper,branch,27
S_m0027_a0013_j0000,left_arm,branch,left,13
S_m0027_a0013_j0000,right_arm,branch,right,14
S_m0028_a0001_j0000,upper_arm,upper,branch,28
S_m0028_a0001_j0000,left_arm,branch,left,1
S_m0028_a0001_j0000,right_arm,branch,right,27
S_m0028_a0002_j0000,upper_arm,upper,branch,28
S_m0028_a0002_j0000,left_arm,branch,left,2
S_m0028_a0002_j0000,right_arm,branch,right,26
S_m0028_a0003_j0000,upper_arm,upper,branch,28
S_m0028_a0003_j0000,left_arm,branch,left,3
S_m0028_a0003_j0000,right_arm,branch,right,25
S_m0028_a0004_j0000,upper_arm,upper,branch,28
S_m0028_a0004_j0000,left_arm,branch,left,4
S_m0028_a0004_j0000,right_arm,branch,right,24
S_m0028_a0005_j0000,upper_arm,upper,branch,28
S_m0028_a0005_j0000,left_arm,branch,left,5
S_m0028_a0005_j0000,right_arm,branch,right,23
S_m0028_a0006_j0000,upper_arm,upper,branch,28
S_m0028_a0006_j0000,left_arm,branch,left,6
S_m0028_a0006_j0000,right_arm,branch,right,22
S_m0028_a0007_j0000,upper_arm,upper,branch,28
S_m0028_a0007_j0000,left_arm,branch,left,7
S_m0028_a0007_j0000,right_arm,branch,right,21
S_m0028_a0008_j0000,upper_arm,upper,branch,28
S_m0028_a0008_j0000,left_arm,branch,left,8
S_m0028_a0008_j0000,right_arm,branch,right,20
S_m0028_a0009_j0000,upper_arm,upper,branch,28
S_m0028_a0009_j0000,left_arm,branch,left,9
S_m0028_a0009_j0000,right_arm,branch,right,19
S_m0028_a0010_j0000,upper_arm,upper,branch,28
S_m0028_a0010_j0000,left_arm,branch,left,10
S_m0028_a0010_j0000,right_arm,branch,right,18
S_m0028_a0011_j0000,upper_arm,upper,branch,28
S_m0028_a0011_j0000,left_arm,branch,left,11
S_m0028_a0011_j0000,right_arm,branch,right,17
S_m0028_a0012_j0000,upper_arm,upper,branch,28
S_m0028_a0012_j0000,left_arm,branch,left,12
S_m0028_a0012_j0000,right_arm,branch,right,16
S_m0028_a0013_j0000,upper_arm,upper,branch,28
S_m0028_a0013_j0000,left_arm,branch,left,13
S_m0028_a0013_j0000,right_arm,branch,right,15
S_m0028_a0014_j0000,upper_arm,upper,branch,28
S_m0028_a0014_j0000,left_arm,branch,left,14
S_m0028_a0014_j0000,right_arm,branch,right,14
S_m0029_a0001_j0000,upper_arm,upper,branch,29
S_m0029_a0001_j0000,left_arm,branch,left,1
S_m0029_a0001_j0000,right_arm,branch,right,28
S_m0029_a0002_j0000,upper_arm,upper,branch,29
S_m0029_a0002_j0000,left_arm,branch,left,2
S_m0029_a0002_j0000,right_arm,branch,right,27
S_m0029_a0003_j0000,upper_arm,upper,branch,29
S_m0029_a0003_j0000,left_arm,branch,left,3
S_m0029_a0003_j0000,right_arm,branch,right,26
S_m0029_a0004_j0000,upper_arm,upper,branch,29
S_m0029_a0004_j0000,left_arm,branch,left,4
S_m0029_a0004_j0000,right_arm,branch,right,25
S_m0029_a0005_j0000,upper_arm,upper,branch,29
S_m0029_a0005_j0000,left_arm,branch,left,5
S_m0029_a0005_j0000,right_arm,branch,right,24
S_m0029_a0006_j0000,upper_arm,upper,branch,29
S_m0029_a0006_j0000,left_arm,branch,left,6
S_m0029_a0006_j0000,right_arm,branch,right,23
S_m0029_a0007_j0000,upper_arm,upper,branch,29
S_m0029_a0007_j0000,left_arm,branch,left,7
S_m0029_a0007_j0000,right_arm,branch,right,22
S_m0029_a0008_j0000,upper_arm,upper,branch,29
S_m0029_a0008_j0000,left_arm,branch,left,8
S_m0029_a0008_j0000,right_arm,branch,right,21
S_m0029_a0009_j0000,upper_arm,upper,branch,29
S_m0029_a0009_j0000,left_arm,branch,left,9
S_m0029_a0009_j0000,right_arm,branch,right,20
S_m0029_a0010_j0000,upper_arm,upper,branch,29
S_m0029_a0010_j0000,left_arm,branch,left,10
S_m0029_a0010_j0000,right_arm,branch,right,19
S_m0029_a0011_j0000,upper_arm,upper,branch,29
S_m0029_a0011_j0000,left_arm,branch,left,11
S_m0029_a0011_j0000,right_arm,branch,right,18
S_m0029_a0012_j0000,upper_arm,upper,branch,29
S_m0029_a0012_j0000,left_arm,branch,left,12
S_m0029_a0012_j0000,right_arm,branch,right,17
S_m0029_a0013_j0000,upper_arm,upper,branch,29
S_m0029_a0013_j0000,left_arm,branch,left,13
S_m0029_a0013_j0000,right_arm,branch,right,16
S_m0029_a0014_j0000,upper_arm,upper,branch,29
S_m0029_a0014_j0000,left_arm,branch,left,14
S_m0029_a0014_j0000,right_arm,branch,right,15
S_m0030_a0001_j0000,upper_arm,upper,branch,30
S_m0030_a0001_j0000,left_arm,branch,left,1
S_m0030_a0001_j0000,right_arm,branch,right,29
S_m0030_a0002_j0000,upper_arm,upper,branch,30
S_m0030_a0002_j0000,left_arm,branch,left,2
S_m0030_a0002_j0000,right_arm,branch,right,28
S_m0030_a0003_j0000,upper_arm,upper,branch,30
S_m0030_a0003_j0000,left_arm,branch,left,3
S_m0030_a0003_j0000,right_arm,branch,right,27
S_m0030_a0004_j0000,upper_arm,upper,branch,30
S_m0030_a0004_j0000,left_arm,branch,left,4
S_m0030_a0004_j0000,right_arm,branch,right,26
S_m0030_a0005_j0000,upper_arm,upper,branch,30
S_m0030_a0005_j0000,left_arm,branch,left,5
S_m0030_a0005_j0000,right_arm,branch,right,25
S_m0030_a0006_j0000,upper_arm,upper,branch,30
S_m0030_a0006_j0000,left_arm,branch,left,6
S_m0030_a0006_j0000,right_arm,branch,right,24
S_m0030_a0007_j0000,upper_arm,upper,branch,30
S_m0030_a0007_j0000,left_arm,branch,left,7
S_m0030_a0007_j0000,right_arm,branch,right,23
S_m0030_a0008_j0000,upper_arm,upper,branch,30
S_m0030_a0008_j0000,left_arm,branch,left,8
S_m0030_a0008_j0000,right_arm,branch,right,22
S_m0030_a0009_j0000,upper_arm,upper,branch,30
S_m0030_a0009_j0000,left_arm,branch,left,9
S_m0030_a0009_j0000,right_arm,branch,right,21
S_m0030_a0010_j0000,upper_arm,upper,branch,30
S_m0030_a0010_j0000,left_arm,branch,left,10
S_m0030_a0010_j0000,right_arm,branch,right,20
S_m0030_a0011_j0000,upper_arm,upper,branch,30
S_m0030_a0011_j0000,left_arm,branch,left,11
S_m0030_a0011_j0000,right_arm,branch,right,19
S_m0030_a0012_j0000,upper_arm,upper,branch,30
S_m0030_a0012_j0000,left_arm,branch,left,12
S_m0030_a0012_j0000,right_arm,branch,right,18
S_m0030_a0013_j0000,upper_arm,upper,branch,30
S_m0030_a0013_j0000,left_arm,branch,left,13
S_m0030_a0013_j0000,right_arm,branch,right,17
S_m0030_a0014_j0000,upper_arm,upper,branch,30
S_m0030_a0014_j0000,left_arm,branch,left,14
S_m0030_a0014_j0000,right_arm,branch,right,16
S_m0030_a0015_j0000,upper_arm,upper,branch,30
S_m0030_a0015_j0000,left_arm,branch,left,15
S_m0030_a0015_j0000,right_arm,branch,right,15
R_m0001_L001_W00000,through,upper,down,1
R_m0001_L001_W00001,through,upper,down,1
R_m0001_L001_W00002,through,upper,down,1
R_m0001_L001_W00003,through,upper,down,1
R_m0001_L001_W00004,through,upper,down,1
R_m0001_L001_W00005,through,upper,down,1
R_m0001_L001_W00006,through,upper,down,1
R_m0001_L001_W00007,through,upper,down,1
R_m0001_L001_W00008,through,upper,down,1
R_m0001_L001_W00009,through,upper,down,1
R_m0001_L001_W00010,through,upper,down,1
R_m0001_L001_W00011,through,upper,down,1
R_m0001_L001_W00012,through,upper,down,1
R_m0001_L001_W00013,through,upper,down,1
R_m0001_L001_W00014,through,upper,down,1
R_m0001_L001_W00015,through,upper,down,1
R_m0001_L001_W00016,through,upper,down,1
R_m0001_L001_W00017,through,upper,down,1
R_m0001_L001_W00018,through,upper,down,1
R_m0001_L001_W00019,through,upper,down,1
R_m0001_L001_W00020,through,upper,down,1
R_m0001_L001_W00021,through,upper,down,1
R_m0001_L001_W00022,through,upper,down,1
R_m0001_L001_W00023,through,upper,down,1
R_m0001_L001_W00024,through,upper,down,1
R_m0001_L001_W00025,through,upper,down,1
R_m0001_L001_W00026,through,upper,down,1
R_m0001_L001_W00027,through,upper,down,1
R_m0001_L001_W00028,through,upper,down,1
R_m0001_L001_W00029,through,upper,down,1
R_m0001_L001_W00030,through,upper,down,1
R_m0001_L001_W00031,through,upper,down,1
R_m0001_L001_W00032,through,upper,down,1
R_m0001_L001_W00033,through,upper,down,1
R_m0001_L001_W00034,through,upper,down,1
R_m0001_L001_W00035,through,upper,down,1
R_m0001_L001_W00036,through,upper,down,1
R_m0001_L001_W00037,through,upper,down,1
R_m0001_L001_W00038,through,upper,down,1
R_m0001_L001_W00039,through,upper,down,1
R_m0001_L001_W00040,through,upper,down,1
R_m0001_L001_W00041,through,upper,down,1
R_m0001_L001_W00042,through,upper,down,1
R_m0001_L001_W00043,through,upper,down,1
R_m0001_L001_W00044,through,upper,down,1
R_m0001_L001_W00045,through,upper,down,1
R_m0001_L001_W00046,through,upper,down,1
R_m0001_L001_W00047,through,upper,down,1
R_m0001_L001_W00048,through,upper,down,1
R_m0001_L001_W00049,through,upper,down,1
R_m0001_L001_W00050,through,upper,down,1
R_m0001_L001_W00051,through,upper,down,1
R_m0001_L001_W00052,through,upper,down,1
R_m0001_L001_W00053,through,upper,down,1
R_m0001_L001_W00054,through,upper,down,1
R_m0001_L001_W00055,through,upper,down,1
R_m0001_L001_W00056,through,upper,down,1
R_m0001_L001_W00057,through,upper,down,1
R_m0001_L001_W00058,through,upper,down,1
R_m0001_L001_W00059,through,upper,down,1
R_m0001_L001_W00060,through,upper,down,1
R_m0001_L001_W00061,through,upper,down,1
R_m0001_L001_W00062,through,upper,down,1
R_m0001_L001_W00063,through,upper,down,1
R_m0001_L001_W00064,through,upper,down,1
R_m0001_L001_W00065,through,upper,down,1
R_m0001_L001_W00066,through,upper,down,1
R_m0001_L001_W00067,through,upper,down,1
R_m0001_L001_W00068,through,upper,down,1
R_m0001_L001_W00069,through,upper,down,1
R_m0001_L001_W00070,through,upper,down,1
R_m0001_L001_W00071,through,upper,down,1
R_m0001_L001_W00072,through,upper,down,1
R_m0001_L001_W00073,through,upper,down,1
R_m0001_L001_W00074,through,upper,down,1
R_m0001_L001_W00075,through,upper,down,1
R_m0001_L001_W00076,through,upper,down,1
R_m0001_L001_W00077,through,upper,down,1
R_m0001_L001_W00078,through,upper,down,1
R_m0001_L001_W00079,through,upper,down,1
R_m0001_L001_W00080,through,upper,down,1
R_m0001_L001_W00081,through,upper,down,1
R_m0001_L001_W00082,through,upper,down,1
R_m0001_L001_W00083,through,upper,down,1
R_m0001_L001_W00084,through,upper,down,1
R_m0001_L001_W00085,through,upper,down,1
R_m0001_L001_W00086,through,upper,down,1
R_m0001_L001_W00087,through,upper,down,1
R_m0001_L001_W00088,through,upper,down,1
R_m0001_L001_W00089,through,upper,down,1
R_m0001_L001_W00090,through,upper,down,1
R_m0001_L001_W00091,through,upper,down,1
R_m0001_L001_W00092,through,upper,down,1
R_m0001_L001_W00093,through,upper,down,1
R_m0001_L001_W00094,through,upper,down,1
R_m0001_L001_W00095,through,upper,down,1
R_m0001_L001_W00096,through,upper,down,1
R_m0001_L001_W00097,through,upper,down,1
R_m0001_L001_W00098,through,upper,down,1
R_m0001_L001_W00099,through,upper,down,1
R_m0001_L001_W00100,through,upper,down,1
R_m0001_L001_W00101,through,upper,down,1
R_m0001_L001_W00102,through,upper,down,1
R_m0001_L001_W00103,through,upper,down,1
R_m0001_L001_W00104,through,upper,down,1
R_m0001_L001_W00105,through,upper,down,1
R_m0001_L001_W00106,through,upper,down,1
R_m0001_L001_W00107,through,upper,down,1
R_m0001_L001_W00108,through,upper,down,1
R_m0001_L001_W00109,through,upper,down,1
R_m0001_L001_W00110,through,upper,down,1
R_m0001_L001_W00111,through,upper,down,1
R_m0001_L001_W00112,through,upper,down,1
R_m0001_L001_W00113,through,upper,down,1
R_m0001_L001_W00114,through,upper,down,1
R_m0001_L001_W00115,through,upper,down,1
R_m0001_L001_W00116,through,upper,down,1
R_m0001_L001_W00117,through,upper,down,1
R_m0001_L001_W00118,through,upper,down,1
R_m0001_L001_W00119,through,upper,down,1
R_m0001_L001_W00120,through,upper,down,1
R_m0001_L001_W00121,through,upper,down,1
R_m0001_L001_W00122,through,upper,down,1
R_m0001_L001_W00123,through,upper,down,1
R_m0001_L001_W00124,through,upper,down,1
R_m0001_L001_W00125,through,upper,down,1
R_m0001_L001_W00126,through,upper,down,1
R_m0001_L001_W00127,through,upper,down,1
R_m0001_L002_W00000,through,upper,down,1
R_m0001_L002_W00001,through,upper,down,1
R_m0001_L002_W00002,through,upper,down,1
R_m0001_L002_W00003,through,upper,down,1
R_m0001_L002_W00004,through,upper,down,1
R_m0001_L002_W00005,through,upper,down,1
R_m0001_L002_W00006,through,upper,down,1
R_m0001_L002_W00007,through,upper,down,1
R_m0001_L002_W00008,through,upper,down,1
R_m0001_L002_W00009,through,upper,down,1
R_m0001_L002_W00010,through,upper,down,1
R_m0001_L002_W00011,through,upper,down,1
R_m0001_L002_W00012,through,upper,down,1
R_m0001_L002_W00013,through,upper,down,1
R_m0001_L002_W00014,through,upper,down,1
R_m0001_L002_W00015,through,upper,down,1
R_m0001_L002_W00016,through,upper,down,1
R_m0001_L002_W00017,through,upper,down,1
R_m0001_L002_W00018,through,upper,down,1
R_m0001_L002_W00019,through,upper,down,1
R_m0001_L002_W00020,through,upper,down,1
R_m0001_L002_W00021,through,upper,down,1
R_m0001_L002_W00022,through,upper,down,1
R_m0001_L002_W00023,through,upper,down,1
R_m0001_L002_W00024,through,upper,down,1
R_m0001_L002_W00025,through,upper,down,1
R_m0001_L002_W00026,through,upper,down,1
R_m0001_L002_W00027,through,upper,down,1
R_m0001_L002_W00028,through,upper,down,1
R_m0001_L002_W00029,through,upper,down,1
R_m0001_L002_W00030,through,upper,down,1
R_m0001_L002_W00031,through,upper,down,1
R_m0001_L002_W00032,through,upper,down,1
R_m0001_L002_W00033,through,upper,down,1
R_m0001_L002_W00034,through,upper,down,1
R_m0001_L002_W00035,through,upper,down,1
R_m0001_L002_W00036,through,upper,down,1
R_m0001_L002_W00037,through,upper,down,1
R_m0001_L002_W00038,through,upper,down,1
R_m0001_L002_W00039,through,upper,down,1
R_m0001_L002_W00040,through,upper,down,1
R_m0001_L002_W00041,through,upper,down,1
R_m0001_L002_W00042,through,upper,down,1
R_m0001_L002_W00043,through,upper,down,1
R_m0001_L002_W00044,through,upper,down,1
R_m0001_L002_W00045,through,upper,down,1
R_m0001_L002_W00046,through,upper,down,1
R_m0001_L002_W00047,through,upper,down,1
R_m0001_L002_W00048,through,upper,down,1
R_m0001_L002_W00049,through,upper,down,1
R_m0001_L002_W00050,through,upper,down,1
R_m0001_L002_W00051,through,upper,down,1
R_m0001_L002_W00052,through,upper,down,1
R_m0001_L002_W00053,through,upper,down,1
R_m0001_L002_W00054,through,upper,down,1
R_m0001_L002_W00055,through,upper,down,1
R_m0001_L002_W00056,through,upper,down,1
R_m0001_L002_W00057,through,upper,down,1
R_m0001_L002_W00058,through,upper,down,1
R_m0001_L002_W00059,through,upper,down,1
R_m0001_L002_W00060,through,upper,down,1
R_m0001_L002_W00061,through,upper,down,1
R_m0001_L002_W00062,through,upper,down,1
R_m0001_L002_W00063,through,upper,down,1
R_m0001_L002_W00064,through,upper,down,1
R_m0001_L002_W00065,through,upper,down,1
R_m0001_L002_W00066,through,upper,down,1
R_m0001_L002_W00067,through,upper,down,1
R_m0001_L002_W00068,through,upper,down,1
R_m0001_L002_W00069,through,upper,down,1
R_m0001_L002_W00070,through,upper,down,1
R_m0001_L002_W00071,through,upper,down,1
R_m0001_L002_W00072,through,upper,down,1
R_m0001_L002_W00073,through,upper,down,1
R_m0001_L002_W00074,through,upper,down,1
R_m0001_L002_W00075,through,upper,down,1
R_m0001_L002_W00076,through,upper,down,1
R_m0001_L002_W00077,through,upper,down,1
R_m0001_L002_W00078,through,upper,down,1
R_m0001_L002_W00079,through,upper,down,1
R_m0001_L002_W00080,through,upper,down,1
R_m0001_L002_W00081,through,upper,down,1
R_m0001_L002_W00082,through,upper,down,1
R_m0001_L002_W00083,through,upper,down,1
R_m0001_L002_W00084,through,upper,down,1
R_m0001_L002_W00085,through,upper,down,1
R_m0001_L002_W00086,through,upper,down,1
R_m0001_L002_W00087,through,upper,down,1
R_m0001_L002_W00088,through,upper,down,1
R_m0001_L002_W00089,through,upper,down,1
R_m0001_L002_W00090,through,upper,down,1
R_m0001_L002_W00091,through,upper,down,1
R_m0001_L002_W00092,through,upper,down,1
R_m0001_L002_W00093,through,upper,down,1
R_m0001_L002_W00094,through,upper,down,1
R_m0001_L002_W00095,through,upper,down,1
R_m0001_L002_W00096,through,upper,down,1
R_m0001_L002_W00097,through,upper,down,1
R_m0001_L002_W00098,through,upper,down,1
R_m0001_L002_W00099,through,upper,down,1
R_m0001_L002_W00100,through,upper,down,1
R_m0001_L002_W00101,through,upper,down,1
R_m0001_L002_W00102,through,upper,down,1
R_m0001_L002_W00103,through,upper,down,1
R_m0001_L002_W00104,through,upper,down,1
R_m0001_L002_W00105,through,upper,down,1
R_m0001_L002_W00106,through,upper,down,1
R_m0001_L002_W00107,through,upper,down,1
R_m0001_L002_W00108,through,upper,down,1
R_m0001_L002_W00109,through,upper,down,1
R_m0001_L002_W00110,through,upper,down,1
R_m0001_L002_W00111,through,upper,down,1
R_m0001_L002_W00112,through,upper,down,1
R_m0001_L002_W00113,through,upper,down,1
R_m0001_L002_W00114,through,upper,down,1
R_m0001_L002_W00115,through,upper,down,1
R_m0001_L002_W00116,through,upper,down,1
R_m0001_L002_W00117,through,upper,down,1
R_m0001_L002_W00118,through,upper,down,1
R_m0001_L002_W00119,through,upper,down,1
R_m0001_L002_W00120,through,upper,down,1
R_m0001_L002_W00121,through,upper,down,1
R_m0001_L002_W00122,through,upper,down,1
R_m0001_L002_W00123,through,upper,down,1
R_m0001_L002_W00124,through,upper,down,1
R_m0001_L002_W00125,through,upper,down,1
R_m0001_L002_W00126,through,upper,down,1
R_m0001_L002_W00127,through,upper,down,1
R_m0001_L003_W00000,through,upper,down,1
R_m0001_L003_W00001,through,upper,down,1
R_m0001_L003_W00002,through,upper,down,1
R_m0001_L003_W00003,through,upper,down,1
R_m0001_L003_W00004,through,upper,down,1
R_m0001_L003_W00005,through,upper,down,1
R_m0001_L003_W00006,through,upper,down,1
R_m0001_L003_W00007,through,upper,down,1
R_m0001_L003_W00008,through,upper,down,1
R_m0001_L003_W00009,through,upper,down,1
R_m0001_L003_W00010,through,upper,down,1
R_m0001_L003_W00011,through,upper,down,1
R_m0001_L003_W00012,through,upper,down,1
R_m0001_L003_W00013,through,upper,down,1
R_m0001_L003_W00014,through,upper,down,1
R_m0001_L003_W00015,through,upper,down,1
R_m0001_L003_W00016,through,upper,down,1
R_m0001_L003_W00017,through,upper,down,1
R_m0001_L003_W00018,through,upper,down,1
R_m0001_L003_W00019,through,upper,down,1
R_m0001_L003_W00020,through,upper,down,1
R_m0001_L003_W00021,through,upper,down,1
R_m0001_L003_W00022,through,upper,down,1
R_m0001_L003_W00023,through,upper,down,1
R_m0001_L003_W00024,through,upper,down,1
R_m0001_L003_W00025,through,upper,down,1
R_m0001_L003_W00026,through,upper,down,1
R_m0001_L003_W00027,through,upper,down,1
R_m0001_L003_W00028,through,upper,down,1
R_m0001_L003_W00029,through,upper,down,1
R_m0001_L003_W00030,through,upper,down,1
R_m0001_L003_W00031,through,upper,down,1
R_m0001_L003_W00032,through,upper,down,1
R_m0001_L003_W00033,through,upper,down,1
R_m0001_L003_W00034,through,upper,down,1
R_m0001_L003_W00035,through,upper,down,1
R_m0001_L003_W00036,through,upper,down,1
R_m0001_L003_W00037,through,upper,down,1
R_m0001_L003_W00038,through,upper,down,1
R_m0001_L003_W00039,through,upper,down,1
R_m0001_L003_W00040,through,upper,down,1
R_m0001_L003_W00041,through,upper,down,1
R_m0001_L003_W00042,through,upper,down,1
R_m0001_L003_W00043,through,upper,down,1
R_m0001_L003_W00044,through,upper,down,1
R_m0001_L003_W00045,through,upper,down,1
R_m0001_L003_W00046,through,upper,down,1
R_m0001_L003_W00047,through,upper,down,1
R_m0001_L003_W00048,through,upper,down,1
R_m0001_L003_W00049,through,upper,down,1
R_m0001_L003_W00050,through,upper,down,1
R_m0001_L003_W00051,through,upper,down,1
R_m0001_L003_W00052,through,upper,down,1
R_m0001_L003_W00053,through,upper,down,1
R_m0001_L003_W00054,through,upper,down,1
R_m0001_L003_W00055,through,upper,down,1
R_m0001_L003_W00056,through,upper,down,1
R_m0001_L003_W00057,through,upper,down,1
R_m0001_L003_W00058,through,upper,down,1
R_m0001_L003_W00059,through,upper,down,1
R_m0001_L003_W00060,through,upper,down,1
R_m0001_L003_W00061,through,upper,down,1
R_m0001_L003_W00062,through,upper,down,1
R_m0001_L003_W00063,through,upper,down,1
R_m0001_L003_W00064,through,upper,down,1
R_m0001_L003_W00065,through,upper,down,1
R_m0001_L003_W00066,through,upper,down,1
R_m0001_L003_W00067,through,upper,down,1
R_m0001_L003_W00068,through,upper,down,1
R_m0001_L003_W00069,through,upper,down,1
R_m0001_L003_W00070,through,upper,down,1
R_m0001_L003_W00071,through,upper,down,1
R_m0001_L003_W00072,through,upper,down,1
R_m0001_L003_W00073,through,upper,down,1
R_m0001_L003_W00074,through,upper,down,1
R_m0001_L003_W00075,through,upper,down,1
R_m0001_L003_W00076,through,upper,down,1
R_m0001_L003_W00077,through,upper,down,1
R_m0001_L003_W00078,through,upper,down,1
R_m0001_L003_W00079,through,upper,down,1
R_m0001_L003_W00080,through,upper,down,1
R_m0001_L003_W00081,through,upper,down,1
R_m0001_L003_W00082,through,upper,down,1
R_m0001_L003_W00083,through,upper,down,1
R_m0001_L003_W00084,through,upper,down,1
R_m0001_L003_W00085,through,upper,down,1
R_m0001_L003_W00086,through,upper,down,1
R_m0001_L003_W00087,through,upper,down,1
R_m0001_L003_W00088,through,upper,down,1
R_m0001_L003_W00089,through,upper,down,1
R_m0001_L003_W00090,through,upper,down,1
R_m0001_L003_W00091,through,upper,down,1
R_m0001_L003_W00092,through,upper,down,1
R_m0001_L003_W00093,through,upper,down,1
R_m0001_L003_W00094,through,upper,down,1
R_m0001_L003_W00095,through,upper,down,1
R_m0001_L003_W00096,through,upper,down,1
R_m0001_L003_W00097,through,upper,down,1
R_m0001_L003_W00098,through,upper,down,1
R_m0001_L003_W00099,through,upper,down,1
R_m0001_L003_W00100,through,upper,down,1
R_m0001_L003_W00101,through,upper,down,1
R_m0001_L003_W00102,through,upper,down,1
R_m0001_L003_W00103,through,upper,down,1
R_m0001_L003_W00104,through,upper,down,1
R_m0001_L003_W00105,through,upper,down,1
R_m0001_L003_W00106,through,upper,down,1
R_m0001_L003_W00107,through,upper,down,1
R_m0001_L003_W00108,through,upper,down,1
R_m0001_L003_W00109,through,upper,down,1
R_m0001_L003_W00110,through,upper,down,1
R_m0001_L003_W00111,through,upper,down,1
R_m0001_L003_W00112,through,upper,down,1
R_m0001_L003_W00113,through,upper,down,1
R_m0001_L003_W00114,through,upper,down,1
R_m0001_L003_W00115,through,upper,down,1
R_m0001_L003_W00116,through,upper,down,1
R_m0001_L003_W00117,through,upper,down,1
R_m0001_L003_W00118,through,upper,down,1
R_m0001_L003_W00119,through,upper,down,1
R_m0001_L003_W00120,through,upper,down,1
R_m0001_L003_W00121,through,upper,down,1
R_m0001_L003_W00122,through,upper,down,1
R_m0001_L003_W00123,through,upper,down,1
R_m0001_L003_W00124,through,upper,down,1
R_m0001_L003_W00125,through,upper,down,1
R_m0001_L003_W00126,through,upper,down,1
R_m0001_L003_W00127,through,upper,down,1
R_m0001_L004_W00000,through,upper,down,1
R_m0001_L004_W00001,through,upper,down,1
R_m0001_L004_W00002,through,upper,down,1
R_m0001_L004_W00003,through,upper,down,1
R_m0001_L004_W00004,through,upper,down,1
R_m0001_L004_W00005,through,upper,down,1
R_m0001_L004_W00006,through,upper,down,1
R_m0001_L004_W00007,through,upper,down,1
R_m0001_L004_W00008,through,upper,down,1
R_m0001_L004_W00009,through,upper,down,1
R_m0001_L004_W00010,through,upper,down,1
R_m0001_L004_W00011,through,upper,down,1
R_m0001_L004_W00012,through,upper,down,1
R_m0001_L004_W00013,through,upper,down,1
R_m0001_L004_W00014,through,upper,down,1
R_m0001_L004_W00015,through,upper,down,1
R_m0001_L004_W00016,through,upper,down,1
R_m0001_L004_W00017,through,upper,down,1
R_m0001_L004_W00018,through,upper,down,1
R_m0001_L004_W00019,through,upper,down,1
R_m0001_L004_W00020,through,upper,down,1
R_m0001_L004_W00021,through,upper,down,1
R_m0001_L004_W00022,through,upper,down,1
R_m0001_L004_W00023,through,upper,down,1
R_m0001_L004_W00024,through,upper,down,1
R_m0001_L004_W00025,through,upper,down,1
R_m0001_L004_W00026,through,upper,down,1
R_m0001_L004_W00027,through,upper,down,1
R_m0001_L004_W00028,through,upper,down,1
R_m0001_L004_W00029,through,upper,down,1
R_m0001_L004_W00030,through,upper,down,1
R_m0001_L004_W00031,through,upper,down,1
R_m0001_L004_W00032,through,upper,down,1
R_m0001_L004_W00033,through,upper,down,1
R_m0001_L004_W00034,through,upper,down,1
R_m0001_L004_W00035,through,upper,down,1
R_m0001_L004_W00036,through,upper,down,1
R_m0001_L004_W00037,through,upper,down,1
R_m0001_L004_W00038,through,upper,down,1
R_m0001_L004_W00039,through,upper,down,1
R_m0001_L004_W00040,through,upper,down,1
R_m0001_L004_W00041,through,upper,down,1
R_m0001_L004_W00042,through,upper,down,1
R_m0001_L004_W00043,through,upper,down,1
R_m0001_L004_W00044,through,upper,down,1
R_m0001_L004_W00045,through,upper,down,1
R_m0001_L004_W00046,through,upper,down,1
R_m0001_L004_W00047,through,upper,down,1
R_m0001_L004_W00048,through,upper,down,1
R_m0001_L004_W00049,through,upper,down,1
R_m0001_L004_W00050,through,upper,down,1
R_m0001_L004_W00051,through,upper,down,1
R_m0001_L004_W00052,through,upper,down,1
R_m0001_L004_W00053,through,upper,down,1
R_m0001_L004_W00054,through,upper,down,1
R_m0001_L004_W00055,through,upper,down,1
R_m0001_L004_W00056,through,upper,down,1
R_m0001_L004_W00057,through,upper,down,1
R_m0001_L004_W00058,through,upper,down,1
R_m0001_L004_W00059,through,upper,down,1
R_m0001_L004_W00060,through,upper,down,1
R_m0001_L004_W00061,through,upper,down,1
R_m0001_L004_W00062,through,upper,down,1
R_m0001_L004_W00063,through,upper,down,1
R_m0001_L004_W00064,through,upper,down,1
R_m0001_L004_W00065,through,upper,down,1
R_m0001_L004_W00066,through,upper,down,1
R_m0001_L004_W00067,through,upper,down,1
R_m0001_L004_W00068,through,upper,down,1
R_m0001_L004_W00069,through,upper,down,1
R_m0001_L004_W00070,through,upper,down,1
R_m0001_L004_W00071,through,upper,down,1
R_m0001_L004_W00072,through,upper,down,1
R_m0001_L004_W00073,through,upper,down,1
R_m0001_L004_W00074,through,upper,down,1
R_m0001_L004_W00075,through,upper,down,1
R_m0001_L004_W00076,through,upper,down,1
R_m0001_L004_W00077,through,upper,down,1
R_m0001_L004_W00078,through,upper,down,1
R_m0001_L004_W00079,through,upper,down,1
R_m0001_L004_W00080,through,upper,down,1
R_m0001_L004_W00081,through,upper,down,1
R_m0001_L004_W00082,through,upper,down,1
R_m0001_L004_W00083,through,upper,down,1
R_m0001_L004_W00084,through,upper,down,1
R_m0001_L004_W00085,through,upper,down,1
R_m0001_L004_W00086,through,upper,down,1
R_m0001_L004_W00087,through,upper,down,1
R_m0001_L004_W00088,through,upper,down,1
R_m0001_L004_W00089,through,upper,down,1
R_m0001_L004_W00090,through,upper,down,1
R_m0001_L004_W00091,through,upper,down,1
R_m0001_L004_W00092,through,upper,down,1
R_m0001_L004_W00093,through,upper,down,1
R_m0001_L004_W00094,through,upper,down,1
R_m0001_L004_W00095,through,upper,down,1
R_m0001_L004_W00096,through,upper,down,1
R_m0001_L004_W00097,through,upper,down,1
R_m0001_L004_W00098,through,upper,down,1
R_m0001_L004_W00099,through,upper,down,1
R_m0001_L004_W00100,through,upper,down,1
R_m0001_L004_W00101,through,upper,down,1
R_m0001_L004_W00102,through,upper,down,1
R_m0001_L004_W00103,through,upper,down,1
R_m0001_L004_W00104,through,upper,down,1
R_m0001_L004_W00105,through,upper,down,1
R_m0001_L004_W00106,through,upper,down,1
R_m0001_L004_W00107,through,upper,down,1
R_m0001_L004_W00108,through,upper,down,1
R_m0001_L004_W00109,through,upper,down,1
R_m0001_L004_W00110,through,upper,down,1
R_m0001_L004_W00111,through,upper,down,1
R_m0001_L004_W00112,through,upper,down,1
R_m0001_L004_W00113,through,upper,down,1
R_m0001_L004_W00114,through,upper,down,1
R_m0001_L004_W00115,through,upper,down,1
R_m0001_L004_W00116,through,upper,down,1
R_m0001_L004_W00117,through,upper,down,1
R_m0001_L004_W00118,through,upper,down,1
R_m0001_L004_W00119,through,upper,down,1
R_m0001_L004_W00120,through,upper,down,1
R_m0001_L004_W00121,through,upper,down,1
R_m0001_L004_W00122,through,upper,down,1
R_m0001_L004_W00123,through,upper,down,1
R_m0001_L004_W00124,through,upper,down,1
R_m0001_L004_W00125,through,upper,down,1
R_m0001_L004_W00126,through,upper,down,1
R_m0001_L004_W00127,through,upper,down,1
R_m0001_L005_W00000,through,upper,down,1
R_m0001_L005_W00001,through,upper,down,1
R_m0001_L005_W00002,through,upper,down,1
R_m0001_L005_W00003,through,upper,down,1
R_m0001_L005_W00004,through,upper,down,1
R_m0001_L005_W00005,through,upper,down,1
R_m0001_L005_W00006,through,upper,down,1
R_m0001_L005_W00007,through,upper,down,1
R_m0001_L005_W00008,through,upper,down,1
R_m0001_L005_W00009,through,upper,down,1
R_m0001_L005_W00010,through,upper,down,1
R_m0001_L005_W00011,through,upper,down,1
R_m0001_L005_W00012,through,upper,down,1
R_m0001_L005_W00013,through,upper,down,1
R_m0001_L005_W00014,through,upper,down,1
R_m0001_L005_W00015,through,upper,down,1
R_m0001_L005_W00016,through,upper,down,1
R_m0001_L005_W00017,through,upper,down,1
R_m0001_L005_W00018,through,upper,down,1
R_m0001_L005_W00019,through,upper,down,1
R_m0001_L005_W00020,through,upper,down,1
R_m0001_L005_W00021,through,upper,down,1
R_m0001_L005_W00022,through,upper,down,1
R_m0001_L005_W00023,through,upper,down,1
R_m0001_L005_W00024,through,upper,down,1
R_m0001_L005_W00025,through,upper,down,1
R_m0001_L005_W00026,through,upper,down,1
R_m0001_L005_W00027,through,upper,down,1
R_m0001_L005_W00028,through,upper,down,1
R_m0001_L005_W00029,through,upper,down,1
R_m0001_L005_W00030,through,upper,down,1
R_m0001_L005_W00031,through,upper,down,1
R_m0001_L005_W00032,through,upper,down,1
R_m0001_L005_W00033,through,upper,down,1
R_m0001_L005_W00034,through,upper,down,1
R_m0001_L005_W00035,through,upper,down,1
R_m0001_L005_W00036,through,upper,down,1
R_m0001_L005_W00037,through,upper,down,1
R_m0001_L005_W00038,through,upper,down,1
R_m0001_L005_W00039,through,upper,down,1
R_m0001_L005_W00040,through,upper,down,1
R_m0001_L005_W00041,through,upper,down,1
R_m0001_L005_W00042,through,upper,down,1
R_m0001_L005_W00043,through,upper,down,1
R_m0001_L005_W00044,through,upper,down,1
R_m0001_L005_W00045,through,upper,down,1
R_m0001_L005_W00046,through,upper,down,1
R_m0001_L005_W00047,through,upper,down,1
R_m0001_L005_W00048,through,upper,down,1
R_m0001_L005_W00049,through,upper,down,1
R_m0001_L005_W00050,through,upper,down,1
R_m0001_L005_W00051,through,upper,down,1
R_m0001_L005_W00052,through,upper,down,1
R_m0001_L005_W00053,through,upper,down,1
R_m0001_L005_W00054,through,upper,down,1
R_m0001_L005_W00055,through,upper,down,1
R_m0001_L005_W00056,through,upper,down,1
R_m0001_L005_W00057,through,upper,down,1
R_m0001_L005_W00058,through,upper,down,1
R_m0001_L005_W00059,through,upper,down,1
R_m0001_L005_W00060,through,upper,down,1
R_m0001_L005_W00061,through,upper,down,1
R_m0001_L005_W00062,through,upper,down,1
R_m0001_L005_W00063,through,upper,down,1
R_m0001_L005_W00064,through,upper,down,1
R_m0001_L005_W00065,through,upper,down,1
R_m0001_L005_W00066,through,upper,down,1
R_m0001_L005_W00067,through,upper,down,1
R_m0001_L005_W00068,through,upper,down,1
R_m0001_L005_W00069,through,upper,down,1
R_m0001_L005_W00070,through,upper,down,1
R_m0001_L005_W00071,through,upper,down,1
R_m0001_L005_W00072,through,upper,down,1
R_m0001_L005_W00073,through,upper,down,1
R_m0001_L005_W00074,through,upper,down,1
R_m0001_L005_W00075,through,upper,down,1
R_m0001_L005_W00076,through,upper,down,1
R_m0001_L005_W00077,through,upper,down,1
R_m0001_L005_W00078,through,upper,down,1
R_m0001_L005_W00079,through,upper,down,1
R_m0001_L005_W00080,through,upper,down,1
R_m0001_L005_W00081,through,upper,down,1
R_m0001_L005_W00082,through,upper,down,1
R_m0001_L005_W00083,through,upper,down,1
R_m0001_L005_W00084,through,upper,down,1
R_m0001_L005_W00085,through,upper,down,1
R_m0001_L005_W00086,through,upper,down,1
R_m0001_L005_W00087,through,upper,down,1
R_m0001_L005_W00088,through,upper,down,1
R_m0001_L005_W00089,through,upper,down,1
R_m0001_L005_W00090,through,upper,down,1
R_m0001_L005_W00091,through,upper,down,1
R_m0001_L005_W00092,through,upper,down,1
R_m0001_L005_W00093,through,upper,down,1
R_m0001_L005_W00094,through,upper,down,1
R_m0001_L005_W00095,through,upper,down,1
R_m0001_L005_W00096,through,upper,down,1
R_m0001_L005_W00097,through,upper,down,1
R_m0001_L005_W00098,through,upper,down,1
R_m0001_L005_W00099,through,upper,down,1
R_m0001_L005_W00100,through,upper,down,1
R_m0001_L005_W00101,through,upper,down,1
R_m0001_L005_W00102,through,upper,down,1
R_m0001_L005_W00103,through,upper,down,1
R_m0001_L005_W00104,through,upper,down,1
R_m0001_L005_W00105,through,upper,down,1
R_m0001_L005_W00106,through,upper,down,1
R_m0001_L005_W00107,through,upper,down,1
R_m0001_L005_W00108,through,upper,down,1
R_m0001_L005_W00109,through,upper,down,1
R_m0001_L005_W00110,through,upper,down,1
R_m0001_L005_W00111,through,upper,down,1
R_m0001_L005_W00112,through,upper,down,1
R_m0001_L005_W00113,through,upper,down,1
R_m0001_L005_W00114,through,upper,down,1
R_m0001_L005_W00115,through,upper,down,1
R_m0001_L005_W00116,through,upper,down,1
R_m0001_L005_W00117,through,upper,down,1
R_m0001_L005_W00118,through,upper,down,1
R_m0001_L005_W00119,through,upper,down,1
R_m0001_L005_W00120,through,upper,down,1
R_m0001_L005_W00121,through,upper,down,1
R_m0001_L005_W00122,through,upper,down,1
R_m0001_L005_W00123,through,upper,down,1
R_m0001_L005_W00124,through,upper,down,1
R_m0001_L005_W00125,through,upper,down,1
R_m0001_L005_W00126,through,upper,down,1
R_m0001_L005_W00127,through,upper,down,1
R_m0001_L006_W00000,through,upper,down,1
R_m0001_L006_W00001,through,upper,down,1
R_m0001_L006_W00002,through,upper,down,1
R_m0001_L006_W00003,through,upper,down,1
R_m0001_L006_W00004,through,upper,down,1
R_m0001_L006_W00005,through,upper,down,1
R_m0001_L006_W00006,through,upper,down,1
R_m0001_L006_W00007,through,upper,down,1
R_m0001_L006_W00008,through,upper,down,1
R_m0001_L006_W00009,through,upper,down,1
R_m0001_L006_W00010,through,upper,down,1
R_m0001_L006_W00011,through,upper,down,1
R_m0001_L006_W00012,through,upper,down,1
R_m0001_L006_W00013,through,upper,down,1
R_m0001_L006_W00014,through,upper,down,1
R_m0001_L006_W00015,through,upper,down,1
R_m0001_L006_W00016,through,upper,down,1
R_m0001_L006_W00017,through,upper,down,1
R_m0001_L006_W00018,through,upper,down,1
R_m0001_L006_W00019,through,upper,down,1
R_m0001_L006_W00020,through,upper,down,1
R_m0001_L006_W00021,through,upper,down,1
R_m0001_L006_W00022,through,upper,down,1
R_m0001_L006_W00023,through,upper,down,1
R_m0001_L006_W00024,through,upper,down,1
R_m0001_L006_W00025,through,upper,down,1
R_m0001_L006_W00026,through,upper,down,1
R_m0001_L006_W00027,through,upper,down,1
R_m0001_L006_W00028,through,upper,down,1
R_m0001_L006_W00029,through,upper,down,1
R_m0001_L006_W00030,through,upper,down,1
R_m0001_L006_W00031,through,upper,down,1
R_m0001_L006_W00032,through,upper,down,1
R_m0001_L006_W00033,through,upper,down,1
R_m0001_L006_W00034,through,upper,down,1
R_m0001_L006_W00035,through,upper,down,1
R_m0001_L006_W00036,through,upper,down,1
R_m0001_L006_W00037,through,upper,down,1
R_m0001_L006_W00038,through,upper,down,1
R_m0001_L006_W00039,through,upper,down,1
R_m0001_L006_W00040,through,upper,down,1
R_m0001_L006_W00041,through,upper,down,1
R_m0001_L006_W00042,through,upper,down,1
R_m0001_L006_W00043,through,upper,down,1
R_m0001_L006_W00044,through,upper,down,1
R_m0001_L006_W00045,through,upper,down,1
R_m0001_L006_W00046,through,upper,down,1
R_m0001_L006_W00047,through,upper,down,1
R_m0001_L006_W00048,through,upper,down,1
R_m0001_L006_W00049,through,upper,down,1
R_m0001_L006_W00050,through,upper,down,1
R_m0001_L006_W00051,through,upper,down,1
R_m0001_L006_W00052,through,upper,down,1
R_m0001_L006_W00053,through,upper,down,1
R_m0001_L006_W00054,through,upper,down,1
R_m0001_L006_W00055,through,upper,down,1
R_m0001_L006_W00056,through,upper,down,1
R_m0001_L006_W00057,through,upper,down,1
R_m0001_L006_W00058,through,upper,down,1
R_m0001_L006_W00059,through,upper,down,1
R_m0001_L006_W00060,through,upper,down,1
R_m0001_L006_W00061,through,upper,down,1
R_m0001_L006_W00062,through,upper,down,1
R_m0001_L006_W00063,through,upper,down,1
R_m0001_L006_W00064,through,upper,down,1
R_m0001_L006_W00065,through,upper,down,1
R_m0001_L006_W00066,through,upper,down,1
R_m0001_L006_W00067,through,upper,down,1
R_m0001_L006_W00068,through,upper,down,1
R_m0001_L006_W00069,through,upper,down,1
R_m0001_L006_W00070,through,upper,down,1
R_m0001_L006_W00071,through,upper,down,1
R_m0001_L006_W00072,through,upper,down,1
R_m0001_L006_W00073,through,upper,down,1
R_m0001_L006_W00074,through,upper,down,1
R_m0001_L006_W00075,through,upper,down,1
R_m0001_L006_W00076,through,upper,down,1
R_m0001_L006_W00077,through,upper,down,1
R_m0001_L006_W00078,through,upper,down,1
R_m0001_L006_W00079,through,upper,down,1
R_m0001_L006_W00080,through,upper,down,1
R_m0001_L006_W00081,through,upper,down,1
R_m0001_L006_W00082,through,upper,down,1
R_m0001_L006_W00083,through,upper,down,1
R_m0001_L006_W00084,through,upper,down,1
R_m0001_L006_W00085,through,upper,down,1
R_m0001_L006_W00086,through,upper,down,1
R_m0001_L006_W00087,through,upper,down,1
R_m0001_L006_W00088,through,upper,down,1
R_m0001_L006_W00089,through,upper,down,1
R_m0001_L006_W00090,through,upper,down,1
R_m0001_L006_W00091,through,upper,down,1
R_m0001_L006_W00092,through,upper,down,1
R_m0001_L006_W00093,through,upper,down,1
R_m0001_L006_W00094,through,upper,down,1
R_m0001_L006_W00095,through,upper,down,1
R_m0001_L006_W00096,through,upper,down,1
R_m0001_L006_W00097,through,upper,down,1
R_m0001_L006_W00098,through,upper,down,1
R_m0001_L006_W00099,through,upper,down,1
R_m0001_L006_W00100,through,upper,down,1
R_m0001_L006_W00101,through,upper,down,1
R_m0001_L006_W00102,through,upper,down,1
R_m0001_L006_W00103,through,upper,down,1
R_m0001_L006_W00104,through,upper,down,1
R_m0001_L006_W00105,through,upper,down,1
R_m0001_L006_W00106,through,upper,down,1
R_m0001_L006_W00107,through,upper,down,1
R_m0001_L006_W00108,through,upper,down,1
R_m0001_L006_W00109,through,upper,down,1
R_m0001_L006_W00110,through,upper,down,1
R_m0001_L006_W00111,through,upper,down,1
R_m0001_L006_W00112,through,upper,down,1
R_m0001_L006_W00113,through,upper,down,1
R_m0001_L006_W00114,through,upper,down,1
R_m0001_L006_W00115,through,upper,down,1
R_m0001_L006_W00116,through,upper,down,1
R_m0001_L006_W00117,through,upper,down,1
R_m0001_L006_W00118,through,upper,down,1
R_m0001_L006_W00119,through,upper,down,1
R_m0001_L006_W00120,through,upper,down,1
R_m0001_L006_W00121,through,upper,down,1
R_m0001_L006_W00122,through,upper,down,1
R_m0001_L006_W00123,through,upper,down,1
R_m0001_L006_W00124,through,upper,down,1
R_m0001_L006_W00125,through,upper,down,1
R_m0001_L006_W00126,through,upper,down,1
R_m0001_L006_W00127,through,upper,down,1
R_m0001_L007_W00000,through,upper,down,1
R_m0001_L007_W00001,through,upper,down,1
R_m0001_L007_W00002,through,upper,down,1
R_m0001_L007_W00003,through,upper,down,1
R_m0001_L007_W00004,through,upper,down,1
R_m0001_L007_W00005,through,upper,down,1
R_m0001_L007_W00006,through,upper,down,1
R_m0001_L007_W00007,through,upper,down,1
R_m0001_L007_W00008,through,upper,down,1
R_m0001_L007_W00009,through,upper,down,1
R_m0001_L007_W00010,through,upper,down,1
R_m0001_L007_W00011,through,upper,down,1
R_m0001_L007_W00012,through,upper,down,1
R_m0001_L007_W00013,through,upper,down,1
R_m0001_L007_W00014,through,upper,down,1
R_m0001_L007_W00015,through,upper,down,1
R_m0001_L007_W00016,through,upper,down,1
R_m0001_L007_W00017,through,upper,down,1
R_m0001_L007_W00018,through,upper,down,1
R_m0001_L007_W00019,through,upper,down,1
R_m0001_L007_W00020,through,upper,down,1
R_m0001_L007_W00021,through,upper,down,1
R_m0001_L007_W00022,through,upper,down,1
R_m0001_L007_W00023,through,upper,down,1
R_m0001_L007_W00024,through,upper,down,1
R_m0001_L007_W00025,through,upper,down,1
R_m0001_L007_W00026,through,upper,down,1
R_m0001_L007_W00027,through,upper,down,1
R_m0001_L007_W00028,through,upper,down,1
R_m0001_L007_W00029,through,upper,down,1
R_m0001_L007_W00030,through,upper,down,1
R_m0001_L007_W00031,through,upper,down,1
R_m0001_L007_W00032,through,upper,down,1
R_m0001_L007_W00033,through,upper,down,1
R_m0001_L007_W00034,through,upper,down,1
R_m0001_L007_W00035,through,upper,down,1
R_m0001_L007_W00036,through,upper,down,1
R_m0001_L007_W00037,through,upper,down,1
R_m0001_L007_W00038,through,upper,down,1
R_m0001_L007_W00039,through,upper,down,1
R_m0001_L007_W00040,through,upper,down,1
R_m0001_L007_W00041,through,upper,down,1
R_m0001_L007_W00042,through,upper,down,1
R_m0001_L007_W00043,through,upper,down,1
R_m0001_L007_W00044,through,upper,down,1
R_m0001_L007_W00045,through,upper,down,1
R_m0001_L007_W00046,through,upper,down,1
R_m0001_L007_W00047,through,upper,down,1
R_m0001_L007_W00048,through,upper,down,1
R_m0001_L007_W00049,through,upper,down,1
R_m0001_L007_W00050,through,upper,down,1
R_m0001_L007_W00051,through,upper,down,1
R_m0001_L007_W00052,through,upper,down,1
R_m0001_L007_W00053,through,upper,down,1
R_m0001_L007_W00054,through,upper,down,1
R_m0001_L007_W00055,through,upper,down,1
R_m0001_L007_W00056,through,upper,down,1
R_m0001_L007_W00057,through,upper,down,1
R_m0001_L007_W00058,through,upper,down,1
R_m0001_L007_W00059,through,upper,down,1
R_m0001_L007_W00060,through,upper,down,1
R_m0001_L007_W00061,through,upper,down,1
R_m0001_L007_W00062,through,upper,down,1
R_m0001_L007_W00063,through,upper,down,1
R_m0001_L007_W00064,through,upper,down,1
R_m0001_L007_W00065,through,upper,down,1
R_m0001_L007_W00066,through,upper,down,1
R_m0001_L007_W00067,through,upper,down,1
R_m0001_L007_W00068,through,upper,down,1
R_m0001_L007_W00069,through,upper,down,1
R_m0001_L007_W00070,through,upper,down,1
R_m0001_L007_W00071,through,upper,down,1
R_m0001_L007_W00072,through,upper,down,1
R_m0001_L007_W00073,through,upper,down,1
R_m0001_L007_W00074,through,upper,down,1
R_m0001_L007_W00075,through,upper,down,1
R_m0001_L007_W00076,through,upper,down,1
R_m0001_L007_W00077,through,upper,down,1
R_m0001_L007_W00078,through,upper,down,1
R_m0001_L007_W00079,through,upper,down,1
R_m0001_L007_W00080,through,upper,down,1
R_m0001_L007_W00081,through,upper,down,1
R_m0001_L007_W00082,through,upper,down,1
R_m0001_L007_W00083,through,upper,down,1
R_m0001_L007_W00084,through,upper,down,1
R_m0001_L007_W00085,through,upper,down,1
R_m0001_L007_W00086,through,upper,down,1
R_m0001_L007_W00087,through,upper,down,1
R_m0001_L007_W00088,through,upper,down,1
R_m0001_L007_W00089,through,upper,down,1
R_m0001_L007_W00090,through,upper,down,1
R_m0001_L007_W00091,through,upper,down,1
R_m0001_L007_W00092,through,upper,down,1
R_m0001_L007_W00093,through,upper,down,1
R_m0001_L007_W00094,through,upper,down,1
R_m0001_L007_W00095,through,upper,down,1
R_m0001_L007_W00096,through,upper,down,1
R_m0001_L007_W00097,through,upper,down,1
R_m0001_L007_W00098,through,upper,down,1
R_m0001_L007_W00099,through,upper,down,1
R_m0001_L007_W00100,through,upper,down,1
R_m0001_L007_W00101,through,upper,down,1
R_m0001_L007_W00102,through,upper,down,1
R_m0001_L007_W00103,through,upper,down,1
R_m0001_L007_W00104,through,upper,down,1
R_m0001_L007_W00105,through,upper,down,1
R_m0001_L007_W00106,through,upper,down,1
R_m0001_L007_W00107,through,upper,down,1
R_m0001_L007_W00108,through,upper,down,1
R_m0001_L007_W00109,through,upper,down,1
R_m0001_L007_W00110,through,upper,down,1
R_m0001_L007_W00111,through,upper,down,1
R_m0001_L007_W00112,through,upper,down,1
R_m0001_L007_W00113,through,upper,down,1
R_m0001_L007_W00114,through,upper,down,1
R_m0001_L007_W00115,through,upper,down,1
R_m0001_L007_W00116,through,upper,down,1
R_m0001_L007_W00117,through,upper,down,1
R_m0001_L007_W00118,through,upper,down,1
R_m0001_L007_W00119,through,upper,down,1
R_m0001_L007_W00120,through,upper,down,1
R_m0001_L007_W00121,through,upper,down,1
R_m0001_L007_W00122,through,upper,down,1
R_m0001_L007_W00123,through,upper,down,1
R_m0001_L007_W00124,through,upper,down,1
R_m0001_L007_W00125,through,upper,down,1
R_m0001_L007_W00126,through,upper,down,1
R_m0001_L007_W00127,through,upper,down,1
R_m0001_L008_W00000,through,upper,down,1
R_m0001_L008_W00001,through,upper,down,1
R_m0001_L008_W00002,through,upper,down,1
R_m0001_L008_W00003,through,upper,down,1
R_m0001_L008_W00004,through,upper,down,1
R_m0001_L008_W00005,through,upper,down,1
R_m0001_L008_W00006,through,upper,down,1
R_m0001_L008_W00007,through,upper,down,1
R_m0001_L008_W00008,through,upper,down,1
R_m0001_L008_W00009,through,upper,down,1
R_m0001_L008_W00010,through,upper,down,1
R_m0001_L008_W00011,through,upper,down,1
R_m0001_L008_W00012,through,upper,down,1
R_m0001_L008_W00013,through,upper,down,1
R_m0001_L008_W00014,through,upper,down,1
R_m0001_L008_W00015,through,upper,down,1
R_m0001_L008_W00016,through,upper,down,1
R_m0001_L008_W00017,through,upper,down,1
R_m0001_L008_W00018,through,upper,down,1
R_m0001_L008_W00019,through,upper,down,1
R_m0001_L008_W00020,through,upper,down,1
R_m0001_L008_W00021,through,upper,down,1
R_m0001_L008_W00022,through,upper,down,1
R_m0001_L008_W00023,through,upper,down,1
R_m0001_L008_W00024,through,upper,down,1
R_m0001_L008_W00025,through,upper,down,1
R_m0001_L008_W00026,through,upper,down,1
R_m0001_L008_W00027,through,upper,down,1
R_m0001_L008_W00028,through,upper,down,1
R_m0001_L008_W00029,through,upper,down,1
R_m0001_L008_W00030,through,upper,down,1
R_m0001_L008_W00031,through,upper,down,1
R_m0001_L008_W00032,through,upper,down,1
R_m0001_L008_W00033,through,upper,down,1
R_m0001_L008_W00034,through,upper,down,1
R_m0001_L008_W00035,through,upper,down,1
R_m0001_L008_W00036,through,upper,down,1
R_m0001_L008_W00037,through,upper,down,1
R_m0001_L008_W00038,through,upper,down,1
R_m0001_L008_W00039,through,upper,down,1
R_m0001_L008_W00040,through,upper,down,1
R_m0001_L008_W00041,through,upper,down,1
R_m0001_L008_W00042,through,upper,down,1
R_m0001_L008_W00043,through,upper,down,1
R_m0001_L008_W00044,through,upper,down,1
R_m0001_L008_W00045,through,upper,down,1
R_m0001_L008_W00046,through,upper,down,1
R_m0001_L008_W00047,through,upper,down,1
R_m0001_L008_W00048,through,upper,down,1
R_m0001_L008_W00049,through,upper,down,1
R_m0001_L008_W00050,through,upper,down,1
R_m0001_L008_W00051,through,upper,down,1
R_m0001_L008_W00052,through,upper,down,1
R_m0001_L008_W00053,through,upper,down,1
R_m0001_L008_W00054,through,upper,down,1
R_m0001_L008_W00055,through,upper,down,1
R_m0001_L008_W00056,through,upper,down,1
R_m0001_L008_W00057,through,upper,down,1
R_m0001_L008_W00058,through,upper,down,1
R_m0001_L008_W00059,through,upper,down,1
R_m0001_L008_W00060,through,upper,down,1
R_m0001_L008_W00061,through,upper,down,1
R_m0001_L008_W00062,through,upper,down,1
R_m0001_L008_W00063,through,upper,down,1
R_m0001_L008_W00064,through,upper,down,1
R_m0001_L008_W00065,through,upper,down,1
R_m0001_L008_W00066,through,upper,down,1
R_m0001_L008_W00067,through,upper,down,1
R_m0001_L008_W00068,through,upper,down,1
R_m0001_L008_W00069,through,upper,down,1
R_m0001_L008_W00070,through,upper,down,1
R_m0001_L008_W00071,through,upper,down,1
R_m0001_L008_W00072,through,upper,down,1
R_m0001_L008_W00073,through,upper,down,1
R_m0001_L008_W00074,through,upper,down,1
R_m0001_L008_W00075,through,upper,down,1
R_m0001_L008_W00076,through,upper,down,1
R_m0001_L008_W00077,through,upper,down,1
R_m0001_L008_W00078,through,upper,down,1
R_m0001_L008_W00079,through,upper,down,1
R_m0001_L008_W00080,through,upper,down,1
R_m0001_L008_W00081,through,upper,down,1
R_m0001_L008_W00082,through,upper,down,1
R_m0001_L008_W00083,through,upper,down,1
R_m0001_L008_W00084,through,upper,down,1
R_m0001_L008_W00085,through,upper,down,1
R_m0001_L008_W00086,through,upper,down,1
R_m0001_L008_W00087,through,upper,down,1
R_m0001_L008_W00088,through,upper,down,1
R_m0001_L008_W00089,through,upper,down,1
R_m0001_L008_W00090,through,upper,down,1
R_m0001_L008_W00091,through,upper,down,1
R_m0001_L008_W00092,through,upper,down,1
R_m0001_L008_W00093,through,upper,down,1
R_m0001_L008_W00094,through,upper,down,1
R_m0001_L008_W00095,through,upper,down,1
R_m0001_L008_W00096,through,upper,down,1
R_m0001_L008_W00097,through,upper,down,1
R_m0001_L008_W00098,through,upper,down,1
R_m0001_L008_W00099,through,upper,down,1
R_m0001_L008_W00100,through,upper,down,1
R_m0001_L008_W00101,through,upper,down,1
R_m0001_L008_W00102,through,upper,down,1
R_m0001_L008_W00103,through,upper,down,1
R_m0001_L008_W00104,through,upper,down,1
R_m0001_L008_W00105,through,upper,down,1
R_m0001_L008_W00106,through,upper,down,1
R_m0001_L008_W00107,through,upper,down,1
R_m0001_L008_W00108,through,upper,down,1
R_m0001_L008_W00109,through,upper,down,1
R_m0001_L008_W00110,through,upper,down,1
R_m0001_L008_W00111,through,upper,down,1
R_m0001_L008_W00112,through,upper,down,1
R_m0001_L008_W00113,through,upper,down,1
R_m0001_L008_W00114,through,upper,down,1
R_m0001_L008_W00115,through,upper,down,1
R_m0001_L008_W00116,through,upper,down,1
R_m0001_L008_W00117,through,upper,down,1
R_m0001_L008_W00118,through,upper,down,1
R_m0001_L008_W00119,through,upper,down,1
R_m0001_L008_W00120,through,upper,down,1
R_m0001_L008_W00121,through,upper,down,1
R_m0001_L008_W00122,through,upper,down,1
R_m0001_L008_W00123,through,upper,down,1
R_m0001_L008_W00124,through,upper,down,1
R_m0001_L008_W00125,through,upper,down,1
R_m0001_L008_W00126,through,upper,down,1
R_m0001_L008_W00127,through,upper,down,1
R_m0001_L009_W00000,through,upper,down,1
R_m0001_L009_W00001,through,upper,down,1
R_m0001_L009_W00002,through,upper,down,1
R_m0001_L009_W00003,through,upper,down,1
R_m0001_L009_W00004,through,upper,down,1
R_m0001_L009_W00005,through,upper,down,1
R_m0001_L009_W00006,through,upper,down,1
R_m0001_L009_W00007,through,upper,down,1
R_m0001_L009_W00008,through,upper,down,1
R_m0001_L009_W00009,through,upper,down,1
R_m0001_L009_W00010,through,upper,down,1
R_m0001_L009_W00011,through,upper,down,1
R_m0001_L009_W00012,through,upper,down,1
R_m0001_L009_W00013,through,upper,down,1
R_m0001_L009_W00014,through,upper,down,1
R_m0001_L009_W00015,through,upper,down,1
R_m0001_L009_W00016,through,upper,down,1
R_m0001_L009_W00017,through,upper,down,1
R_m0001_L009_W00018,through,upper,down,1
R_m0001_L009_W00019,through,upper,down,1
R_m0001_L009_W00020,through,upper,down,1
R_m0001_L009_W00021,through,upper,down,1
R_m0001_L009_W00022,through,upper,down,1
R_m0001_L009_W00023,through,upper,down,1
R_m0001_L009_W00024,through,upper,down,1
R_m0001_L009_W00025,through,upper,down,1
R_m0001_L009_W00026,through,upper,down,1
R_m0001_L009_W00027,through,upper,down,1
R_m0001_L009_W00028,through,upper,down,1
R_m0001_L009_W00029,through,upper,down,1
R_m0001_L009_W00030,through,upper,down,1
R_m0001_L009_W00031,through,upper,down,1
R_m0001_L009_W00032,through,upper,down,1
R_m0001_L009_W00033,through,upper,down,1
R_m0001_L009_W00034,through,upper,down,1
R_m0001_L009_W00035,through,upper,down,1
R_m0001_L009_W00036,through,upper,down,1
R_m0001_L009_W00037,through,upper,down,1
R_m0001_L009_W00038,through,upper,down,1
R_m0001_L009_W00039,through,upper,down,1
R_m0001_L009_W00040,through,upper,down,1
R_m0001_L009_W00041,through,upper,down,1
R_m0001_L009_W00042,through,upper,down,1
R_m0001_L009_W00043,through,upper,down,1
R_m0001_L009_W00044,through,upper,down,1
R_m0001_L009_W00045,through,upper,down,1
R_m0001_L009_W00046,through,upper,down,1
R_m0001_L009_W00047,through,upper,down,1
R_m0001_L009_W00048,through,upper,down,1
R_m0001_L009_W00049,through,upper,down,1
R_m0001_L009_W00050,through,upper,down,1
R_m0001_L009_W00051,through,upper,down,1
R_m0001_L009_W00052,through,upper,down,1
R_m0001_L009_W00053,through,upper,down,1
R_m0001_L009_W00054,through,upper,down,1
R_m0001_L009_W00055,through,upper,down,1
R_m0001_L009_W00056,through,upper,down,1
R_m0001_L009_W00057,through,upper,down,1
R_m0001_L009_W00058,through,upper,down,1
R_m0001_L009_W00059,through,upper,down,1
R_m0001_L009_W00060,through,upper,down,1
R_m0001_L009_W00061,through,upper,down,1
R_m0001_L009_W00062,through,upper,down,1
R_m0001_L009_W00063,through,upper,down,1
R_m0001_L009_W00064,through,upper,down,1
R_m0001_L009_W00065,through,upper,down,1
R_m0001_L009_W00066,through,upper,down,1
R_m0001_L009_W00067,through,upper,down,1
R_m0001_L009_W00068,through,upper,down,1
R_m0001_L009_W00069,through,upper,down,1
R_m0001_L009_W00070,through,upper,down,1
R_m0001_L009_W00071,through,upper,down,1
R_m0001_L009_W00072,through,upper,down,1
R_m0001_L009_W00073,through,upper,down,1
R_m0001_L009_W00074,through,upper,down,1
R_m0001_L009_W00075,through,upper,down,1
R_m0001_L009_W00076,through,upper,down,1
R_m0001_L009_W00077,through,upper,down,1
R_m0001_L009_W00078,through,upper,down,1
R_m0001_L009_W00079,through,upper,down,1
R_m0001_L009_W00080,through,upper,down,1
R_m0001_L009_W00081,through,upper,down,1
R_m0001_L009_W00082,through,upper,down,1
R_m0001_L009_W00083,through,upper,down,1
R_m0001_L009_W00084,through,upper,down,1
R_m0001_L009_W00085,through,upper,down,1
R_m0001_L009_W00086,through,upper,down,1
R_m0001_L009_W00087,through,upper,down,1
R_m0001_L009_W00088,through,upper,down,1
R_m0001_L009_W00089,through,upper,down,1
R_m0001_L009_W00090,through,upper,down,1
R_m0001_L009_W00091,through,upper,down,1
R_m0001_L009_W00092,through,upper,down,1
R_m0001_L009_W00093,through,upper,down,1
R_m0001_L009_W00094,through,upper,down,1
R_m0001_L009_W00095,through,upper,down,1
R_m0001_L009_W00096,through,upper,down,1
R_m0001_L009_W00097,through,upper,down,1
R_m0001_L009_W00098,through,upper,down,1
R_m0001_L009_W00099,through,upper,down,1
R_m0001_L009_W00100,through,upper,down,1
R_m0001_L009_W00101,through,upper,down,1
R_m0001_L009_W00102,through,upper,down,1
R_m0001_L009_W00103,through,upper,down,1
R_m0001_L009_W00104,through,upper,down,1
R_m0001_L009_W00105,through,upper,down,1
R_m0001_L009_W00106,through,upper,down,1
R_m0001_L009_W00107,through,upper,down,1
R_m0001_L009_W00108,through,upper,down,1
R_m0001_L009_W00109,through,upper,down,1
R_m0001_L009_W00110,through,upper,down,1
R_m0001_L009_W00111,through,upper,down,1
R_m0001_L009_W00112,through,upper,down,1
R_m0001_L009_W00113,through,upper,down,1
R_m0001_L009_W00114,through,upper,down,1
R_m0001_L009_W00115,through,upper,down,1
R_m0001_L009_W00116,through,upper,down,1
R_m0001_L009_W00117,through,upper,down,1
R_m0001_L009_W00118,through,upper,down,1
R_m0001_L009_W00119,through,upper,down,1
R_m0001_L009_W00120,through,upper,down,1
R_m0001_L009_W00121,through,upper,down,1
R_m0001_L009_W00122,through,upper,down,1
R_m0001_L009_W00123,through,upper,down,1
R_m0001_L009_W00124,through,upper,down,1
R_m0001_L009_W00125,through,upper,down,1
R_m0001_L009_W00126,through,upper,down,1
R_m0001_L009_W00127,through,upper,down,1
R_m0001_L010_W00000,through,upper,down,1
R_m0001_L010_W00001,through,upper,down,1
R_m0001_L010_W00002,through,upper,down,1
R_m0001_L010_W00003,through,upper,down,1
R_m0001_L010_W00004,through,upper,down,1
R_m0001_L010_W00005,through,upper,down,1
R_m0001_L010_W00006,through,upper,down,1
R_m0001_L010_W00007,through,upper,down,1
R_m0001_L010_W00008,through,upper,down,1
R_m0001_L010_W00009,through,upper,down,1
R_m0001_L010_W00010,through,upper,down,1
R_m0001_L010_W00011,through,upper,down,1
R_m0001_L010_W00012,through,upper,down,1
R_m0001_L010_W00013,through,upper,down,1
R_m0001_L010_W00014,through,upper,down,1
R_m0001_L010_W00015,through,upper,down,1
R_m0001_L010_W00016,through,upper,down,1
R_m0001_L010_W00017,through,upper,down,1
R_m0001_L010_W00018,through,upper,down,1
R_m0001_L010_W00019,through,upper,down,1
R_m0001_L010_W00020,through,upper,down,1
R_m0001_L010_W00021,through,upper,down,1
R_m0001_L010_W00022,through,upper,down,1
R_m0001_L010_W00023,through,upper,down,1
R_m0001_L010_W00024,through,upper,down,1
R_m0001_L010_W00025,through,upper,down,1
R_m0001_L010_W00026,through,upper,down,1
R_m0001_L010_W00027,through,upper,down,1
R_m0001_L010_W00028,through,upper,down,1
R_m0001_L010_W00029,through,upper,down,1
R_m0001_L010_W00030,through,upper,down,1
R_m0001_L010_W00031,through,upper,down,1
R_m0001_L010_W00032,through,upper,down,1
R_m0001_L010_W00033,through,upper,down,1
R_m0001_L010_W00034,through,upper,down,1
R_m0001_L010_W00035,through,upper,down,1
R_m0001_L010_W00036,through,upper,down,1
R_m0001_L010_W00037,through,upper,down,1
R_m0001_L010_W00038,through,upper,down,1
R_m0001_L010_W00039,through,upper,down,1
R_m0001_L010_W00040,through,upper,down,1
R_m0001_L010_W00041,through,upper,down,1
R_m0001_L010_W00042,through,upper,down,1
R_m0001_L010_W00043,through,upper,down,1
R_m0001_L010_W00044,through,upper,down,1
R_m0001_L010_W00045,through,upper,down,1
R_m0001_L010_W00046,through,upper,down,1
R_m0001_L010_W00047,through,upper,down,1
R_m0001_L010_W00048,through,upper,down,1
R_m0001_L010_W00049,through,upper,down,1
R_m0001_L010_W00050,through,upper,down,1
R_m0001_L010_W00051,through,upper,down,1
R_m0001_L010_W00052,through,upper,down,1
R_m0001_L010_W00053,through,upper,down,1
R_m0001_L010_W00054,through,upper,down,1
R_m0001_L010_W00055,through,upper,down,1
R_m0001_L010_W00056,through,upper,down,1
R_m0001_L010_W00057,through,upper,down,1
R_m0001_L010_W00058,through,upper,down,1
R_m0001_L010_W00059,through,upper,down,1
R_m0001_L010_W00060,through,upper,down,1
R_m0001_L010_W00061,through,upper,down,1
R_m0001_L010_W00062,through,upper,down,1
R_m0001_L010_W00063,through,upper,down,1
R_m0001_L010_W00064,through,upper,down,1
R_m0001_L010_W00065,through,upper,down,1
R_m0001_L010_W00066,through,upper,down,1
R_m0001_L010_W00067,through,upper,down,1
R_m0001_L010_W00068,through,upper,down,1
R_m0001_L010_W00069,through,upper,down,1
R_m0001_L010_W00070,through,upper,down,1
R_m0001_L010_W00071,through,upper,down,1
R_m0001_L010_W00072,through,upper,down,1
R_m0001_L010_W00073,through,upper,down,1
R_m0001_L010_W00074,through,upper,down,1
R_m0001_L010_W00075,through,upper,down,1
R_m0001_L010_W00076,through,upper,down,1
R_m0001_L010_W00077,through,upper,down,1
R_m0001_L010_W00078,through,upper,down,1
R_m0001_L010_W00079,through,upper,down,1
R_m0001_L010_W00080,through,upper,down,1
R_m0001_L010_W00081,through,upper,down,1
R_m0001_L010_W00082,through,upper,down,1
R_m0001_L010_W00083,through,upper,down,1
R_m0001_L010_W00084,through,upper,down,1
R_m0001_L010_W00085,through,upper,down,1
R_m0001_L010_W00086,through,upper,down,1
R_m0001_L010_W00087,through,upper,down,1
R_m0001_L010_W00088,through,upper,down,1
R_m0001_L010_W00089,through,upper,down,1
R_m0001_L010_W00090,through,upper,down,1
R_m0001_L010_W00091,through,upper,down,1
R_m0001_L010_W00092,through,upper,down,1
R_m0001_L010_W00093,through,upper,down,1
R_m0001_L010_W00094,through,upper,down,1
R_m0001_L010_W00095,through,upper,down,1
R_m0001_L010_W00096,through,upper,down,1
R_m0001_L010_W00097,through,upper,down,1
R_m0001_L010_W00098,through,upper,down,1
R_m0001_L010_W00099,through,upper,down,1
R_m0001_L010_W00100,through,upper,down,1
R_m0001_L010_W00101,through,upper,down,1
R_m0001_L010_W00102,through,upper,down,1
R_m0001_L010_W00103,through,upper,down,1
R_m0001_L010_W00104,through,upper,down,1
R_m0001_L010_W00105,through,upper,down,1
R_m0001_L010_W00106,through,upper,down,1
R_m0001_L010_W00107,through,upper,down,1
R_m0001_L010_W00108,through,upper,down,1
R_m0001_L010_W00109,through,upper,down,1
R_m0001_L010_W00110,through,upper,down,1
R_m0001_L010_W00111,through,upper,down,1
R_m0001_L010_W00112,through,upper,down,1
R_m0001_L010_W00113,through,upper,down,1
R_m0001_L010_W00114,through,upper,down,1
R_m0001_L010_W00115,through,upper,down,1
R_m0001_L010_W00116,through,upper,down,1
R_m0001_L010_W00117,through,upper,down,1
R_m0001_L010_W00118,through,upper,down,1
R_m0001_L010_W00119,through,upper,down,1
R_m0001_L010_W00120,through,upper,down,1
R_m0001_L010_W00121,through,upper,down,1
R_m0001_L010_W00122,through,upper,down,1
R_m0001_L010_W00123,through,upper,down,1
R_m0001_L010_W00124,through,upper,down,1
R_m0001_L010_W00125,through,upper,down,1
R_m0001_L010_W00126,through,upper,down,1
R_m0001_L010_W00127,through,upper,down,1
R_m0001_L011_W00000,through,upper,down,1
R_m0001_L011_W00001,through,upper,down,1
R_m0001_L011_W00002,through,upper,down,1
R_m0001_L011_W00003,through,upper,down,1
R_m0001_L011_W00004,through,upper,down,1
R_m0001_L011_W00005,through,upper,down,1
R_m0001_L011_W00006,through,upper,down,1
R_m0001_L011_W00007,through,upper,down,1
R_m0001_L011_W00008,through,upper,down,1
R_m0001_L011_W00009,through,upper,down,1
R_m0001_L011_W00010,through,upper,down,1
R_m0001_L011_W00011,through,upper,down,1
R_m0001_L011_W00012,through,upper,down,1
R_m0001_L011_W00013,through,upper,down,1
R_m0001_L011_W00014,through,upper,down,1
R_m0001_L011_W00015,through,upper,down,1
R_m0001_L011_W00016,through,upper,down,1
R_m0001_L011_W00017,through,upper,down,1
R_m0001_L011_W00018,through,upper,down,1
R_m0001_L011_W00019,through,upper,down,1
R_m0001_L011_W00020,through,upper,down,1
R_m0001_L011_W00021,through,upper,down,1
R_m0001_L011_W00022,through,upper,down,1
R_m0001_L011_W00023,through,upper,down,1
R_m0001_L011_W00024,through,upper,down,1
R_m0001_L011_W00025,through,upper,down,1
R_m0001_L011_W00026,through,upper,down,1
R_m0001_L011_W00027,through,upper,down,1
R_m0001_L011_W00028,through,upper,down,1
R_m0001_L011_W00029,through,upper,down,1
R_m0001_L011_W00030,through,upper,down,1
R_m0001_L011_W00031,through,upper,down,1
R_m0001_L011_W00032,through,upper,down,1
R_m0001_L011_W00033,through,upper,down,1
R_m0001_L011_W00034,through,upper,down,1
R_m0001_L011_W00035,through,upper,down,1
R_m0001_L011_W00036,through,upper,down,1
R_m0001_L011_W00037,through,upper,down,1
R_m0001_L011_W00038,through,upper,down,1
R_m0001_L011_W00039,through,upper,down,1
R_m0001_L011_W00040,through,upper,down,1
R_m0001_L011_W00041,through,upper,down,1
R_m0001_L011_W00042,through,upper,down,1
R_m0001_L011_W00043,through,upper,down,1
R_m0001_L011_W00044,through,upper,down,1
R_m0001_L011_W00045,through,upper,down,1
R_m0001_L011_W00046,through,upper,down,1
R_m0001_L011_W00047,through,upper,down,1
R_m0001_L011_W00048,through,upper,down,1
R_m0001_L011_W00049,through,upper,down,1
R_m0001_L011_W00050,through,upper,down,1
R_m0001_L011_W00051,through,upper,down,1
R_m0001_L011_W00052,through,upper,down,1
R_m0001_L011_W00053,through,upper,down,1
R_m0001_L011_W00054,through,upper,down,1
R_m0001_L011_W00055,through,upper,down,1
R_m0001_L011_W00056,through,upper,down,1
R_m0001_L011_W00057,through,upper,down,1
R_m0001_L011_W00058,through,upper,down,1
R_m0001_L011_W00059,through,upper,down,1
R_m0001_L011_W00060,through,upper,down,1
R_m0001_L011_W00061,through,upper,down,1
R_m0001_L011_W00062,through,upper,down,1
R_m0001_L011_W00063,through,upper,down,1
R_m0001_L011_W00064,through,upper,down,1
R_m0001_L011_W00065,through,upper,down,1
R_m0001_L011_W00066,through,upper,down,1
R_m0001_L011_W00067,through,upper,down,1
R_m0001_L011_W00068,through,upper,down,1
R_m0001_L011_W00069,through,upper,down,1
R_m0001_L011_W00070,through,upper,down,1
R_m0001_L011_W00071,through,upper,down,1
R_m0001_L011_W00072,through,upper,down,1
R_m0001_L011_W00073,through,upper,down,1
R_m0001_L011_W00074,through,upper,down,1
R_m0001_L011_W00075,through,upper,down,1
R_m0001_L011_W00076,through,upper,down,1
R_m0001_L011_W00077,through,upper,down,1
R_m0001_L011_W00078,through,upper,down,1
R_m0001_L011_W00079,through,upper,down,1
R_m0001_L011_W00080,through,upper,down,1
R_m0001_L011_W00081,through,upper,down,1
R_m0001_L011_W00082,through,upper,down,1
R_m0001_L011_W00083,through,upper,down,1
R_m0001_L011_W00084,through,upper,down,1
R_m0001_L011_W00085,through,upper,down,1
R_m0001_L011_W00086,through,upper,down,1
R_m0001_L011_W00087,through,upper,down,1
R_m0001_L011_W00088,through,upper,down,1
R_m0001_L011_W00089,through,upper,down,1
R_m0001_L011_W00090,through,upper,down,1
R_m0001_L011_W00091,through,upper,down,1
R_m0001_L011_W00092,through,upper,down,1
R_m0001_L011_W00093,through,upper,down,1
R_m0001_L011_W00094,through,upper,down,1
R_m0001_L011_W00095,through,upper,down,1
R_m0001_L011_W00096,through,upper,down,1
R_m0001_L011_W00097,through,upper,down,1
R_m0001_L011_W00098,through,upper,down,1
R_m0001_L011_W00099,through,upper,down,1
R_m0001_L011_W00100,through,upper,down,1
R_m0001_L011_W00101,through,upper,down,1
R_m0001_L011_W00102,through,upper,down,1
R_m0001_L011_W00103,through,upper,down,1
R_m0001_L011_W00104,through,upper,down,1
R_m0001_L011_W00105,through,upper,down,1
R_m0001_L011_W00106,through,upper,down,1
R_m0001_L011_W00107,through,upper,down,1
R_m0001_L011_W00108,through,upper,down,1
R_m0001_L011_W00109,through,upper,down,1
R_m0001_L011_W00110,through,upper,down,1
R_m0001_L011_W00111,through,upper,down,1
R_m0001_L011_W00112,through,upper,down,1
R_m0001_L011_W00113,through,upper,down,1
R_m0001_L011_W00114,through,upper,down,1
R_m0001_L011_W00115,through,upper,down,1
R_m0001_L011_W00116,through,upper,down,1
R_m0001_L011_W00117,through,upper,down,1
R_m0001_L011_W00118,through,upper,down,1
R_m0001_L011_W00119,through,upper,down,1
R_m0001_L011_W00120,through,upper,down,1
R_m0001_L011_W00121,through,upper,down,1
R_m0001_L011_W00122,through,upper,down,1
R_m0001_L011_W00123,through,upper,down,1
R_m0001_L011_W00124,through,upper,down,1
R_m0001_L011_W00125,through,upper,down,1
R_m0001_L011_W00126,through,upper,down,1
R_m0001_L011_W00127,through,upper,down,1
R_m0001_L012_W00000,through,upper,down,1
R_m0001_L012_W00001,through,upper,down,1
R_m0001_L012_W00002,through,upper,down,1
R_m0001_L012_W00003,through,upper,down,1
R_m0001_L012_W00004,through,upper,down,1
R_m0001_L012_W00005,through,upper,down,1
R_m0001_L012_W00006,through,upper,down,1
R_m0001_L012_W00007,through,upper,down,1
R_m0001_L012_W00008,through,upper,down,1
R_m0001_L012_W00009,through,upper,down,1
R_m0001_L012_W00010,through,upper,down,1
R_m0001_L012_W00011,through,upper,down,1
R_m0001_L012_W00012,through,upper,down,1
R_m0001_L012_W00013,through,upper,down,1
R_m0001_L012_W00014,through,upper,down,1
R_m0001_L012_W00015,through,upper,down,1
R_m0001_L012_W00016,through,upper,down,1
R_m0001_L012_W00017,through,upper,down,1
R_m0001_L012_W00018,through,upper,down,1
R_m0001_L012_W00019,through,upper,down,1
R_m0001_L012_W00020,through,upper,down,1
R_m0001_L012_W00021,through,upper,down,1
R_m0001_L012_W00022,through,upper,down,1
R_m0001_L012_W00023,through,upper,down,1
R_m0001_L012_W00024,through,upper,down,1
R_m0001_L012_W00025,through,upper,down,1
R_m0001_L012_W00026,through,upper,down,1
R_m0001_L012_W00027,through,upper,down,1
R_m0001_L012_W00028,through,upper,down,1
R_m0001_L012_W00029,through,upper,down,1
R_m0001_L012_W00030,through,upper,down,1
R_m0001_L012_W00031,through,upper,down,1
R_m0001_L012_W00032,through,upper,down,1
R_m0001_L012_W00033,through,upper,down,1
R_m0001_L012_W00034,through,upper,down,1
R_m0001_L012_W00035,through,upper,down,1
R_m0001_L012_W00036,through,upper,down,1
R_m0001_L012_W00037,through,upper,down,1
R_m0001_L012_W00038,through,upper,down,1
R_m0001_L012_W00039,through,upper,down,1
R_m0001_L012_W00040,through,upper,down,1
R_m0001_L012_W00041,through,upper,down,1
R_m0001_L012_W00042,through,upper,down,1
R_m0001_L012_W00043,through,upper,down,1
R_m0001_L012_W00044,through,upper,down,1
R_m0001_L012_W00045,through,upper,down,1
R_m0001_L012_W00046,through,upper,down,1
R_m0001_L012_W00047,through,upper,down,1
R_m0001_L012_W00048,through,upper,down,1
R_m0001_L012_W00049,through,upper,down,1
R_m0001_L012_W00050,through,upper,down,1
R_m0001_L012_W00051,through,upper,down,1
R_m0001_L012_W00052,through,upper,down,1
R_m0001_L012_W00053,through,upper,down,1
R_m0001_L012_W00054,through,upper,down,1
R_m0001_L012_W00055,through,upper,down,1
R_m0001_L012_W00056,through,upper,down,1
R_m0001_L012_W00057,through,upper,down,1
R_m0001_L012_W00058,through,upper,down,1
R_m0001_L012_W00059,through,upper,down,1
R_m0001_L012_W00060,through,upper,down,1
R_m0001_L012_W00061,through,upper,down,1
R_m0001_L012_W00062,through,upper,down,1
R_m0001_L012_W00063,through,upper,down,1
R_m0001_L012_W00064,through,upper,down,1
R_m0001_L012_W00065,through,upper,down,1
R_m0001_L012_W00066,through,upper,down,1
R_m0001_L012_W00067,through,upper,down,1
R_m0001_L012_W00068,through,upper,down,1
R_m0001_L012_W00069,through,upper,down,1
R_m0001_L012_W00070,through,upper,down,1
R_m0001_L012_W00071,through,upper,down,1
R_m0001_L012_W00072,through,upper,down,1
R_m0001_L012_W00073,through,upper,down,1
R_m0001_L012_W00074,through,upper,down,1
R_m0001_L012_W00075,through,upper,down,1
R_m0001_L012_W00076,through,upper,down,1
R_m0001_L012_W00077,through,upper,down,1
R_m0001_L012_W00078,through,upper,down,1
R_m0001_L012_W00079,through,upper,down,1
R_m0001_L012_W00080,through,upper,down,1
R_m0001_L012_W00081,through,upper,down,1
R_m0001_L012_W00082,through,upper,down,1
R_m0001_L012_W00083,through,upper,down,1
R_m0001_L012_W00084,through,upper,down,1
R_m0001_L012_W00085,through,upper,down,1
R_m0001_L012_W00086,through,upper,down,1
R_m0001_L012_W00087,through,upper,down,1
R_m0001_L012_W00088,through,upper,down,1
R_m0001_L012_W00089,through,upper,down,1
R_m0001_L012_W00090,through,upper,down,1
R_m0001_L012_W00091,through,upper,down,1
R_m0001_L012_W00092,through,upper,down,1
R_m0001_L012_W00093,through,upper,down,1
R_m0001_L012_W00094,through,upper,down,1
R_m0001_L012_W00095,through,upper,down,1
R_m0001_L012_W00096,through,upper,down,1
R_m0001_L012_W00097,through,upper,down,1
R_m0001_L012_W00098,through,upper,down,1
R_m0001_L012_W00099,through,upper,down,1
R_m0001_L012_W00100,through,upper,down,1
R_m0001_L012_W00101,through,upper,down,1
R_m0001_L012_W00102,through,upper,down,1
R_m0001_L012_W00103,through,upper,down,1
R_m0001_L012_W00104,through,upper,down,1
R_m0001_L012_W00105,through,upper,down,1
R_m0001_L012_W00106,through,upper,down,1
R_m0001_L012_W00107,through,upper,down,1
R_m0001_L012_W00108,through,upper,down,1
R_m0001_L012_W00109,through,upper,down,1
R_m0001_L012_W00110,through,upper,down,1
R_m0001_L012_W00111,through,upper,down,1
R_m0001_L012_W00112,through,upper,down,1
R_m0001_L012_W00113,through,upper,down,1
R_m0001_L012_W00114,through,upper,down,1
R_m0001_L012_W00115,through,upper,down,1
R_m0001_L012_W00116,through,upper,down,1
R_m0001_L012_W00117,through,upper,down,1
R_m0001_L012_W00118,through,upper,down,1
R_m0001_L012_W00119,through,upper,down,1
R_m0001_L012_W00120,through,upper,down,1
R_m0001_L012_W00121,through,upper,down,1
R_m0001_L012_W00122,through,upper,down,1
R_m0001_L012_W00123,through,upper,down,1
R_m0001_L012_W00124,through,upper,down,1
R_m0001_L012_W00125,through,upper,down,1
R_m0001_L012_W00126,through,upper,down,1
R_m0001_L012_W00127,through,upper,down,1
R_m0002_L001_W00000,through,upper,down,2
R_m0002_L001_W00001,through,upper,down,2
R_m0002_L001_W00002,through,upper,down,2
R_m0002_L001_W00003,through,upper,down,2
R_m0002_L001_W00004,through,upper,down,2
R_m0002_L001_W00005,through,upper,down,2
R_m0002_L001_W00006,through,upper,down,2
R_m0002_L001_W00007,through,upper,down,2
R_m0002_L001_W00008,through,upper,down,2
R_m0002_L001_W00009,through,upper,down,2
R_m0002_L001_W00010,through,upper,down,2
R_m0002_L001_W00011,through,upper,down,2
R_m0002_L001_W00012,through,upper,down,2
R_m0002_L001_W00013,through,upper,down,2
R_m0002_L001_W00014,through,upper,down,2
R_m0002_L001_W00015,through,upper,down,2
R_m0002_L001_W00016,through,upper,down,2
R_m0002_L001_W00017,through,upper,down,2
R_m0002_L001_W00018,through,upper,down,2
R_m0002_L001_W00019,through,upper,down,2
R_m0002_L001_W00020,through,upper,down,2
R_m0002_L001_W00021,through,upper,down,2
R_m0002_L001_W00022,through,upper,down,2
R_m0002_L001_W00023,through,upper,down,2
R_m0002_L001_W00024,through,upper,down,2
R_m0002_L001_W00025,through,upper,down,2
R_m0002_L001_W00026,through,upper,down,2
R_m0002_L001_W00027,through,upper,down,2
R_m0002_L001_W00028,through,upper,down,2
R_m0002_L001_W00029,through,upper,down,2
R_m0002_L001_W00030,through,upper,down,2
R_m0002_L001_W00031,through,upper,down,2
R_m0002_L001_W00032,through,upper,down,2
R_m0002_L001_W00033,through,upper,down,2
R_m0002_L001_W00034,through,upper,down,2
R_m0002_L001_W00035,through,upper,down,2
R_m0002_L001_W00036,through,upper,down,2
R_m0002_L001_W00037,through,upper,down,2
R_m0002_L001_W00038,through,upper,down,2
R_m0002_L001_W00039,through,upper,down,2
R_m0002_L001_W00040,through,upper,down,2
R_m0002_L001_W00041,through,upper,down,2
R_m0002_L001_W00042,through,upper,down,2
R_m0002_L001_W00043,through,upper,down,2
R_m0002_L001_W00044,through,upper,down,2
R_m0002_L001_W00045,through,upper,down,2
R_m0002_L001_W00046,through,upper,down,2
R_m0002_L001_W00047,through,upper,down,2
R_m0002_L001_W00048,through,upper,down,2
R_m0002_L001_W00049,through,upper,down,2
R_m0002_L001_W00050,through,upper,down,2
R_m0002_L001_W00051,through,upper,down,2
R_m0002_L001_W00052,through,upper,down,2
R_m0002_L001_W00053,through,upper,down,2
R_m0002_L001_W00054,through,upper,down,2
R_m0002_L001_W00055,through,upper,down,2
R_m0002_L001_W00056,through,upper,down,2
R_m0002_L001_W00057,through,upper,down,2
R_m0002_L001_W00058,through,upper,down,2
R_m0002_L001_W00059,through,upper,down,2
R_m0002_L001_W00060,through,upper,down,2
R_m0002_L001_W00061,through,upper,down,2
R_m0002_L001_W00062,through,upper,down,2
R_m0002_L001_W00063,through,upper,down,2
R_m0002_L001_W00064,through,upper,down,2
R_m0002_L001_W00065,through,upper,down,2
R_m0002_L001_W00066,through,upper,down,2
R_m0002_L001_W00067,through,upper,down,2
R_m0002_L001_W00068,through,upper,down,2
R_m0002_L001_W00069,through,upper,down,2
R_m0002_L001_W00070,through,upper,down,2
R_m0002_L001_W00071,through,upper,down,2
R_m0002_L001_W00072,through,upper,down,2
R_m0002_L001_W00073,through,upper,down,2
R_m0002_L001_W00074,through,upper,down,2
R_m0002_L001_W00075,through,upper,down,2
R_m0002_L001_W00076,through,upper,down,2
R_m0002_L001_W00077,through,upper,down,2
R_m0002_L001_W00078,through,upper,down,2
R_m0002_L001_W00079,through,upper,down,2
R_m0002_L001_W00080,through,upper,down,2
R_m0002_L001_W00081,through,upper,down,2
R_m0002_L001_W00082,through,upper,down,2
R_m0002_L001_W00083,through,upper,down,2
R_m0002_L001_W00084,through,upper,down,2
R_m0002_L001_W00085,through,upper,down,2
R_m0002_L001_W00086,through,upper,down,2
R_m0002_L001_W00087,through,upper,down,2
R_m0002_L001_W00088,through,upper,down,2
R_m0002_L001_W00089,through,upper,down,2
R_m0002_L001_W00090,through,upper,down,2
R_m0002_L001_W00091,through,upper,down,2
R_m0002_L001_W00092,through,upper,down,2
R_m0002_L001_W00093,through,upper,down,2
R_m0002_L001_W00094,through,upper,down,2
R_m0002_L001_W00095,through,upper,down,2
R_m0002_L001_W00096,through,upper,down,2
R_m0002_L001_W00097,through,upper,down,2
R_m0002_L001_W00098,through,upper,down,2
R_m0002_L001_W00099,through,upper,down,2
R_m0002_L001_W00100,through,upper,down,2
R_m0002_L001_W00101,through,upper,down,2
R_m0002_L001_W00102,through,upper,down,2
R_m0002_L001_W00103,through,upper,down,2
R_m0002_L001_W00104,through,upper,down,2
R_m0002_L001_W00105,through,upper,down,2
R_m0002_L001_W00106,through,upper,down,2
R_m0002_L001_W00107,through,upper,down,2
R_m0002_L001_W00108,through,upper,down,2
R_m0002_L001_W00109,through,upper,down,2
R_m0002_L001_W00110,through,upper,down,2
R_m0002_L001_W00111,through,upper,down,2
R_m0002_L001_W00112,through,upper,down,2
R_m0002_L001_W00113,through,upper,down,2
R_m0002_L001_W00114,through,upper,down,2
R_m0002_L001_W00115,through,upper,down,2
R_m0002_L001_W00116,through,upper,down,2
R_m0002_L001_W00117,through,upper,down,2
R_m0002_L001_W00118,through,upper,down,2
R_m0002_L001_W00119,through,upper,down,2
R_m0002_L001_W00120,through,upper,down,2
R_m0002_L001_W00121,through,upper,down,2
R_m0002_L001_W00122,through,upper,down,2
R_m0002_L001_W00123,through,upper,down,2
R_m0002_L001_W00124,through,upper,down,2
R_m0002_L001_W00125,through,upper,down,2
R_m0002_L001_W00126,through,upper,down,2
R_m0002_L001_W00127,through,upper,down,2
R_m0002_L002_W00000,through,upper,down,2
R_m0002_L002_W00001,through,upper,down,2
R_m0002_L002_W00002,through,upper,down,2
R_m0002_L002_W00003,through,upper,down,2
R_m0002_L002_W00004,through,upper,down,2
R_m0002_L002_W00005,through,upper,down,2
R_m0002_L002_W00006,through,upper,down,2
R_m0002_L002_W00007,through,upper,down,2
R_m0002_L002_W00008,through,upper,down,2
R_m0002_L002_W00009,through,upper,down,2
R_m0002_L002_W00010,through,upper,down,2
R_m0002_L002_W00011,through,upper,down,2
R_m0002_L002_W00012,through,upper,down,2
R_m0002_L002_W00013,through,upper,down,2
R_m0002_L002_W00014,through,upper,down,2
R_m0002_L002_W00015,through,upper,down,2
R_m0002_L002_W00016,through,upper,down,2
R_m0002_L002_W00017,through,upper,down,2
R_m0002_L002_W00018,through,upper,down,2
R_m0002_L002_W00019,through,upper,down,2
R_m0002_L002_W00020,through,upper,down,2
R_m0002_L002_W00021,through,upper,down,2
R_m0002_L002_W00022,through,upper,down,2
R_m0002_L002_W00023,through,upper,down,2
R_m0002_L002_W00024,through,upper,down,2
R_m0002_L002_W00025,through,upper,down,2
R_m0002_L002_W00026,through,upper,down,2
R_m0002_L002_W00027,through,upper,down,2
R_m0002_L002_W00028,through,upper,down,2
R_m0002_L002_W00029,through,upper,down,2
R_m0002_L002_W00030,through,upper,down,2
R_m0002_L002_W00031,through,upper,down,2
R_m0002_L002_W00032,through,upper,down,2
R_m0002_L002_W00033,through,upper,down,2
R_m0002_L002_W00034,through,upper,down,2
R_m0002_L002_W00035,through,upper,down,2
R_m0002_L002_W00036,through,upper,down,2
R_m0002_L002_W00037,through,upper,down,2
R_m0002_L002_W00038,through,upper,down,2
R_m0002_L002_W00039,through,upper,down,2
R_m0002_L002_W00040,through,upper,down,2
R_m0002_L002_W00041,through,upper,down,2
R_m0002_L002_W00042,through,upper,down,2
R_m0002_L002_W00043,through,upper,down,2
R_m0002_L002_W00044,through,upper,down,2
R_m0002_L002_W00045,through,upper,down,2
R_m0002_L002_W00046,through,upper,down,2
R_m0002_L002_W00047,through,upper,down,2
R_m0002_L002_W00048,through,upper,down,2
R_m0002_L002_W00049,through,upper,down,2
R_m0002_L002_W00050,through,upper,down,2
R_m0002_L002_W00051,through,upper,down,2
R_m0002_L002_W00052,through,upper,down,2
R_m0002_L002_W00053,through,upper,down,2
R_m0002_L002_W00054,through,upper,down,2
R_m0002_L002_W00055,through,upper,down,2
R_m0002_L002_W00056,through,upper,down,2
R_m0002_L002_W00057,through,upper,down,2
R_m0002_L002_W00058,through,upper,down,2
R_m0002_L002_W00059,through,upper,down,2
R_m0002_L002_W00060,through,upper,down,2
R_m0002_L002_W00061,through,upper,down,2
R_m0002_L002_W00062,through,upper,down,2
R_m0002_L002_W00063,through,upper,down,2
R_m0002_L002_W00064,through,upper,down,2
R_m0002_L002_W00065,through,upper,down,2
R_m0002_L002_W00066,through,upper,down,2
R_m0002_L002_W00067,through,upper,down,2
R_m0002_L002_W00068,through,upper,down,2
R_m0002_L002_W00069,through,upper,down,2
R_m0002_L002_W00070,through,upper,down,2
R_m0002_L002_W00071,through,upper,down,2
R_m0002_L002_W00072,through,upper,down,2
R_m0002_L002_W00073,through,upper,down,2
R_m0002_L002_W00074,through,upper,down,2
R_m0002_L002_W00075,through,upper,down,2
R_m0002_L002_W00076,through,upper,down,2
R_m0002_L002_W00077,through,upper,down,2
R_m0002_L002_W00078,through,upper,down,2
R_m0002_L002_W00079,through,upper,down,2
R_m0002_L002_W00080,through,upper,down,2
R_m0002_L002_W00081,through,upper,down,2
R_m0002_L002_W00082,through,upper,down,2
R_m0002_L002_W00083,through,upper,down,2
R_m0002_L002_W00084,through,upper,down,2
R_m0002_L002_W00085,through,upper,down,2
R_m0002_L002_W00086,through,upper,down,2
R_m0002_L002_W00087,through,upper,down,2
R_m0002_L002_W00088,through,upper,down,2
R_m0002_L002_W00089,through,upper,down,2
R_m0002_L002_W00090,through,upper,down,2
R_m0002_L002_W00091,through,upper,down,2
R_m0002_L002_W00092,through,upper,down,2
R_m0002_L002_W00093,through,upper,down,2
R_m0002_L002_W00094,through,upper,down,2
R_m0002_L002_W00095,through,upper,down,2
R_m0002_L002_W00096,through,upper,down,2
R_m0002_L002_W00097,through,upper,down,2
R_m0002_L002_W00098,through,upper,down,2
R_m0002_L002_W00099,through,upper,down,2
R_m0002_L002_W00100,through,upper,down,2
R_m0002_L002_W00101,through,upper,down,2
R_m0002_L002_W00102,through,upper,down,2
R_m0002_L002_W00103,through,upper,down,2
R_m0002_L002_W00104,through,upper,down,2
R_m0002_L002_W00105,through,upper,down,2
R_m0002_L002_W00106,through,upper,down,2
R_m0002_L002_W00107,through,upper,down,2
R_m0002_L002_W00108,through,upper,down,2
R_m0002_L002_W00109,through,upper,down,2
R_m0002_L002_W00110,through,upper,down,2
R_m0002_L002_W00111,through,upper,down,2
R_m0002_L002_W00112,through,upper,down,2
R_m0002_L002_W00113,through,upper,down,2
R_m0002_L002_W00114,through,upper,down,2
R_m0002_L002_W00115,through,upper,down,2
R_m0002_L002_W00116,through,upper,down,2
R_m0002_L002_W00117,through,upper,down,2
R_m0002_L002_W00118,through,upper,down,2
R_m0002_L002_W00119,through,upper,down,2
R_m0002_L002_W00120,through,upper,down,2
R_m0002_L002_W00121,through,upper,down,2
R_m0002_L002_W00122,through,upper,down,2
R_m0002_L002_W00123,through,upper,down,2
R_m0002_L002_W00124,through,upper,down,2
R_m0002_L002_W00125,through,upper,down,2
R_m0002_L002_W00126,through,upper,down,2
R_m0002_L002_W00127,through,upper,down,2
R_m0002_L003_W00000,through,upper,down,2
R_m0002_L003_W00001,through,upper,down,2
R_m0002_L003_W00002,through,upper,down,2
R_m0002_L003_W00003,through,upper,down,2
R_m0002_L003_W00004,through,upper,down,2
R_m0002_L003_W00005,through,upper,down,2
R_m0002_L003_W00006,through,upper,down,2
R_m0002_L003_W00007,through,upper,down,2
R_m0002_L003_W00008,through,upper,down,2
R_m0002_L003_W00009,through,upper,down,2
R_m0002_L003_W00010,through,upper,down,2
R_m0002_L003_W00011,through,upper,down,2
R_m0002_L003_W00012,through,upper,down,2
R_m0002_L003_W00013,through,upper,down,2
R_m0002_L003_W00014,through,upper,down,2
R_m0002_L003_W00015,through,upper,down,2
R_m0002_L003_W00016,through,upper,down,2
R_m0002_L003_W00017,through,upper,down,2
R_m0002_L003_W00018,through,upper,down,2
R_m0002_L003_W00019,through,upper,down,2
R_m0002_L003_W00020,through,upper,down,2
R_m0002_L003_W00021,through,upper,down,2
R_m0002_L003_W00022,through,upper,down,2
R_m0002_L003_W00023,through,upper,down,2
R_m0002_L003_W00024,through,upper,down,2
R_m0002_L003_W00025,through,upper,down,2
R_m0002_L003_W00026,through,upper,down,2
R_m0002_L003_W00027,through,upper,down,2
R_m0002_L003_W00028,through,upper,down,2
R_m0002_L003_W00029,through,upper,down,2
R_m0002_L003_W00030,through,upper,down,2
R_m0002_L003_W00031,through,upper,down,2
R_m0002_L003_W00032,through,upper,down,2
R_m0002_L003_W00033,through,upper,down,2
R_m0002_L003_W00034,through,upper,down,2
R_m0002_L003_W00035,through,upper,down,2
R_m0002_L003_W00036,through,upper,down,2
R_m0002_L003_W00037,through,upper,down,2
R_m0002_L003_W00038,through,upper,down,2
R_m0002_L003_W00039,through,upper,down,2
R_m0002_L003_W00040,through,upper,down,2
R_m0002_L003_W00041,through,upper,down,2
R_m0002_L003_W00042,through,upper,down,2
R_m0002_L003_W00043,through,upper,down,2
R_m0002_L003_W00044,through,upper,down,2
R_m0002_L003_W00045,through,upper,down,2
R_m0002_L003_W00046,through,upper,down,2
R_m0002_L003_W00047,through,upper,down,2
R_m0002_L003_W00048,through,upper,down,2
R_m0002_L003_W00049,through,upper,down,2
R_m0002_L003_W00050,through,upper,down,2
R_m0002_L003_W00051,through,upper,down,2
R_m0002_L003_W00052,through,upper,down,2
R_m0002_L003_W00053,through,upper,down,2
R_m0002_L003_W00054,through,upper,down,2
R_m0002_L003_W00055,through,upper,down,2
R_m0002_L003_W00056,through,upper,down,2
R_m0002_L003_W00057,through,upper,down,2
R_m0002_L003_W00058,through,upper,down,2
R_m0002_L003_W00059,through,upper,down,2
R_m0002_L003_W00060,through,upper,down,2
R_m0002_L003_W00061,through,upper,down,2
R_m0002_L003_W00062,through,upper,down,2
R_m0002_L003_W00063,through,upper,down,2
R_m0002_L003_W00064,through,upper,down,2
R_m0002_L003_W00065,through,upper,down,2
R_m0002_L003_W00066,through,upper,down,2
R_m0002_L003_W00067,through,upper,down,2
R_m0002_L003_W00068,through,upper,down,2
R_m0002_L003_W00069,through,upper,down,2
R_m0002_L003_W00070,through,upper,down,2
R_m0002_L003_W00071,through,upper,down,2
R_m0002_L003_W00072,through,upper,down,2
R_m0002_L003_W00073,through,upper,down,2
R_m0002_L003_W00074,through,upper,down,2
R_m0002_L003_W00075,through,upper,down,2
R_m0002_L003_W00076,through,upper,down,2
R_m0002_L003_W00077,through,upper,down,2
R_m0002_L003_W00078,through,upper,down,2
R_m0002_L003_W00079,through,upper,down,2
R_m0002_L003_W00080,through,upper,down,2
R_m0002_L003_W00081,through,upper,down,2
R_m0002_L003_W00082,through,upper,down,2
R_m0002_L003_W00083,through,upper,down,2
R_m0002_L003_W00084,through,upper,down,2
R_m0002_L003_W00085,through,upper,down,2
R_m0002_L003_W00086,through,upper,down,2
R_m0002_L003_W00087,through,upper,down,2
R_m0002_L003_W00088,through,upper,down,2
R_m0002_L003_W00089,through,upper,down,2
R_m0002_L003_W00090,through,upper,down,2
R_m0002_L003_W00091,through,upper,down,2
R_m0002_L003_W00092,through,upper,down,2
R_m0002_L003_W00093,through,upper,down,2
R_m0002_L003_W00094,through,upper,down,2
R_m0002_L003_W00095,through,upper,down,2
R_m0002_L003_W00096,through,upper,down,2
R_m0002_L003_W00097,through,upper,down,2
R_m0002_L003_W00098,through,upper,down,2
R_m0002_L003_W00099,through,upper,down,2
R_m0002_L003_W00100,through,upper,down,2
R_m0002_L003_W00101,through,upper,down,2
R_m0002_L003_W00102,through,upper,down,2
R_m0002_L003_W00103,through,upper,down,2
R_m0002_L003_W00104,through,upper,down,2
R_m0002_L003_W00105,through,upper,down,2
R_m0002_L003_W00106,through,upper,down,2
R_m0002_L003_W00107,through,upper,down,2
R_m0002_L003_W00108,through,upper,down,2
R_m0002_L003_W00109,through,upper,down,2
R_m0002_L003_W00110,through,upper,down,2
R_m0002_L003_W00111,through,upper,down,2
R_m0002_L003_W00112,through,upper,down,2
R_m0002_L003_W00113,through,upper,down,2
R_m0002_L003_W00114,through,upper,down,2
R_m0002_L003_W00115,through,upper,down,2
R_m0002_L003_W00116,through,upper,down,2
R_m0002_L003_W00117,through,upper,down,2
R_m0002_L003_W00118,through,upper,down,2
R_m0002_L003_W00119,through,upper,down,2
R_m0002_L003_W00120,through,upper,down,2
R_m0002_L003_W00121,through,upper,down,2
R_m0002_L003_W00122,through,upper,down,2
R_m0002_L003_W00123,through,upper,down,2
R_m0002_L003_W00124,through,upper,down,2
R_m0002_L003_W00125,through,upper,down,2
R_m0002_L003_W00126,through,upper,down,2
R_m0002_L003_W00127,through,upper,down,2
R_m0002_L004_W00000,through,upper,down,2
R_m0002_L004_W00001,through,upper,down,2
R_m0002_L004_W00002,through,upper,down,2
R_m0002_L004_W00003,through,upper,down,2
R_m0002_L004_W00004,through,upper,down,2
R_m0002_L004_W00005,through,upper,down,2
R_m0002_L004_W00006,through,upper,down,2
R_m0002_L004_W00007,through,upper,down,2
R_m0002_L004_W00008,through,upper,down,2
R_m0002_L004_W00009,through,upper,down,2
R_m0002_L004_W00010,through,upper,down,2
R_m0002_L004_W00011,through,upper,down,2
R_m0002_L004_W00012,through,upper,down,2
R_m0002_L004_W00013,through,upper,down,2
R_m0002_L004_W00014,through,upper,down,2
R_m0002_L004_W00015,through,upper,down,2
R_m0002_L004_W00016,through,upper,down,2
R_m0002_L004_W00017,through,upper,down,2
R_m0002_L004_W00018,through,upper,down,2
R_m0002_L004_W00019,through,upper,down,2
R_m0002_L004_W00020,through,upper,down,2
R_m0002_L004_W00021,through,upper,down,2
R_m0002_L004_W00022,through,upper,down,2
R_m0002_L004_W00023,through,upper,down,2
R_m0002_L004_W00024,through,upper,down,2
R_m0002_L004_W00025,through,upper,down,2
R_m0002_L004_W00026,through,upper,down,2
R_m0002_L004_W00027,through,upper,down,2
R_m0002_L004_W00028,through,upper,down,2
R_m0002_L004_W00029,through,upper,down,2
R_m0002_L004_W00030,through,upper,down,2
R_m0002_L004_W00031,through,upper,down,2
R_m0002_L004_W00032,through,upper,down,2
R_m0002_L004_W00033,through,upper,down,2
R_m0002_L004_W00034,through,upper,down,2
R_m0002_L004_W00035,through,upper,down,2
R_m0002_L004_W00036,through,upper,down,2
R_m0002_L004_W00037,through,upper,down,2
R_m0002_L004_W00038,through,upper,down,2
R_m0002_L004_W00039,through,upper,down,2
R_m0002_L004_W00040,through,upper,down,2
R_m0002_L004_W00041,through,upper,down,2
R_m0002_L004_W00042,through,upper,down,2
R_m0002_L004_W00043,through,upper,down,2
R_m0002_L004_W00044,through,upper,down,2
R_m0002_L004_W00045,through,upper,down,2
R_m0002_L004_W00046,through,upper,down,2
R_m0002_L004_W00047,through,upper,down,2
R_m0002_L004_W00048,through,upper,down,2
R_m0002_L004_W00049,through,upper,down,2
R_m0002_L004_W00050,through,upper,down,2
R_m0002_L004_W00051,through,upper,down,2
R_m0002_L004_W00052,through,upper,down,2
R_m0002_L004_W00053,through,upper,down,2
R_m0002_L004_W00054,through,upper,down,2
R_m0002_L004_W00055,through,upper,down,2
R_m0002_L004_W00056,through,upper,down,2
R_m0002_L004_W00057,through,upper,down,2
R_m0002_L004_W00058,through,upper,down,2
R_m0002_L004_W00059,through,upper,down,2
R_m0002_L004_W00060,through,upper,down,2
R_m0002_L004_W00061,through,upper,down,2
R_m0002_L004_W00062,through,upper,down,2
R_m0002_L004_W00063,through,upper,down,2
R_m0002_L004_W00064,through,upper,down,2
R_m0002_L004_W00065,through,upper,down,2
R_m0002_L004_W00066,through,upper,down,2
R_m0002_L004_W00067,through,upper,down,2
R_m0002_L004_W00068,through,upper,down,2
R_m0002_L004_W00069,through,upper,down,2
R_m0002_L004_W00070,through,upper,down,2
R_m0002_L004_W00071,through,upper,down,2
R_m0002_L004_W00072,through,upper,down,2
R_m0002_L004_W00073,through,upper,down,2
R_m0002_L004_W00074,through,upper,down,2
R_m0002_L004_W00075,through,upper,down,2
R_m0002_L004_W00076,through,upper,down,2
R_m0002_L004_W00077,through,upper,down,2
R_m0002_L004_W00078,through,upper,down,2
R_m0002_L004_W00079,through,upper,down,2
R_m0002_L004_W00080,through,upper,down,2
R_m0002_L004_W00081,through,upper,down,2
R_m0002_L004_W00082,through,upper,down,2
R_m0002_L004_W00083,through,upper,down,2
R_m0002_L004_W00084,through,upper,down,2
R_m0002_L004_W00085,through,upper,down,2
R_m0002_L004_W00086,through,upper,down,2
R_m0002_L004_W00087,through,upper,down,2
R_m0002_L004_W00088,through,upper,down,2
R_m0002_L004_W00089,through,upper,down,2
R_m0002_L004_W00090,through,upper,down,2
R_m0002_L004_W00091,through,upper,down,2
R_m0002_L004_W00092,through,upper,down,2
R_m0002_L004_W00093,through,upper,down,2
R_m0002_L004_W00094,through,upper,down,2
R_m0002_L004_W00095,through,upper,down,2
R_m0002_L004_W00096,through,upper,down,2
R_m0002_L004_W00097,through,upper,down,2
R_m0002_L004_W00098,through,upper,down,2
R_m0002_L004_W00099,through,upper,down,2
R_m0002_L004_W00100,through,upper,down,2
R_m0002_L004_W00101,through,upper,down,2
R_m0002_L004_W00102,through,upper,down,2
R_m0002_L004_W00103,through,upper,down,2
R_m0002_L004_W00104,through,upper,down,2
R_m0002_L004_W00105,through,upper,down,2
R_m0002_L004_W00106,through,upper,down,2
R_m0002_L004_W00107,through,upper,down,2
R_m0002_L004_W00108,through,upper,down,2
R_m0002_L004_W00109,through,upper,down,2
R_m0002_L004_W00110,through,upper,down,2
R_m0002_L004_W00111,through,upper,down,2
R_m0002_L004_W00112,through,upper,down,2
R_m0002_L004_W00113,through,upper,down,2
R_m0002_L004_W00114,through,upper,down,2
R_m0002_L004_W00115,through,upper,down,2
R_m0002_L004_W00116,through,upper,down,2
R_m0002_L004_W00117,through,upper,down,2
R_m0002_L004_W00118,through,upper,down,2
R_m0002_L004_W00119,through,upper,down,2
R_m0002_L004_W00120,through,upper,down,2
R_m0002_L004_W00121,through,upper,down,2
R_m0002_L004_W00122,through,upper,down,2
R_m0002_L004_W00123,through,upper,down,2
R_m0002_L004_W00124,through,upper,down,2
R_m0002_L004_W00125,through,upper,down,2
R_m0002_L004_W00126,through,upper,down,2
R_m0002_L004_W00127,through,upper,down,2
R_m0002_L005_W00000,through,upper,down,2
R_m0002_L005_W00001,through,upper,down,2
R_m0002_L005_W00002,through,upper,down,2
R_m0002_L005_W00003,through,upper,down,2
R_m0002_L005_W00004,through,upper,down,2
R_m0002_L005_W00005,through,upper,down,2
R_m0002_L005_W00006,through,upper,down,2
R_m0002_L005_W00007,through,upper,down,2
R_m0002_L005_W00008,through,upper,down,2
R_m0002_L005_W00009,through,upper,down,2
R_m0002_L005_W00010,through,upper,down,2
R_m0002_L005_W00011,through,upper,down,2
R_m0002_L005_W00012,through,upper,down,2
R_m0002_L005_W00013,through,upper,down,2
R_m0002_L005_W00014,through,upper,down,2
R_m0002_L005_W00015,through,upper,down,2
R_m0002_L005_W00016,through,upper,down,2
R_m0002_L005_W00017,through,upper,down,2
R_m0002_L005_W00018,through,upper,down,2
R_m0002_L005_W00019,through,upper,down,2
R_m0002_L005_W00020,through,upper,down,2
R_m0002_L005_W00021,through,upper,down,2
R_m0002_L005_W00022,through,upper,down,2
R_m0002_L005_W00023,through,upper,down,2
R_m0002_L005_W00024,through,upper,down,2
R_m0002_L005_W00025,through,upper,down,2
R_m0002_L005_W00026,through,upper,down,2
R_m0002_L005_W00027,through,upper,down,2
R_m0002_L005_W00028,through,upper,down,2
R_m0002_L005_W00029,through,upper,down,2
R_m0002_L005_W00030,through,upper,down,2
R_m0002_L005_W00031,through,upper,down,2
R_m0002_L005_W00032,through,upper,down,2
R_m0002_L005_W00033,through,upper,down,2
R_m0002_L005_W00034,through,upper,down,2
R_m0002_L005_W00035,through,upper,down,2
R_m0002_L005_W00036,through,upper,down,2
R_m0002_L005_W00037,through,upper,down,2
R_m0002_L005_W00038,through,upper,down,2
R_m0002_L005_W00039,through,upper,down,2
R_m0002_L005_W00040,through,upper,down,2
R_m0002_L005_W00041,through,upper,down,2
R_m0002_L005_W00042,through,upper,down,2
R_m0002_L005_W00043,through,upper,down,2
R_m0002_L005_W00044,through,upper,down,2
R_m0002_L005_W00045,through,upper,down,2
R_m0002_L005_W00046,through,upper,down,2
R_m0002_L005_W00047,through,upper,down,2
R_m0002_L005_W00048,through,upper,down,2
R_m0002_L005_W00049,through,upper,down,2
R_m0002_L005_W00050,through,upper,down,2
R_m0002_L005_W00051,through,upper,down,2
R_m0002_L005_W00052,through,upper,down,2
R_m0002_L005_W00053,through,upper,down,2
R_m0002_L005_W00054,through,upper,down,2
R_m0002_L005_W00055,through,upper,down,2
R_m0002_L005_W00056,through,upper,down,2
R_m0002_L005_W00057,through,upper,down,2
R_m0002_L005_W00058,through,upper,down,2
R_m0002_L005_W00059,through,upper,down,2
R_m0002_L005_W00060,through,upper,down,2
R_m0002_L005_W00061,through,upper,down,2
R_m0002_L005_W00062,through,upper,down,2
R_m0002_L005_W00063,through,upper,down,2
R_m0002_L005_W00064,through,upper,down,2
R_m0002_L005_W00065,through,upper,down,2
R_m0002_L005_W00066,through,upper,down,2
R_m0002_L005_W00067,through,upper,down,2
R_m0002_L005_W00068,through,upper,down,2
R_m0002_L005_W00069,through,upper,down,2
R_m0002_L005_W00070,through,upper,down,2
R_m0002_L005_W00071,through,upper,down,2
R_m0002_L005_W00072,through,upper,down,2
R_m0002_L005_W00073,through,upper,down,2
R_m0002_L005_W00074,through,upper,down,2
R_m0002_L005_W00075,through,upper,down,2
R_m0002_L005_W00076,through,upper,down,2
R_m0002_L005_W00077,through,upper,down,2
R_m0002_L005_W00078,through,upper,down,2
R_m0002_L005_W00079,through,upper,down,2
R_m0002_L005_W00080,through,upper,down,2
R_m0002_L005_W00081,through,upper,down,2
R_m0002_L005_W00082,through,upper,down,2
R_m0002_L005_W00083,through,upper,down,2
R_m0002_L005_W00084,through,upper,down,2
R_m0002_L005_W00085,through,upper,down,2
R_m0002_L005_W00086,through,upper,down,2
R_m0002_L005_W00087,through,upper,down,2
R_m0002_L005_W00088,through,upper,down,2
R_m0002_L005_W00089,through,upper,down,2
R_m0002_L005_W00090,through,upper,down,2
R_m0002_L005_W00091,through,upper,down,2
R_m0002_L005_W00092,through,upper,down,2
R_m0002_L005_W00093,through,upper,down,2
R_m0002_L005_W00094,through,upper,down,2
R_m0002_L005_W00095,through,upper,down,2
R_m0002_L005_W00096,through,upper,down,2
R_m0002_L005_W00097,through,upper,down,2
R_m0002_L005_W00098,through,upper,down,2
R_m0002_L005_W00099,through,upper,down,2
R_m0002_L005_W00100,through,upper,down,2
R_m0002_L005_W00101,through,upper,down,2
R_m0002_L005_W00102,through,upper,down,2
R_m0002_L005_W00103,through,upper,down,2
R_m0002_L005_W00104,through,upper,down,2
R_m0002_L005_W00105,through,upper,down,2
R_m0002_L005_W00106,through,upper,down,2
R_m0002_L005_W00107,through,upper,down,2
R_m0002_L005_W00108,through,upper,down,2
R_m0002_L005_W00109,through,upper,down,2
R_m0002_L005_W00110,through,upper,down,2
R_m0002_L005_W00111,through,upper,down,2
R_m0002_L005_W00112,through,upper,down,2
R_m0002_L005_W00113,through,upper,down,2
R_m0002_L005_W00114,through,upper,down,2
R_m0002_L005_W00115,through,upper,down,2
R_m0002_L005_W00116,through,upper,down,2
R_m0002_L005_W00117,through,upper,down,2
R_m0002_L005_W00118,through,upper,down,2
R_m0002_L005_W00119,through,upper,down,2
R_m0002_L005_W00120,through,upper,down,2
R_m0002_L005_W00121,through,upper,down,2
R_m0002_L005_W00122,through,upper,down,2
R_m0002_L005_W00123,through,upper,down,2
R_m0002_L005_W00124,through,upper,down,2
R_m0002_L005_W00125,through,upper,down,2
R_m0002_L005_W00126,through,upper,down,2
R_m0002_L005_W00127,through,upper,down,2
R_m0002_L006_W00000,through,upper,down,2
R_m0002_L006_W00001,through,upper,down,2
R_m0002_L006_W00002,through,upper,down,2
R_m0002_L006_W00003,through,upper,down,2
R_m0002_L006_W00004,through,upper,down,2
R_m0002_L006_W00005,through,upper,down,2
R_m0002_L006_W00006,through,upper,down,2
R_m0002_L006_W00007,through,upper,down,2
R_m0002_L006_W00008,through,upper,down,2
R_m0002_L006_W00009,through,upper,down,2
R_m0002_L006_W00010,through,upper,down,2
R_m0002_L006_W00011,through,upper,down,2
R_m0002_L006_W00012,through,upper,down,2
R_m0002_L006_W00013,through,upper,down,2
R_m0002_L006_W00014,through,upper,down,2
R_m0002_L006_W00015,through,upper,down,2
R_m0002_L006_W00016,through,upper,down,2
R_m0002_L006_W00017,through,upper,down,2
R_m0002_L006_W00018,through,upper,down,2
R_m0002_L006_W00019,through,upper,down,2
R_m0002_L006_W00020,through,upper,down,2
R_m0002_L006_W00021,through,upper,down,2
R_m0002_L006_W00022,through,upper,down,2
R_m0002_L006_W00023,through,upper,down,2
R_m0002_L006_W00024,through,upper,down,2
R_m0002_L006_W00025,through,upper,down,2
R_m0002_L006_W00026,through,upper,down,2
R_m0002_L006_W00027,through,upper,down,2
R_m0002_L006_W00028,through,upper,down,2
R_m0002_L006_W00029,through,upper,down,2
R_m0002_L006_W00030,through,upper,down,2
R_m0002_L006_W00031,through,upper,down,2
R_m0002_L006_W00032,through,upper,down,2
R_m0002_L006_W00033,through,upper,down,2
R_m0002_L006_W00034,through,upper,down,2
R_m0002_L006_W00035,through,upper,down,2
R_m0002_L006_W00036,through,upper,down,2
R_m0002_L006_W00037,through,upper,down,2
R_m0002_L006_W00038,through,upper,down,2
R_m0002_L006_W00039,through,upper,down,2
R_m0002_L006_W00040,through,upper,down,2
R_m0002_L006_W00041,through,upper,down,2
R_m0002_L006_W00042,through,upper,down,2
R_m0002_L006_W00043,through,upper,down,2
R_m0002_L006_W00044,through,upper,down,2
R_m0002_L006_W00045,through,upper,down,2
R_m0002_L006_W00046,through,upper,down,2
R_m0002_L006_W00047,through,upper,down,2
R_m0002_L006_W00048,through,upper,down,2
R_m0002_L006_W00049,through,upper,down,2
R_m0002_L006_W00050,through,upper,down,2
R_m0002_L006_W00051,through,upper,down,2
R_m0002_L006_W00052,through,upper,down,2
R_m0002_L006_W00053,through,upper,down,2
R_m0002_L006_W00054,through,upper,down,2
R_m0002_L006_W00055,through,upper,down,2
R_m0002_L006_W00056,through,upper,down,2
R_m0002_L006_W00057,through,upper,down,2
R_m0002_L006_W00058,through,upper,down,2
R_m0002_L006_W00059,through,upper,down,2
R_m0002_L006_W00060,through,upper,down,2
R_m0002_L006_W00061,through,upper,down,2
R_m0002_L006_W00062,through,upper,down,2
R_m0002_L006_W00063,through,upper,down,2
R_m0002_L006_W00064,through,upper,down,2
R_m0002_L006_W00065,through,upper,down,2
R_m0002_L006_W00066,through,upper,down,2
R_m0002_L006_W00067,through,upper,down,2
R_m0002_L006_W00068,through,upper,down,2
R_m0002_L006_W00069,through,upper,down,2
R_m0002_L006_W00070,through,upper,down,2
R_m0002_L006_W00071,through,upper,down,2
R_m0002_L006_W00072,through,upper,down,2
R_m0002_L006_W00073,through,upper,down,2
R_m0002_L006_W00074,through,upper,down,2
R_m0002_L006_W00075,through,upper,down,2
R_m0002_L006_W00076,through,upper,down,2
R_m0002_L006_W00077,through,upper,down,2
R_m0002_L006_W00078,through,upper,down,2
R_m0002_L006_W00079,through,upper,down,2
R_m0002_L006_W00080,through,upper,down,2
R_m0002_L006_W00081,through,upper,down,2
R_m0002_L006_W00082,through,upper,down,2
R_m0002_L006_W00083,through,upper,down,2
R_m0002_L006_W00084,through,upper,down,2
R_m0002_L006_W00085,through,upper,down,2
R_m0002_L006_W00086,through,upper,down,2
R_m0002_L006_W00087,through,upper,down,2
R_m0002_L006_W00088,through,upper,down,2
R_m0002_L006_W00089,through,upper,down,2
R_m0002_L006_W00090,through,upper,down,2
R_m0002_L006_W00091,through,upper,down,2
R_m0002_L006_W00092,through,upper,down,2
R_m0002_L006_W00093,through,upper,down,2
R_m0002_L006_W00094,through,upper,down,2
R_m0002_L006_W00095,through,upper,down,2
R_m0002_L006_W00096,through,upper,down,2
R_m0002_L006_W00097,through,upper,down,2
R_m0002_L006_W00098,through,upper,down,2
R_m0002_L006_W00099,through,upper,down,2
R_m0002_L006_W00100,through,upper,down,2
R_m0002_L006_W00101,through,upper,down,2
R_m0002_L006_W00102,through,upper,down,2
R_m0002_L006_W00103,through,upper,down,2
R_m0002_L006_W00104,through,upper,down,2
R_m0002_L006_W00105,through,upper,down,2
R_m0002_L006_W00106,through,upper,down,2
R_m0002_L006_W00107,through,upper,down,2
R_m0002_L006_W00108,through,upper,down,2
R_m0002_L006_W00109,through,upper,down,2
R_m0002_L006_W00110,through,upper,down,2
R_m0002_L006_W00111,through,upper,down,2
R_m0002_L006_W00112,through,upper,down,2
R_m0002_L006_W00113,through,upper,down,2
R_m0002_L006_W00114,through,upper,down,2
R_m0002_L006_W00115,through,upper,down,2
R_m0002_L006_W00116,through,upper,down,2
R_m0002_L006_W00117,through,upper,down,2
R_m0002_L006_W00118,through,upper,down,2
R_m0002_L006_W00119,through,upper,down,2
R_m0002_L006_W00120,through,upper,down,2
R_m0002_L006_W00121,through,upper,down,2
R_m0002_L006_W00122,through,upper,down,2
R_m0002_L006_W00123,through,upper,down,2
R_m0002_L006_W00124,through,upper,down,2
R_m0002_L006_W00125,through,upper,down,2
R_m0002_L006_W00126,through,upper,down,2
R_m0002_L006_W00127,through,upper,down,2
R_m0002_L007_W00000,through,upper,down,2
R_m0002_L007_W00001,through,upper,down,2
R_m0002_L007_W00002,through,upper,down,2
R_m0002_L007_W00003,through,upper,down,2
R_m0002_L007_W00004,through,upper,down,2
R_m0002_L007_W00005,through,upper,down,2
R_m0002_L007_W00006,through,upper,down,2
R_m0002_L007_W00007,through,upper,down,2
R_m0002_L007_W00008,through,upper,down,2
R_m0002_L007_W00009,through,upper,down,2
R_m0002_L007_W00010,through,upper,down,2
R_m0002_L007_W00011,through,upper,down,2
R_m0002_L007_W00012,through,upper,down,2
R_m0002_L007_W00013,through,upper,down,2
R_m0002_L007_W00014,through,upper,down,2
R_m0002_L007_W00015,through,upper,down,2
R_m0002_L007_W00016,through,upper,down,2
R_m0002_L007_W00017,through,upper,down,2
R_m0002_L007_W00018,through,upper,down,2
R_m0002_L007_W00019,through,upper,down,2
R_m0002_L007_W00020,through,upper,down,2
R_m0002_L007_W00021,through,upper,down,2
R_m0002_L007_W00022,through,upper,down,2
R_m0002_L007_W00023,through,upper,down,2
R_m0002_L007_W00024,through,upper,down,2
R_m0002_L007_W00025,through,upper,down,2
R_m0002_L007_W00026,through,upper,down,2
R_m0002_L007_W00027,through,upper,down,2
R_m0002_L007_W00028,through,upper,down,2
R_m0002_L007_W00029,through,upper,down,2
R_m0002_L007_W00030,through,upper,down,2
R_m0002_L007_W00031,through,upper,down,2
R_m0002_L007_W00032,through,upper,down,2
R_m0002_L007_W00033,through,upper,down,2
R_m0002_L007_W00034,through,upper,down,2
R_m0002_L007_W00035,through,upper,down,2
R_m0002_L007_W00036,through,upper,down,2
R_m0002_L007_W00037,through,upper,down,2
R_m0002_L007_W00038,through,upper,down,2
R_m0002_L007_W00039,through,upper,down,2
R_m0002_L007_W00040,through,upper,down,2
R_m0002_L007_W00041,through,upper,down,2
R_m0002_L007_W00042,through,upper,down,2
R_m0002_L007_W00043,through,upper,down,2
R_m0002_L007_W00044,through,upper,down,2
R_m0002_L007_W00045,through,upper,down,2
R_m0002_L007_W00046,through,upper,down,2
R_m0002_L007_W00047,through,upper,down,2
R_m0002_L007_W00048,through,upper,down,2
R_m0002_L007_W00049,through,upper,down,2
R_m0002_L007_W00050,through,upper,down,2
R_m0002_L007_W00051,through,upper,down,2
R_m0002_L007_W00052,through,upper,down,2
R_m0002_L007_W00053,through,upper,down,2
R_m0002_L007_W00054,through,upper,down,2
R_m0002_L007_W00055,through,upper,down,2
R_m0002_L007_W00056,through,upper,down,2
R_m0002_L007_W00057,through,upper,down,2
R_m0002_L007_W00058,through,upper,down,2
R_m0002_L007_W00059,through,upper,down,2
R_m0002_L007_W00060,through,upper,down,2
R_m0002_L007_W00061,through,upper,down,2
R_m0002_L007_W00062,through,upper,down,2
R_m0002_L007_W00063,through,upper,down,2
R_m0002_L007_W00064,through,upper,down,2
R_m0002_L007_W00065,through,upper,down,2
R_m0002_L007_W00066,through,upper,down,2
R_m0002_L007_W00067,through,upper,down,2
R_m0002_L007_W00068,through,upper,down,2
R_m0002_L007_W00069,through,upper,down,2
R_m0002_L007_W00070,through,upper,down,2
R_m0002_L007_W00071,through,upper,down,2
R_m0002_L007_W00072,through,upper,down,2
R_m0002_L007_W00073,through,upper,down,2
R_m0002_L007_W00074,through,upper,down,2
R_m0002_L007_W00075,through,upper,down,2
R_m0002_L007_W00076,through,upper,down,2
R_m0002_L007_W00077,through,upper,down,2
R_m0002_L007_W00078,through,upper,down,2
R_m0002_L007_W00079,through,upper,down,2
R_m0002_L007_W00080,through,upper,down,2
R_m0002_L007_W00081,through,upper,down,2
R_m0002_L007_W00082,through,upper,down,2
R_m0002_L007_W00083,through,upper,down,2
R_m0002_L007_W00084,through,upper,down,2
R_m0002_L007_W00085,through,upper,down,2
R_m0002_L007_W00086,through,upper,down,2
R_m0002_L007_W00087,through,upper,down,2
R_m0002_L007_W00088,through,upper,down,2
R_m0002_L007_W00089,through,upper,down,2
R_m0002_L007_W00090,through,upper,down,2
R_m0002_L007_W00091,through,upper,down,2
R_m0002_L007_W00092,through,upper,down,2
R_m0002_L007_W00093,through,upper,down,2
R_m0002_L007_W00094,through,upper,down,2
R_m0002_L007_W00095,through,upper,down,2
R_m0002_L007_W00096,through,upper,down,2
R_m0002_L007_W00097,through,upper,down,2
R_m0002_L007_W00098,through,upper,down,2
R_m0002_L007_W00099,through,upper,down,2
R_m0002_L007_W00100,through,upper,down,2
R_m0002_L007_W00101,through,upper,down,2
R_m0002_L007_W00102,through,upper,down,2
R_m0002_L007_W00103,through,upper,down,2
R_m0002_L007_W00104,through,upper,down,2
R_m0002_L007_W00105,through,upper,down,2
R_m0002_L007_W00106,through,upper,down,2
R_m0002_L007_W00107,through,upper,down,2
R_m0002_L007_W00108,through,upper,down,2
R_m0002_L007_W00109,through,upper,down,2
R_m0002_L007_W00110,through,upper,down,2
R_m0002_L007_W00111,through,upper,down,2
R_m0002_L007_W00112,through,upper,down,2
R_m0002_L007_W00113,through,upper,down,2
R_m0002_L007_W00114,through,upper,down,2
R_m0002_L007_W00115,through,upper,down,2
R_m0002_L007_W00116,through,upper,down,2
R_m0002_L007_W00117,through,upper,down,2
R_m0002_L007_W00118,through,upper,down,2
R_m0002_L007_W00119,through,upper,down,2
R_m0002_L007_W00120,through,upper,down,2
R_m0002_L007_W00121,through,upper,down,2
R_m0002_L007_W00122,through,upper,down,2
R_m0002_L007_W00123,through,upper,down,2
R_m0002_L007_W00124,through,upper,down,2
R_m0002_L007_W00125,through,upper,down,2
R_m0002_L007_W00126,through,upper,down,2
R_m0002_L007_W00127,through,upper,down,2
R_m0002_L008_W00000,through,upper,down,2
R_m0002_L008_W00001,through,upper,down,2
R_m0002_L008_W00002,through,upper,down,2
R_m0002_L008_W00003,through,upper,down,2
R_m0002_L008_W00004,through,upper,down,2
R_m0002_L008_W00005,through,upper,down,2
R_m0002_L008_W00006,through,upper,down,2
R_m0002_L008_W00007,through,upper,down,2
R_m0002_L008_W00008,through,upper,down,2
R_m0002_L008_W00009,through,upper,down,2
R_m0002_L008_W00010,through,upper,down,2
R_m0002_L008_W00011,through,upper,down,2
R_m0002_L008_W00012,through,upper,down,2
R_m0002_L008_W00013,through,upper,down,2
R_m0002_L008_W00014,through,upper,down,2
R_m0002_L008_W00015,through,upper,down,2
R_m0002_L008_W00016,through,upper,down,2
R_m0002_L008_W00017,through,upper,down,2
R_m0002_L008_W00018,through,upper,down,2
R_m0002_L008_W00019,through,upper,down,2
R_m0002_L008_W00020,through,upper,down,2
R_m0002_L008_W00021,through,upper,down,2
R_m0002_L008_W00022,through,upper,down,2
R_m0002_L008_W00023,through,upper,down,2
R_m0002_L008_W00024,through,upper,down,2
R_m0002_L008_W00025,through,upper,down,2
R_m0002_L008_W00026,through,upper,down,2
R_m0002_L008_W00027,through,upper,down,2
R_m0002_L008_W00028,through,upper,down,2
R_m0002_L008_W00029,through,upper,down,2
R_m0002_L008_W00030,through,upper,down,2
R_m0002_L008_W00031,through,upper,down,2
R_m0002_L008_W00032,through,upper,down,2
R_m0002_L008_W00033,through,upper,down,2
R_m0002_L008_W00034,through,upper,down,2
R_m0002_L008_W00035,through,upper,down,2
R_m0002_L008_W00036,through,upper,down,2
R_m0002_L008_W00037,through,upper,down,2
R_m0002_L008_W00038,through,upper,down,2
R_m0002_L008_W00039,through,upper,down,2
R_m0002_L008_W00040,through,upper,down,2
R_m0002_L008_W00041,through,upper,down,2
R_m0002_L008_W00042,through,upper,down,2
R_m0002_L008_W00043,through,upper,down,2
R_m0002_L008_W00044,through,upper,down,2
R_m0002_L008_W00045,through,upper,down,2
R_m0002_L008_W00046,through,upper,down,2
R_m0002_L008_W00047,through,upper,down,2
R_m0002_L008_W00048,through,upper,down,2
R_m0002_L008_W00049,through,upper,down,2
R_m0002_L008_W00050,through,upper,down,2
R_m0002_L008_W00051,through,upper,down,2
R_m0002_L008_W00052,through,upper,down,2
R_m0002_L008_W00053,through,upper,down,2
R_m0002_L008_W00054,through,upper,down,2
R_m0002_L008_W00055,through,upper,down,2
R_m0002_L008_W00056,through,upper,down,2
R_m0002_L008_W00057,through,upper,down,2
R_m0002_L008_W00058,through,upper,down,2
R_m0002_L008_W00059,through,upper,down,2
R_m0002_L008_W00060,through,upper,down,2
R_m0002_L008_W00061,through,upper,down,2
R_m0002_L008_W00062,through,upper,down,2
R_m0002_L008_W00063,through,upper,down,2
R_m0002_L008_W00064,through,upper,down,2
R_m0002_L008_W00065,through,upper,down,2
R_m0002_L008_W00066,through,upper,down,2
R_m0002_L008_W00067,through,upper,down,2
R_m0002_L008_W00068,through,upper,down,2
R_m0002_L008_W00069,through,upper,down,2
R_m0002_L008_W00070,through,upper,down,2
R_m0002_L008_W00071,through,upper,down,2
R_m0002_L008_W00072,through,upper,down,2
R_m0002_L008_W00073,through,upper,down,2
R_m0002_L008_W00074,through,upper,down,2
R_m0002_L008_W00075,through,upper,down,2
R_m0002_L008_W00076,through,upper,down,2
R_m0002_L008_W00077,through,upper,down,2
R_m0002_L008_W00078,through,upper,down,2
R_m0002_L008_W00079,through,upper,down,2
R_m0002_L008_W00080,through,upper,down,2
R_m0002_L008_W00081,through,upper,down,2
R_m0002_L008_W00082,through,upper,down,2
R_m0002_L008_W00083,through,upper,down,2
R_m0002_L008_W00084,through,upper,down,2
R_m0002_L008_W00085,through,upper,down,2
R_m0002_L008_W00086,through,upper,down,2
R_m0002_L008_W00087,through,upper,down,2
R_m0002_L008_W00088,through,upper,down,2
R_m0002_L008_W00089,through,upper,down,2
R_m0002_L008_W00090,through,upper,down,2
R_m0002_L008_W00091,through,upper,down,2
R_m0002_L008_W00092,through,upper,down,2
R_m0002_L008_W00093,through,upper,down,2
R_m0002_L008_W00094,through,upper,down,2
R_m0002_L008_W00095,through,upper,down,2
R_m0002_L008_W00096,through,upper,down,2
R_m0002_L008_W00097,through,upper,down,2
R_m0002_L008_W00098,through,upper,down,2
R_m0002_L008_W00099,through,upper,down,2
R_m0002_L008_W00100,through,upper,down,2
R_m0002_L008_W00101,through,upper,down,2
R_m0002_L008_W00102,through,upper,down,2
R_m0002_L008_W00103,through,upper,down,2
R_m0002_L008_W00104,through,upper,down,2
R_m0002_L008_W00105,through,upper,down,2
R_m0002_L008_W00106,through,upper,down,2
R_m0002_L008_W00107,through,upper,down,2
R_m0002_L008_W00108,through,upper,down,2
R_m0002_L008_W00109,through,upper,down,2
R_m0002_L008_W00110,through,upper,down,2
R_m0002_L008_W00111,through,upper,down,2
R_m0002_L008_W00112,through,upper,down,2
R_m0002_L008_W00113,through,upper,down,2
R_m0002_L008_W00114,through,upper,down,2
R_m0002_L008_W00115,through,upper,down,2
R_m0002_L008_W00116,through,upper,down,2
R_m0002_L008_W00117,through,upper,down,2
R_m0002_L008_W00118,through,upper,down,2
R_m0002_L008_W00119,through,upper,down,2
R_m0002_L008_W00120,through,upper,down,2
R_m0002_L008_W00121,through,upper,down,2
R_m0002_L008_W00122,through,upper,down,2
R_m0002_L008_W00123,through,upper,down,2
R_m0002_L008_W00124,through,upper,down,2
R_m0002_L008_W00125,through,upper,down,2
R_m0002_L008_W00126,through,upper,down,2
R_m0002_L008_W00127,through,upper,down,2
R_m0002_L009_W00000,through,upper,down,2
R_m0002_L009_W00001,through,upper,down,2
R_m0002_L009_W00002,through,upper,down,2
R_m0002_L009_W00003,through,upper,down,2
R_m0002_L009_W00004,through,upper,down,2
R_m0002_L009_W00005,through,upper,down,2
R_m0002_L009_W00006,through,upper,down,2
R_m0002_L009_W00007,through,upper,down,2
R_m0002_L009_W00008,through,upper,down,2
R_m0002_L009_W00009,through,upper,down,2
R_m0002_L009_W00010,through,upper,down,2
R_m0002_L009_W00011,through,upper,down,2
R_m0002_L009_W00012,through,upper,down,2
R_m0002_L009_W00013,through,upper,down,2
R_m0002_L009_W00014,through,upper,down,2
R_m0002_L009_W00015,through,upper,down,2
R_m0002_L009_W00016,through,upper,down,2
R_m0002_L009_W00017,through,upper,down,2
R_m0002_L009_W00018,through,upper,down,2
R_m0002_L009_W00019,through,upper,down,2
R_m0002_L009_W00020,through,upper,down,2
R_m0002_L009_W00021,through,upper,down,2
R_m0002_L009_W00022,through,upper,down,2
R_m0002_L009_W00023,through,upper,down,2
R_m0002_L009_W00024,through,upper,down,2
R_m0002_L009_W00025,through,upper,down,2
R_m0002_L009_W00026,through,upper,down,2
R_m0002_L009_W00027,through,upper,down,2
R_m0002_L009_W00028,through,upper,down,2
R_m0002_L009_W00029,through,upper,down,2
R_m0002_L009_W00030,through,upper,down,2
R_m0002_L009_W00031,through,upper,down,2
R_m0002_L009_W00032,through,upper,down,2
R_m0002_L009_W00033,through,upper,down,2
R_m0002_L009_W00034,through,upper,down,2
R_m0002_L009_W00035,through,upper,down,2
R_m0002_L009_W00036,through,upper,down,2
R_m0002_L009_W00037,through,upper,down,2
R_m0002_L009_W00038,through,upper,down,2
R_m0002_L009_W00039,through,upper,down,2
R_m0002_L009_W00040,through,upper,down,2
R_m0002_L009_W00041,through,upper,down,2
R_m0002_L009_W00042,through,upper,down,2
R_m0002_L009_W00043,through,upper,down,2
R_m0002_L009_W00044,through,upper,down,2
R_m0002_L009_W00045,through,upper,down,2
R_m0002_L009_W00046,through,upper,down,2
R_m0002_L009_W00047,through,upper,down,2
R_m0002_L009_W00048,through,upper,down,2
R_m0002_L009_W00049,through,upper,down,2
R_m0002_L009_W00050,through,upper,down,2
R_m0002_L009_W00051,through,upper,down,2
R_m0002_L009_W00052,through,upper,down,2
R_m0002_L009_W00053,through,upper,down,2
R_m0002_L009_W00054,through,upper,down,2
R_m0002_L009_W00055,through,upper,down,2
R_m0002_L009_W00056,through,upper,down,2
R_m0002_L009_W00057,through,upper,down,2
R_m0002_L009_W00058,through,upper,down,2
R_m0002_L009_W00059,through,upper,down,2
R_m0002_L009_W00060,through,upper,down,2
R_m0002_L009_W00061,through,upper,down,2
R_m0002_L009_W00062,through,upper,down,2
R_m0002_L009_W00063,through,upper,down,2
R_m0002_L009_W00064,through,upper,down,2
R_m0002_L009_W00065,through,upper,down,2
R_m0002_L009_W00066,through,upper,down,2
R_m0002_L009_W00067,through,upper,down,2
R_m0002_L009_W00068,through,upper,down,2
R_m0002_L009_W00069,through,upper,down,2
R_m0002_L009_W00070,through,upper,down,2
R_m0002_L009_W00071,through,upper,down,2
R_m0002_L009_W00072,through,upper,down,2
R_m0002_L009_W00073,through,upper,down,2
R_m0002_L009_W00074,through,upper,down,2
R_m0002_L009_W00075,through,upper,down,2
R_m0002_L009_W00076,through,upper,down,2
R_m0002_L009_W00077,through,upper,down,2
R_m0002_L009_W00078,through,upper,down,2
R_m0002_L009_W00079,through,upper,down,2
R_m0002_L009_W00080,through,upper,down,2
R_m0002_L009_W00081,through,upper,down,2
R_m0002_L009_W00082,through,upper,down,2
R_m0002_L009_W00083,through,upper,down,2
R_m0002_L009_W00084,through,upper,down,2
R_m0002_L009_W00085,through,upper,down,2
R_m0002_L009_W00086,through,upper,down,2
R_m0002_L009_W00087,through,upper,down,2
R_m0002_L009_W00088,through,upper,down,2
R_m0002_L009_W00089,through,upper,down,2
R_m0002_L009_W00090,through,upper,down,2
R_m0002_L009_W00091,through,upper,down,2
R_m0002_L009_W00092,through,upper,down,2
R_m0002_L009_W00093,through,upper,down,2
R_m0002_L009_W00094,through,upper,down,2
R_m0002_L009_W00095,through,upper,down,2
R_m0002_L009_W00096,through,upper,down,2
R_m0002_L009_W00097,through,upper,down,2
R_m0002_L009_W00098,through,upper,down,2
R_m0002_L009_W00099,through,upper,down,2
R_m0002_L009_W00100,through,upper,down,2
R_m0002_L009_W00101,through,upper,down,2
R_m0002_L009_W00102,through,upper,down,2
R_m0002_L009_W00103,through,upper,down,2
R_m0002_L009_W00104,through,upper,down,2
R_m0002_L009_W00105,through,upper,down,2
R_m0002_L009_W00106,through,upper,down,2
R_m0002_L009_W00107,through,upper,down,2
R_m0002_L009_W00108,through,upper,down,2
R_m0002_L009_W00109,through,upper,down,2
R_m0002_L009_W00110,through,upper,down,2
R_m0002_L009_W00111,through,upper,down,2
R_m0002_L009_W00112,through,upper,down,2
R_m0002_L009_W00113,through,upper,down,2
R_m0002_L009_W00114,through,upper,down,2
R_m0002_L009_W00115,through,upper,down,2
R_m0002_L009_W00116,through,upper,down,2
R_m0002_L009_W00117,through,upper,down,2
R_m0002_L009_W00118,through,upper,down,2
R_m0002_L009_W00119,through,upper,down,2
R_m0002_L009_W00120,through,upper,down,2
R_m0002_L009_W00121,through,upper,down,2
R_m0002_L009_W00122,through,upper,down,2
R_m0002_L009_W00123,through,upper,down,2
R_m0002_L009_W00124,through,upper,down,2
R_m0002_L009_W00125,through,upper,down,2
R_m0002_L009_W00126,through,upper,down,2
R_m0002_L009_W00127,through,upper,down,2
R_m0002_L010_W00000,through,upper,down,2
R_m0002_L010_W00001,through,upper,down,2
R_m0002_L010_W00002,through,upper,down,2
R_m0002_L010_W00003,through,upper,down,2
R_m0002_L010_W00004,through,upper,down,2
R_m0002_L010_W00005,through,upper,down,2
R_m0002_L010_W00006,through,upper,down,2
R_m0002_L010_W00007,through,upper,down,2
R_m0002_L010_W00008,through,upper,down,2
R_m0002_L010_W00009,through,upper,down,2
R_m0002_L010_W00010,through,upper,down,2
R_m0002_L010_W00011,through,upper,down,2
R_m0002_L010_W00012,through,upper,down,2
R_m0002_L010_W00013,through,upper,down,2
R_m0002_L010_W00014,through,upper,down,2
R_m0002_L010_W00015,through,upper,down,2
R_m0002_L010_W00016,through,upper,down,2
R_m0002_L010_W00017,through,upper,down,2
R_m0002_L010_W00018,through,upper,down,2
R_m0002_L010_W00019,through,upper,down,2
R_m0002_L010_W00020,through,upper,down,2
R_m0002_L010_W00021,through,upper,down,2
R_m0002_L010_W00022,through,upper,down,2
R_m0002_L010_W00023,through,upper,down,2
R_m0002_L010_W00024,through,upper,down,2
R_m0002_L010_W00025,through,upper,down,2
R_m0002_L010_W00026,through,upper,down,2
R_m0002_L010_W00027,through,upper,down,2
R_m0002_L010_W00028,through,upper,down,2
R_m0002_L010_W00029,through,upper,down,2
R_m0002_L010_W00030,through,upper,down,2
R_m0002_L010_W00031,through,upper,down,2
R_m0002_L010_W00032,through,upper,down,2
R_m0002_L010_W00033,through,upper,down,2
R_m0002_L010_W00034,through,upper,down,2
R_m0002_L010_W00035,through,upper,down,2
R_m0002_L010_W00036,through,upper,down,2
R_m0002_L010_W00037,through,upper,down,2
R_m0002_L010_W00038,through,upper,down,2
R_m0002_L010_W00039,through,upper,down,2
R_m0002_L010_W00040,through,upper,down,2
R_m0002_L010_W00041,through,upper,down,2
R_m0002_L010_W00042,through,upper,down,2
R_m0002_L010_W00043,through,upper,down,2
R_m0002_L010_W00044,through,upper,down,2
R_m0002_L010_W00045,through,upper,down,2
R_m0002_L010_W00046,through,upper,down,2
R_m0002_L010_W00047,through,upper,down,2
R_m0002_L010_W00048,through,upper,down,2
R_m0002_L010_W00049,through,upper,down,2
R_m0002_L010_W00050,through,upper,down,2
R_m0002_L010_W00051,through,upper,down,2
R_m0002_L010_W00052,through,upper,down,2
R_m0002_L010_W00053,through,upper,down,2
R_m0002_L010_W00054,through,upper,down,2
R_m0002_L010_W00055,through,upper,down,2
R_m0002_L010_W00056,through,upper,down,2
R_m0002_L010_W00057,through,upper,down,2
R_m0002_L010_W00058,through,upper,down,2
R_m0002_L010_W00059,through,upper,down,2
R_m0002_L010_W00060,through,upper,down,2
R_m0002_L010_W00061,through,upper,down,2
R_m0002_L010_W00062,through,upper,down,2
R_m0002_L010_W00063,through,upper,down,2
R_m0002_L010_W00064,through,upper,down,2
R_m0002_L010_W00065,through,upper,down,2
R_m0002_L010_W00066,through,upper,down,2
R_m0002_L010_W00067,through,upper,down,2
R_m0002_L010_W00068,through,upper,down,2
R_m0002_L010_W00069,through,upper,down,2
R_m0002_L010_W00070,through,upper,down,2
R_m0002_L010_W00071,through,upper,down,2
R_m0002_L010_W00072,through,upper,down,2
R_m0002_L010_W00073,through,upper,down,2
R_m0002_L010_W00074,through,upper,down,2
R_m0002_L010_W00075,through,upper,down,2
R_m0002_L010_W00076,through,upper,down,2
R_m0002_L010_W00077,through,upper,down,2
R_m0002_L010_W00078,through,upper,down,2
R_m0002_L010_W00079,through,upper,down,2
R_m0002_L010_W00080,through,upper,down,2
R_m0002_L010_W00081,through,upper,down,2
R_m0002_L010_W00082,through,upper,down,2
R_m0002_L010_W00083,through,upper,down,2
R_m0002_L010_W00084,through,upper,down,2
R_m0002_L010_W00085,through,upper,down,2
R_m0002_L010_W00086,through,upper,down,2
R_m0002_L010_W00087,through,upper,down,2
R_m0002_L010_W00088,through,upper,down,2
R_m0002_L010_W00089,through,upper,down,2
R_m0002_L010_W00090,through,upper,down,2
R_m0002_L010_W00091,through,upper,down,2
R_m0002_L010_W00092,through,upper,down,2
R_m0002_L010_W00093,through,upper,down,2
R_m0002_L010_W00094,through,upper,down,2
R_m0002_L010_W00095,through,upper,down,2
R_m0002_L010_W00096,through,upper,down,2
R_m0002_L010_W00097,through,upper,down,2
R_m0002_L010_W00098,through,upper,down,2
R_m0002_L010_W00099,through,upper,down,2
R_m0002_L010_W00100,through,upper,down,2
R_m0002_L010_W00101,through,upper,down,2
R_m0002_L010_W00102,through,upper,down,2
R_m0002_L010_W00103,through,upper,down,2
R_m0002_L010_W00104,through,upper,down,2
R_m0002_L010_W00105,through,upper,down,2
R_m0002_L010_W00106,through,upper,down,2
R_m0002_L010_W00107,through,upper,down,2
R_m0002_L010_W00108,through,upper,down,2
R_m0002_L010_W00109,through,upper,down,2
R_m0002_L010_W00110,through,upper,down,2
R_m0002_L010_W00111,through,upper,down,2
R_m0002_L010_W00112,through,upper,down,2
R_m0002_L010_W00113,through,upper,down,2
R_m0002_L010_W00114,through,upper,down,2
R_m0002_L010_W00115,through,upper,down,2
R_m0002_L010_W00116,through,upper,down,2
R_m0002_L010_W00117,through,upper,down,2
R_m0002_L010_W00118,through,upper,down,2
R_m0002_L010_W00119,through,upper,down,2
R_m0002_L010_W00120,through,upper,down,2
R_m0002_L010_W00121,through,upper,down,2
R_m0002_L010_W00122,through,upper,down,2
R_m0002_L010_W00123,through,upper,down,2
R_m0002_L010_W00124,through,upper,down,2
R_m0002_L010_W00125,through,upper,down,2
R_m0002_L010_W00126,through,upper,down,2
R_m0002_L010_W00127,through,upper,down,2
R_m0002_L011_W00000,through,upper,down,2
R_m0002_L011_W00001,through,upper,down,2
R_m0002_L011_W00002,through,upper,down,2
R_m0002_L011_W00003,through,upper,down,2
R_m0002_L011_W00004,through,upper,down,2
R_m0002_L011_W00005,through,upper,down,2
R_m0002_L011_W00006,through,upper,down,2
R_m0002_L011_W00007,through,upper,down,2
R_m0002_L011_W00008,through,upper,down,2
R_m0002_L011_W00009,through,upper,down,2
R_m0002_L011_W00010,through,upper,down,2
R_m0002_L011_W00011,through,upper,down,2
R_m0002_L011_W00012,through,upper,down,2
R_m0002_L011_W00013,through,upper,down,2
R_m0002_L011_W00014,through,upper,down,2
R_m0002_L011_W00015,through,upper,down,2
R_m0002_L011_W00016,through,upper,down,2
R_m0002_L011_W00017,through,upper,down,2
R_m0002_L011_W00018,through,upper,down,2
R_m0002_L011_W00019,through,upper,down,2
R_m0002_L011_W00020,through,upper,down,2
R_m0002_L011_W00021,through,upper,down,2
R_m0002_L011_W00022,through,upper,down,2
R_m0002_L011_W00023,through,upper,down,2
R_m0002_L011_W00024,through,upper,down,2
R_m0002_L011_W00025,through,upper,down,2
R_m0002_L011_W00026,through,upper,down,2
R_m0002_L011_W00027,through,upper,down,2
R_m0002_L011_W00028,through,upper,down,2
R_m0002_L011_W00029,through,upper,down,2
R_m0002_L011_W00030,through,upper,down,2
R_m0002_L011_W00031,through,upper,down,2
R_m0002_L011_W00032,through,upper,down,2
R_m0002_L011_W00033,through,upper,down,2
R_m0002_L011_W00034,through,upper,down,2
R_m0002_L011_W00035,through,upper,down,2
R_m0002_L011_W00036,through,upper,down,2
R_m0002_L011_W00037,through,upper,down,2
R_m0002_L011_W00038,through,upper,down,2
R_m0002_L011_W00039,through,upper,down,2
R_m0002_L011_W00040,through,upper,down,2
R_m0002_L011_W00041,through,upper,down,2
R_m0002_L011_W00042,through,upper,down,2
R_m0002_L011_W00043,through,upper,down,2
R_m0002_L011_W00044,through,upper,down,2
R_m0002_L011_W00045,through,upper,down,2
R_m0002_L011_W00046,through,upper,down,2
R_m0002_L011_W00047,through,upper,down,2
R_m0002_L011_W00048,through,upper,down,2
R_m0002_L011_W00049,through,upper,down,2
R_m0002_L011_W00050,through,upper,down,2
R_m0002_L011_W00051,through,upper,down,2
R_m0002_L011_W00052,through,upper,down,2
R_m0002_L011_W00053,through,upper,down,2
R_m0002_L011_W00054,through,upper,down,2
R_m0002_L011_W00055,through,upper,down,2
R_m0002_L011_W00056,through,upper,down,2
R_m0002_L011_W00057,through,upper,down,2
R_m0002_L011_W00058,through,upper,down,2
R_m0002_L011_W00059,through,upper,down,2
R_m0002_L011_W00060,through,upper,down,2
R_m0002_L011_W00061,through,upper,down,2
R_m0002_L011_W00062,through,upper,down,2
R_m0002_L011_W00063,through,upper,down,2
R_m0002_L011_W00064,through,upper,down,2
R_m0002_L011_W00065,through,upper,down,2
R_m0002_L011_W00066,through,upper,down,2
R_m0002_L011_W00067,through,upper,down,2
R_m0002_L011_W00068,through,upper,down,2
R_m0002_L011_W00069,through,upper,down,2
R_m0002_L011_W00070,through,upper,down,2
R_m0002_L011_W00071,through,upper,down,2
R_m0002_L011_W00072,through,upper,down,2
R_m0002_L011_W00073,through,upper,down,2
R_m0002_L011_W00074,through,upper,down,2
R_m0002_L011_W00075,through,upper,down,2
R_m0002_L011_W00076,through,upper,down,2
R_m0002_L011_W00077,through,upper,down,2
R_m0002_L011_W00078,through,upper,down,2
R_m0002_L011_W00079,through,upper,down,2
R_m0002_L011_W00080,through,upper,down,2
R_m0002_L011_W00081,through,upper,down,2
R_m0002_L011_W00082,through,upper,down,2
R_m0002_L011_W00083,through,upper,down,2
R_m0002_L011_W00084,through,upper,down,2
R_m0002_L011_W00085,through,upper,down,2
R_m0002_L011_W00086,through,upper,down,2
R_m0002_L011_W00087,through,upper,down,2
R_m0002_L011_W00088,through,upper,down,2
R_m0002_L011_W00089,through,upper,down,2
R_m0002_L011_W00090,through,upper,down,2
R_m0002_L011_W00091,through,upper,down,2
R_m0002_L011_W00092,through,upper,down,2
R_m0002_L011_W00093,through,upper,down,2
R_m0002_L011_W00094,through,upper,down,2
R_m0002_L011_W00095,through,upper,down,2
R_m0002_L011_W00096,through,upper,down,2
R_m0002_L011_W00097,through,upper,down,2
R_m0002_L011_W00098,through,upper,down,2
R_m0002_L011_W00099,through,upper,down,2
R_m0002_L011_W00100,through,upper,down,2
R_m0002_L011_W00101,through,upper,down,2
R_m0002_L011_W00102,through,upper,down,2
R_m0002_L011_W00103,through,upper,down,2
R_m0002_L011_W00104,through,upper,down,2
R_m0002_L011_W00105,through,upper,down,2
R_m0002_L011_W00106,through,upper,down,2
R_m0002_L011_W00107,through,upper,down,2
R_m0002_L011_W00108,through,upper,down,2
R_m0002_L011_W00109,through,upper,down,2
R_m0002_L011_W00110,through,upper,down,2
R_m0002_L011_W00111,through,upper,down,2
R_m0002_L011_W00112,through,upper,down,2
R_m0002_L011_W00113,through,upper,down,2
R_m0002_L011_W00114,through,upper,down,2
R_m0002_L011_W00115,through,upper,down,2
R_m0002_L011_W00116,through,upper,down,2
R_m0002_L011_W00117,through,upper,down,2
R_m0002_L011_W00118,through,upper,down,2
R_m0002_L011_W00119,through,upper,down,2
R_m0002_L011_W00120,through,upper,down,2
R_m0002_L011_W00121,through,upper,down,2
R_m0002_L011_W00122,through,upper,down,2
R_m0002_L011_W00123,through,upper,down,2
R_m0002_L011_W00124,through,upper,down,2
R_m0002_L011_W00125,through,upper,down,2
R_m0002_L011_W00126,through,upper,down,2
R_m0002_L011_W00127,through,upper,down,2
R_m0002_L012_W00000,through,upper,down,2
R_m0002_L012_W00001,through,upper,down,2
R_m0002_L012_W00002,through,upper,down,2
R_m0002_L012_W00003,through,upper,down,2
R_m0002_L012_W00004,through,upper,down,2
R_m0002_L012_W00005,through,upper,down,2
R_m0002_L012_W00006,through,upper,down,2
R_m0002_L012_W00007,through,upper,down,2
R_m0002_L012_W00008,through,upper,down,2
R_m0002_L012_W00009,through,upper,down,2
R_m0002_L012_W00010,through,upper,down,2
R_m0002_L012_W00011,through,upper,down,2
R_m0002_L012_W00012,through,upper,down,2
R_m0002_L012_W00013,through,upper,down,2
R_m0002_L012_W00014,through,upper,down,2
R_m0002_L012_W00015,through,upper,down,2
R_m0002_L012_W00016,through,upper,down,2
R_m0002_L012_W00017,through,upper,down,2
R_m0002_L012_W00018,through,upper,down,2
R_m0002_L012_W00019,through,upper,down,2
R_m0002_L012_W00020,through,upper,down,2
R_m0002_L012_W00021,through,upper,down,2
R_m0002_L012_W00022,through,upper,down,2
R_m0002_L012_W00023,through,upper,down,2
R_m0002_L012_W00024,through,upper,down,2
R_m0002_L012_W00025,through,upper,down,2
R_m0002_L012_W00026,through,upper,down,2
R_m0002_L012_W00027,through,upper,down,2
R_m0002_L012_W00028,through,upper,down,2
R_m0002_L012_W00029,through,upper,down,2
R_m0002_L012_W00030,through,upper,down,2
R_m0002_L012_W00031,through,upper,down,2
R_m0002_L012_W00032,through,upper,down,2
R_m0002_L012_W00033,through,upper,down,2
R_m0002_L012_W00034,through,upper,down,2
R_m0002_L012_W00035,through,upper,down,2
R_m0002_L012_W00036,through,upper,down,2
R_m0002_L012_W00037,through,upper,down,2
R_m0002_L012_W00038,through,upper,down,2
R_m0002_L012_W00039,through,upper,down,2
R_m0002_L012_W00040,through,upper,down,2
R_m0002_L012_W00041,through,upper,down,2
R_m0002_L012_W00042,through,upper,down,2
R_m0002_L012_W00043,through,upper,down,2
R_m0002_L012_W00044,through,upper,down,2
R_m0002_L012_W00045,through,upper,down,2
R_m0002_L012_W00046,through,upper,down,2
R_m0002_L012_W00047,through,upper,down,2
R_m0002_L012_W00048,through,upper,down,2
R_m0002_L012_W00049,through,upper,down,2
R_m0002_L012_W00050,through,upper,down,2
R_m0002_L012_W00051,through,upper,down,2
R_m0002_L012_W00052,through,upper,down,2
R_m0002_L012_W00053,through,upper,down,2
R_m0002_L012_W00054,through,upper,down,2
R_m0002_L012_W00055,through,upper,down,2
R_m0002_L012_W00056,through,upper,down,2
R_m0002_L012_W00057,through,upper,down,2
R_m0002_L012_W00058,through,upper,down,2
R_m0002_L012_W00059,through,upper,down,2
R_m0002_L012_W00060,through,upper,down,2
R_m0002_L012_W00061,through,upper,down,2
R_m0002_L012_W00062,through,upper,down,2
R_m0002_L012_W00063,through,upper,down,2
R_m0002_L012_W00064,through,upper,down,2
R_m0002_L012_W00065,through,upper,down,2
R_m0002_L012_W00066,through,upper,down,2
R_m0002_L012_W00067,through,upper,down,2
R_m0002_L012_W00068,through,upper,down,2
R_m0002_L012_W00069,through,upper,down,2
R_m0002_L012_W00070,through,upper,down,2
R_m0002_L012_W00071,through,upper,down,2
R_m0002_L012_W00072,through,upper,down,2
R_m0002_L012_W00073,through,upper,down,2
R_m0002_L012_W00074,through,upper,down,2
R_m0002_L012_W00075,through,upper,down,2
R_m0002_L012_W00076,through,upper,down,2
R_m0002_L012_W00077,through,upper,down,2
R_m0002_L012_W00078,through,upper,down,2
R_m0002_L012_W00079,through,upper,down,2
R_m0002_L012_W00080,through,upper,down,2
R_m0002_L012_W00081,through,upper,down,2
R_m0002_L012_W00082,through,upper,down,2
R_m0002_L012_W00083,through,upper,down,2
R_m0002_L012_W00084,through,upper,down,2
R_m0002_L012_W00085,through,upper,down,2
R_m0002_L012_W00086,through,upper,down,2
R_m0002_L012_W00087,through,upper,down,2
R_m0002_L012_W00088,through,upper,down,2
R_m0002_L012_W00089,through,upper,down,2
R_m0002_L012_W00090,through,upper,down,2
R_m0002_L012_W00091,through,upper,down,2
R_m0002_L012_W00092,through,upper,down,2
R_m0002_L012_W00093,through,upper,down,2
R_m0002_L012_W00094,through,upper,down,2
R_m0002_L012_W00095,through,upper,down,2
R_m0002_L012_W00096,through,upper,down,2
R_m0002_L012_W00097,through,upper,down,2
R_m0002_L012_W00098,through,upper,down,2
R_m0002_L012_W00099,through,upper,down,2
R_m0002_L012_W00100,through,upper,down,2
R_m0002_L012_W00101,through,upper,down,2
R_m0002_L012_W00102,through,upper,down,2
R_m0002_L012_W00103,through,upper,down,2
R_m0002_L012_W00104,through,upper,down,2
R_m0002_L012_W00105,through,upper,down,2
R_m0002_L012_W00106,through,upper,down,2
R_m0002_L012_W00107,through,upper,down,2
R_m0002_L012_W00108,through,upper,down,2
R_m0002_L012_W00109,through,upper,down,2
R_m0002_L012_W00110,through,upper,down,2
R_m0002_L012_W00111,through,upper,down,2
R_m0002_L012_W00112,through,upper,down,2
R_m0002_L012_W00113,through,upper,down,2
R_m0002_L012_W00114,through,upper,down,2
R_m0002_L012_W00115,through,upper,down,2
R_m0002_L012_W00116,through,upper,down,2
R_m0002_L012_W00117,through,upper,down,2
R_m0002_L012_W00118,through,upper,down,2
R_m0002_L012_W00119,through,upper,down,2
R_m0002_L012_W00120,through,upper,down,2
R_m0002_L012_W00121,through,upper,down,2
R_m0002_L012_W00122,through,upper,down,2
R_m0002_L012_W00123,through,upper,down,2
R_m0002_L012_W00124,through,upper,down,2
R_m0002_L012_W00125,through,upper,down,2
R_m0002_L012_W00126,through,upper,down,2
R_m0002_L012_W00127,through,upper,down,2
R_m0003_L001_W00000,through,upper,down,3
R_m0003_L001_W00001,through,upper,down,3
R_m0003_L001_W00002,through,upper,down,3
R_m0003_L001_W00003,through,upper,down,3
R_m0003_L001_W00004,through,upper,down,3
R_m0003_L001_W00005,through,upper,down,3
R_m0003_L001_W00006,through,upper,down,3
R_m0003_L001_W00007,through,upper,down,3
R_m0003_L001_W00008,through,upper,down,3
R_m0003_L001_W00009,through,upper,down,3
R_m0003_L001_W00010,through,upper,down,3
R_m0003_L001_W00011,through,upper,down,3
R_m0003_L001_W00012,through,upper,down,3
R_m0003_L001_W00013,through,upper,down,3
R_m0003_L001_W00014,through,upper,down,3
R_m0003_L001_W00015,through,upper,down,3
R_m0003_L001_W00016,through,upper,down,3
R_m0003_L001_W00017,through,upper,down,3
R_m0003_L001_W00018,through,upper,down,3
R_m0003_L001_W00019,through,upper,down,3
R_m0003_L001_W00020,through,upper,down,3
R_m0003_L001_W00021,through,upper,down,3
R_m0003_L001_W00022,through,upper,down,3
R_m0003_L001_W00023,through,upper,down,3
R_m0003_L001_W00024,through,upper,down,3
R_m0003_L001_W00025,through,upper,down,3
R_m0003_L001_W00026,through,upper,down,3
R_m0003_L001_W00027,through,upper,down,3
R_m0003_L001_W00028,through,upper,down,3
R_m0003_L001_W00029,through,upper,down,3
R_m0003_L001_W00030,through,upper,down,3
R_m0003_L001_W00031,through,upper,down,3
R_m0003_L001_W00032,through,upper,down,3
R_m0003_L001_W00033,through,upper,down,3
R_m0003_L001_W00034,through,upper,down,3
R_m0003_L001_W00035,through,upper,down,3
R_m0003_L001_W00036,through,upper,down,3
R_m0003_L001_W00037,through,upper,down,3
R_m0003_L001_W00038,through,upper,down,3
R_m0003_L001_W00039,through,upper,down,3
R_m0003_L001_W00040,through,upper,down,3
R_m0003_L001_W00041,through,upper,down,3
R_m0003_L001_W00042,through,upper,down,3
R_m0003_L001_W00043,through,upper,down,3
R_m0003_L001_W00044,through,upper,down,3
R_m0003_L001_W00045,through,upper,down,3
R_m0003_L001_W00046,through,upper,down,3
R_m0003_L001_W00047,through,upper,down,3
R_m0003_L001_W00048,through,upper,down,3
R_m0003_L001_W00049,through,upper,down,3
R_m0003_L001_W00050,through,upper,down,3
R_m0003_L001_W00051,through,upper,down,3
R_m0003_L001_W00052,through,upper,down,3
R_m0003_L001_W00053,through,upper,down,3
R_m0003_L001_W00054,through,upper,down,3
R_m0003_L001_W00055,through,upper,down,3
R_m0003_L001_W00056,through,upper,down,3
R_m0003_L001_W00057,through,upper,down,3
R_m0003_L001_W00058,through,upper,down,3
R_m0003_L001_W00059,through,upper,down,3
R_m0003_L001_W00060,through,upper,down,3
R_m0003_L001_W00061,through,upper,down,3
R_m0003_L001_W00062,through,upper,down,3
R_m0003_L001_W00063,through,upper,down,3
R_m0003_L002_W00000,through,upper,down,3
R_m0003_L002_W00001,through,upper,down,3
R_m0003_L002_W00002,through,upper,down,3
R_m0003_L002_W00003,through,upper,down,3
R_m0003_L002_W00004,through,upper,down,3
R_m0003_L002_W00005,through,upper,down,3
R_m0003_L002_W00006,through,upper,down,3
R_m0003_L002_W00007,through,upper,down,3
R_m0003_L002_W00008,through,upper,down,3
R_m0003_L002_W00009,through,upper,down,3
R_m0003_L002_W00010,through,upper,down,3
R_m0003_L002_W00011,through,upper,down,3
R_m0003_L002_W00012,through,upper,down,3
R_m0003_L002_W00013,through,upper,down,3
R_m0003_L002_W00014,through,upper,down,3
R_m0003_L002_W00015,through,upper,down,3
R_m0003_L002_W00016,through,upper,down,3
R_m0003_L002_W00017,through,upper,down,3
R_m0003_L002_W00018,through,upper,down,3
R_m0003_L002_W00019,through,upper,down,3
R_m0003_L002_W00020,through,upper,down,3
R_m0003_L002_W00021,through,upper,down,3
R_m0003_L002_W00022,through,upper,down,3
R_m0003_L002_W00023,through,upper,down,3
R_m0003_L002_W00024,through,upper,down,3
R_m0003_L002_W00025,through,upper,down,3
R_m0003_L002_W00026,through,upper,down,3
R_m0003_L002_W00027,through,upper,down,3
R_m0003_L002_W00028,through,upper,down,3
R_m0003_L002_W00029,through,upper,down,3
R_m0003_L002_W00030,through,upper,down,3
R_m0003_L002_W00031,through,upper,down,3
R_m0003_L002_W00032,through,upper,down,3
R_m0003_L002_W00033,through,upper,down,3
R_m0003_L002_W00034,through,upper,down,3
R_m0003_L002_W00035,through,upper,down,3
R_m0003_L002_W00036,through,upper,down,3
R_m0003_L002_W00037,through,upper,down,3
R_m0003_L002_W00038,through,upper,down,3
R_m0003_L002_W00039,through,upper,down,3
R_m0003_L002_W00040,through,upper,down,3
R_m0003_L002_W00041,through,upper,down,3
R_m0003_L002_W00042,through,upper,down,3
R_m0003_L002_W00043,through,upper,down,3
R_m0003_L002_W00044,through,upper,down,3
R_m0003_L002_W00045,through,upper,down,3
R_m0003_L002_W00046,through,upper,down,3
R_m0003_L002_W00047,through,upper,down,3
R_m0003_L002_W00048,through,upper,down,3
R_m0003_L002_W00049,through,upper,down,3
R_m0003_L002_W00050,through,upper,down,3
R_m0003_L002_W00051,through,upper,down,3
R_m0003_L002_W00052,through,upper,down,3
R_m0003_L002_W00053,through,upper,down,3
R_m0003_L002_W00054,through,upper,down,3
R_m0003_L002_W00055,through,upper,down,3
R_m0003_L002_W00056,through,upper,down,3
R_m0003_L002_W00057,through,upper,down,3
R_m0003_L002_W00058,through,upper,down,3
R_m0003_L002_W00059,through,upper,down,3
R_m0003_L002_W00060,through,upper,down,3
R_m0003_L002_W00061,through,upper,down,3
R_m0003_L002_W00062,through,upper,down,3
R_m0003_L002_W00063,through,upper,down,3
R_m0003_L003_W00000,through,upper,down,3
R_m0003_L003_W00001,through,upper,down,3
R_m0003_L003_W00002,through,upper,down,3
R_m0003_L003_W00003,through,upper,down,3
R_m0003_L003_W00004,through,upper,down,3
R_m0003_L003_W00005,through,upper,down,3
R_m0003_L003_W00006,through,upper,down,3
R_m0003_L003_W00007,through,upper,down,3
R_m0003_L003_W00008,through,upper,down,3
R_m0003_L003_W00009,through,upper,down,3
R_m0003_L003_W00010,through,upper,down,3
R_m0003_L003_W00011,through,upper,down,3
R_m0003_L003_W00012,through,upper,down,3
R_m0003_L003_W00013,through,upper,down,3
R_m0003_L003_W00014,through,upper,down,3
R_m0003_L003_W00015,through,upper,down,3
R_m0003_L003_W00016,through,upper,down,3
R_m0003_L003_W00017,through,upper,down,3
R_m0003_L003_W00018,through,upper,down,3
R_m0003_L003_W00019,through,upper,down,3
R_m0003_L003_W00020,through,upper,down,3
R_m0003_L003_W00021,through,upper,down,3
R_m0003_L003_W00022,through,upper,down,3
R_m0003_L003_W00023,through,upper,down,3
R_m0003_L003_W00024,through,upper,down,3
R_m0003_L003_W00025,through,upper,down,3
R_m0003_L003_W00026,through,upper,down,3
R_m0003_L003_W00027,through,upper,down,3
R_m0003_L003_W00028,through,upper,down,3
R_m0003_L003_W00029,through,upper,down,3
R_m0003_L003_W00030,through,upper,down,3
R_m0003_L003_W00031,through,upper,down,3
R_m0003_L003_W00032,through,upper,down,3
R_m0003_L003_W00033,through,upper,down,3
R_m0003_L003_W00034,through,upper,down,3
R_m0003_L003_W00035,through,upper,down,3
R_m0003_L003_W00036,through,upper,down,3
R_m0003_L003_W00037,through,upper,down,3
R_m0003_L003_W00038,through,upper,down,3
R_m0003_L003_W00039,through,upper,down,3
R_m0003_L003_W00040,through,upper,down,3
R_m0003_L003_W00041,through,upper,down,3
R_m0003_L003_W00042,through,upper,down,3
R_m0003_L003_W00043,through,upper,down,3
R_m0003_L003_W00044,through,upper,down,3
R_m0003_L003_W00045,through,upper,down,3
R_m0003_L003_W00046,through,upper,down,3
R_m0003_L003_W00047,through,upper,down,3
R_m0003_L003_W00048,through,upper,down,3
R_m0003_L003_W00049,through,upper,down,3
R_m0003_L003_W00050,through,upper,down,3
R_m0003_L003_W00051,through,upper,down,3
R_m0003_L003_W00052,through,upper,down,3
R_m0003_L003_W00053,through,upper,down,3
R_m0003_L003_W00054,through,upper,down,3
R_m0003_L003_W00055,through,upper,down,3
R_m0003_L003_W00056,through,upper,down,3
R_m0003_L003_W00057,through,upper,down,3
R_m0003_L003_W00058,through,upper,down,3
R_m0003_L003_W00059,through,upper,down,3
R_m0003_L003_W00060,through,upper,down,3
R_m0003_L003_W00061,through,upper,down,3
R_m0003_L003_W00062,through,upper,down,3
R_m0003_L003_W00063,through,upper,down,3
R_m0003_L004_W00000,through,upper,down,3
R_m0003_L004_W00001,through,upper,down,3
R_m0003_L004_W00002,through,upper,down,3
R_m0003_L004_W00003,through,upper,down,3
R_m0003_L004_W00004,through,upper,down,3
R_m0003_L004_W00005,through,upper,down,3
R_m0003_L004_W00006,through,upper,down,3
R_m0003_L004_W00007,through,upper,down,3
R_m0003_L004_W00008,through,upper,down,3
R_m0003_L004_W00009,through,upper,down,3
R_m0003_L004_W00010,through,upper,down,3
R_m0003_L004_W00011,through,upper,down,3
R_m0003_L004_W00012,through,upper,down,3
R_m0003_L004_W00013,through,upper,down,3
R_m0003_L004_W00014,through,upper,down,3
R_m0003_L004_W00015,through,upper,down,3
R_m0003_L004_W00016,through,upper,down,3
R_m0003_L004_W00017,through,upper,down,3
R_m0003_L004_W00018,through,upper,down,3
R_m0003_L004_W00019,through,upper,down,3
R_m0003_L004_W00020,through,upper,down,3
R_m0003_L004_W00021,through,upper,down,3
R_m0003_L004_W00022,through,upper,down,3
R_m0003_L004_W00023,through,upper,down,3
R_m0003_L004_W00024,through,upper,down,3
R_m0003_L004_W00025,through,upper,down,3
R_m0003_L004_W00026,through,upper,down,3
R_m0003_L004_W00027,through,upper,down,3
R_m0003_L004_W00028,through,upper,down,3
R_m0003_L004_W00029,through,upper,down,3
R_m0003_L004_W00030,through,upper,down,3
R_m0003_L004_W00031,through,upper,down,3
R_m0003_L004_W00032,through,upper,down,3
R_m0003_L004_W00033,through,upper,down,3
R_m0003_L004_W00034,through,upper,down,3
R_m0003_L004_W00035,through,upper,down,3
R_m0003_L004_W00036,through,upper,down,3
R_m0003_L004_W00037,through,upper,down,3
R_m0003_L004_W00038,through,upper,down,3
R_m0003_L004_W00039,through,upper,down,3
R_m0003_L004_W00040,through,upper,down,3
R_m0003_L004_W00041,through,upper,down,3
R_m0003_L004_W00042,through,upper,down,3
R_m0003_L004_W00043,through,upper,down,3
R_m0003_L004_W00044,through,upper,down,3
R_m0003_L004_W00045,through,upper,down,3
R_m0003_L004_W00046,through,upper,down,3
R_m0003_L004_W00047,through,upper,down,3
R_m0003_L004_W00048,through,upper,down,3
R_m0003_L004_W00049,through,upper,down,3
R_m0003_L004_W00050,through,upper,down,3
R_m0003_L004_W00051,through,upper,down,3
R_m0003_L004_W00052,through,upper,down,3
R_m0003_L004_W00053,through,upper,down,3
R_m0003_L004_W00054,through,upper,down,3
R_m0003_L004_W00055,through,upper,down,3
R_m0003_L004_W00056,through,upper,down,3
R_m0003_L004_W00057,through,upper,down,3
R_m0003_L004_W00058,through,upper,down,3
R_m0003_L004_W00059,through,upper,down,3
R_m0003_L004_W00060,through,upper,down,3
R_m0003_L004_W00061,through,upper,down,3
R_m0003_L004_W00062,through,upper,down,3
R_m0003_L004_W00063,through,upper,down,3
R_m0003_L005_W00000,through,upper,down,3
R_m0003_L005_W00001,through,upper,down,3
R_m0003_L005_W00002,through,upper,down,3
R_m0003_L005_W00003,through,upper,down,3
R_m0003_L005_W00004,through,upper,down,3
R_m0003_L005_W00005,through,upper,down,3
R_m0003_L005_W00006,through,upper,down,3
R_m0003_L005_W00007,through,upper,down,3
R_m0003_L005_W00008,through,upper,down,3
R_m0003_L005_W00009,through,upper,down,3
R_m0003_L005_W00010,through,upper,down,3
R_m0003_L005_W00011,through,upper,down,3
R_m0003_L005_W00012,through,upper,down,3
R_m0003_L005_W00013,through,upper,down,3
R_m0003_L005_W00014,through,upper,down,3
R_m0003_L005_W00015,through,upper,down,3
R_m0003_L005_W00016,through,upper,down,3
R_m0003_L005_W00017,through,upper,down,3
R_m0003_L005_W00018,through,upper,down,3
R_m0003_L005_W00019,through,upper,down,3
R_m0003_L005_W00020,through,upper,down,3
R_m0003_L005_W00021,through,upper,down,3
R_m0003_L005_W00022,through,upper,down,3
R_m0003_L005_W00023,through,upper,down,3
R_m0003_L005_W00024,through,upper,down,3
R_m0003_L005_W00025,through,upper,down,3
R_m0003_L005_W00026,through,upper,down,3
R_m0003_L005_W00027,through,upper,down,3
R_m0003_L005_W00028,through,upper,down,3
R_m0003_L005_W00029,through,upper,down,3
R_m0003_L005_W00030,through,upper,down,3
R_m0003_L005_W00031,through,upper,down,3
R_m0003_L005_W00032,through,upper,down,3
R_m0003_L005_W00033,through,upper,down,3
R_m0003_L005_W00034,through,upper,down,3
R_m0003_L005_W00035,through,upper,down,3
R_m0003_L005_W00036,through,upper,down,3
R_m0003_L005_W00037,through,upper,down,3
R_m0003_L005_W00038,through,upper,down,3
R_m0003_L005_W00039,through,upper,down,3
R_m0003_L005_W00040,through,upper,down,3
R_m0003_L005_W00041,through,upper,down,3
R_m0003_L005_W00042,through,upper,down,3
R_m0003_L005_W00043,through,upper,down,3
R_m0003_L005_W00044,through,upper,down,3
R_m0003_L005_W00045,through,upper,down,3
R_m0003_L005_W00046,through,upper,down,3
R_m0003_L005_W00047,through,upper,down,3
R_m0003_L005_W00048,through,upper,down,3
R_m0003_L005_W00049,through,upper,down,3
R_m0003_L005_W00050,through,upper,down,3
R_m0003_L005_W00051,through,upper,down,3
R_m0003_L005_W00052,through,upper,down,3
R_m0003_L005_W00053,through,upper,down,3
R_m0003_L005_W00054,through,upper,down,3
R_m0003_L005_W00055,through,upper,down,3
R_m0003_L005_W00056,through,upper,down,3
R_m0003_L005_W00057,through,upper,down,3
R_m0003_L005_W00058,through,upper,down,3
R_m0003_L005_W00059,through,upper,down,3
R_m0003_L005_W00060,through,upper,down,3
R_m0003_L005_W00061,through,upper,down,3
R_m0003_L005_W00062,through,upper,down,3
R_m0003_L005_W00063,through,upper,down,3
R_m0003_L006_W00000,through,upper,down,3
R_m0003_L006_W00001,through,upper,down,3
R_m0003_L006_W00002,through,upper,down,3
R_m0003_L006_W00003,through,upper,down,3
R_m0003_L006_W00004,through,upper,down,3
R_m0003_L006_W00005,through,upper,down,3
R_m0003_L006_W00006,through,upper,down,3
R_m0003_L006_W00007,through,upper,down,3
R_m0003_L006_W00008,through,upper,down,3
R_m0003_L006_W00009,through,upper,down,3
R_m0003_L006_W00010,through,upper,down,3
R_m0003_L006_W00011,through,upper,down,3
R_m0003_L006_W00012,through,upper,down,3
R_m0003_L006_W00013,through,upper,down,3
R_m0003_L006_W00014,through,upper,down,3
R_m0003_L006_W00015,through,upper,down,3
R_m0003_L006_W00016,through,upper,down,3
R_m0003_L006_W00017,through,upper,down,3
R_m0003_L006_W00018,through,upper,down,3
R_m0003_L006_W00019,through,upper,down,3
R_m0003_L006_W00020,through,upper,down,3
R_m0003_L006_W00021,through,upper,down,3
R_m0003_L006_W00022,through,upper,down,3
R_m0003_L006_W00023,through,upper,down,3
R_m0003_L006_W00024,through,upper,down,3
R_m0003_L006_W00025,through,upper,down,3
R_m0003_L006_W00026,through,upper,down,3
R_m0003_L006_W00027,through,upper,down,3
R_m0003_L006_W00028,through,upper,down,3
R_m0003_L006_W00029,through,upper,down,3
R_m0003_L006_W00030,through,upper,down,3
R_m0003_L006_W00031,through,upper,down,3
R_m0003_L006_W00032,through,upper,down,3
R_m0003_L006_W00033,through,upper,down,3
R_m0003_L006_W00034,through,upper,down,3
R_m0003_L006_W00035,through,upper,down,3
R_m0003_L006_W00036,through,upper,down,3
R_m0003_L006_W00037,through,upper,down,3
R_m0003_L006_W00038,through,upper,down,3
R_m0003_L006_W00039,through,upper,down,3
R_m0003_L006_W00040,through,upper,down,3
R_m0003_L006_W00041,through,upper,down,3
R_m0003_L006_W00042,through,upper,down,3
R_m0003_L006_W00043,through,upper,down,3
R_m0003_L006_W00044,through,upper,down,3
R_m0003_L006_W00045,through,upper,down,3
R_m0003_L006_W00046,through,upper,down,3
R_m0003_L006_W00047,through,upper,down,3
R_m0003_L006_W00048,through,upper,down,3
R_m0003_L006_W00049,through,upper,down,3
R_m0003_L006_W00050,through,upper,down,3
R_m0003_L006_W00051,through,upper,down,3
R_m0003_L006_W00052,through,upper,down,3
R_m0003_L006_W00053,through,upper,down,3
R_m0003_L006_W00054,through,upper,down,3
R_m0003_L006_W00055,through,upper,down,3
R_m0003_L006_W00056,through,upper,down,3
R_m0003_L006_W00057,through,upper,down,3
R_m0003_L006_W00058,through,upper,down,3
R_m0003_L006_W00059,through,upper,down,3
R_m0003_L006_W00060,through,upper,down,3
R_m0003_L006_W00061,through,upper,down,3
R_m0003_L006_W00062,through,upper,down,3
R_m0003_L006_W00063,through,upper,down,3
R_m0003_L007_W00000,through,upper,down,3
R_m0003_L007_W00001,through,upper,down,3
R_m0003_L007_W00002,through,upper,down,3
R_m0003_L007_W00003,through,upper,down,3
R_m0003_L007_W00004,through,upper,down,3
R_m0003_L007_W00005,through,upper,down,3
R_m0003_L007_W00006,through,upper,down,3
R_m0003_L007_W00007,through,upper,down,3
R_m0003_L007_W00008,through,upper,down,3
R_m0003_L007_W00009,through,upper,down,3
R_m0003_L007_W00010,through,upper,down,3
R_m0003_L007_W00011,through,upper,down,3
R_m0003_L007_W00012,through,upper,down,3
R_m0003_L007_W00013,through,upper,down,3
R_m0003_L007_W00014,through,upper,down,3
R_m0003_L007_W00015,through,upper,down,3
R_m0003_L007_W00016,through,upper,down,3
R_m0003_L007_W00017,through,upper,down,3
R_m0003_L007_W00018,through,upper,down,3
R_m0003_L007_W00019,through,upper,down,3
R_m0003_L007_W00020,through,upper,down,3
R_m0003_L007_W00021,through,upper,down,3
R_m0003_L007_W00022,through,upper,down,3
R_m0003_L007_W00023,through,upper,down,3
R_m0003_L007_W00024,through,upper,down,3
R_m0003_L007_W00025,through,upper,down,3
R_m0003_L007_W00026,through,upper,down,3
R_m0003_L007_W00027,through,upper,down,3
R_m0003_L007_W00028,through,upper,down,3
R_m0003_L007_W00029,through,upper,down,3
R_m0003_L007_W00030,through,upper,down,3
R_m0003_L007_W00031,through,upper,down,3
R_m0003_L007_W00032,through,upper,down,3
R_m0003_L007_W00033,through,upper,down,3
R_m0003_L007_W00034,through,upper,down,3
R_m0003_L007_W00035,through,upper,down,3
R_m0003_L007_W00036,through,upper,down,3
R_m0003_L007_W00037,through,upper,down,3
R_m0003_L007_W00038,through,upper,down,3
R_m0003_L007_W00039,through,upper,down,3
R_m0003_L007_W00040,through,upper,down,3
R_m0003_L007_W00041,through,upper,down,3
R_m0003_L007_W00042,through,upper,down,3
R_m0003_L007_W00043,through,upper,down,3
R_m0003_L007_W00044,through,upper,down,3
R_m0003_L007_W00045,through,upper,down,3
R_m0003_L007_W00046,through,upper,down,3
R_m0003_L007_W00047,through,upper,down,3
R_m0003_L007_W00048,through,upper,down,3
R_m0003_L007_W00049,through,upper,down,3
R_m0003_L007_W00050,through,upper,down,3
R_m0003_L007_W00051,through,upper,down,3
R_m0003_L007_W00052,through,upper,down,3
R_m0003_L007_W00053,through,upper,down,3
R_m0003_L007_W00054,through,upper,down,3
R_m0003_L007_W00055,through,upper,down,3
R_m0003_L007_W00056,through,upper,down,3
R_m0003_L007_W00057,through,upper,down,3
R_m0003_L007_W00058,through,upper,down,3
R_m0003_L007_W00059,through,upper,down,3
R_m0003_L007_W00060,through,upper,down,3
R_m0003_L007_W00061,through,upper,down,3
R_m0003_L007_W00062,through,upper,down,3
R_m0003_L007_W00063,through,upper,down,3
R_m0003_L008_W00000,through,upper,down,3
R_m0003_L008_W00001,through,upper,down,3
R_m0003_L008_W00002,through,upper,down,3
R_m0003_L008_W00003,through,upper,down,3
R_m0003_L008_W00004,through,upper,down,3
R_m0003_L008_W00005,through,upper,down,3
R_m0003_L008_W00006,through,upper,down,3
R_m0003_L008_W00007,through,upper,down,3
R_m0003_L008_W00008,through,upper,down,3
R_m0003_L008_W00009,through,upper,down,3
R_m0003_L008_W00010,through,upper,down,3
R_m0003_L008_W00011,through,upper,down,3
R_m0003_L008_W00012,through,upper,down,3
R_m0003_L008_W00013,through,upper,down,3
R_m0003_L008_W00014,through,upper,down,3
R_m0003_L008_W00015,through,upper,down,3
R_m0003_L008_W00016,through,upper,down,3
R_m0003_L008_W00017,through,upper,down,3
R_m0003_L008_W00018,through,upper,down,3
R_m0003_L008_W00019,through,upper,down,3
R_m0003_L008_W00020,through,upper,down,3
R_m0003_L008_W00021,through,upper,down,3
R_m0003_L008_W00022,through,upper,down,3
R_m0003_L008_W00023,through,upper,down,3
R_m0003_L008_W00024,through,upper,down,3
R_m0003_L008_W00025,through,upper,down,3
R_m0003_L008_W00026,through,upper,down,3
R_m0003_L008_W00027,through,upper,down,3
R_m0003_L008_W00028,through,upper,down,3
R_m0003_L008_W00029,through,upper,down,3
R_m0003_L008_W00030,through,upper,down,3
R_m0003_L008_W00031,through,upper,down,3
R_m0003_L008_W00032,through,upper,down,3
R_m0003_L008_W00033,through,upper,down,3
R_m0003_L008_W00034,through,upper,down,3
R_m0003_L008_W00035,through,upper,down,3
R_m0003_L008_W00036,through,upper,down,3
R_m0003_L008_W00037,through,upper,down,3
R_m0003_L008_W00038,through,upper,down,3
R_m0003_L008_W00039,through,upper,down,3
R_m0003_L008_W00040,through,upper,down,3
R_m0003_L008_W00041,through,upper,down,3
R_m0003_L008_W00042,through,upper,down,3
R_m0003_L008_W00043,through,upper,down,3
R_m0003_L008_W00044,through,upper,down,3
R_m0003_L008_W00045,through,upper,down,3
R_m0003_L008_W00046,through,upper,down,3
R_m0003_L008_W00047,through,upper,down,3
R_m0003_L008_W00048,through,upper,down,3
R_m0003_L008_W00049,through,upper,down,3
R_m0003_L008_W00050,through,upper,down,3
R_m0003_L008_W00051,through,upper,down,3
R_m0003_L008_W00052,through,upper,down,3
R_m0003_L008_W00053,through,upper,down,3
R_m0003_L008_W00054,through,upper,down,3
R_m0003_L008_W00055,through,upper,down,3
R_m0003_L008_W00056,through,upper,down,3
R_m0003_L008_W00057,through,upper,down,3
R_m0003_L008_W00058,through,upper,down,3
R_m0003_L008_W00059,through,upper,down,3
R_m0003_L008_W00060,through,upper,down,3
R_m0003_L008_W00061,through,upper,down,3
R_m0003_L008_W00062,through,upper,down,3
R_m0003_L008_W00063,through,upper,down,3
R_m0003_L009_W00000,through,upper,down,3
R_m0003_L009_W00001,through,upper,down,3
R_m0003_L009_W00002,through,upper,down,3
R_m0003_L009_W00003,through,upper,down,3
R_m0003_L009_W00004,through,upper,down,3
R_m0003_L009_W00005,through,upper,down,3
R_m0003_L009_W00006,through,upper,down,3
R_m0003_L009_W00007,through,upper,down,3
R_m0003_L009_W00008,through,upper,down,3
R_m0003_L009_W00009,through,upper,down,3
R_m0003_L009_W00010,through,upper,down,3
R_m0003_L009_W00011,through,upper,down,3
R_m0003_L009_W00012,through,upper,down,3
R_m0003_L009_W00013,through,upper,down,3
R_m0003_L009_W00014,through,upper,down,3
R_m0003_L009_W00015,through,upper,down,3
R_m0003_L009_W00016,through,upper,down,3
R_m0003_L009_W00017,through,upper,down,3
R_m0003_L009_W00018,through,upper,down,3
R_m0003_L009_W00019,through,upper,down,3
R_m0003_L009_W00020,through,upper,down,3
R_m0003_L009_W00021,through,upper,down,3
R_m0003_L009_W00022,through,upper,down,3
R_m0003_L009_W00023,through,upper,down,3
R_m0003_L009_W00024,through,upper,down,3
R_m0003_L009_W00025,through,upper,down,3
R_m0003_L009_W00026,through,upper,down,3
R_m0003_L009_W00027,through,upper,down,3
R_m0003_L009_W00028,through,upper,down,3
R_m0003_L009_W00029,through,upper,down,3
R_m0003_L009_W00030,through,upper,down,3
R_m0003_L009_W00031,through,upper,down,3
R_m0003_L009_W00032,through,upper,down,3
R_m0003_L009_W00033,through,upper,down,3
R_m0003_L009_W00034,through,upper,down,3
R_m0003_L009_W00035,through,upper,down,3
R_m0003_L009_W00036,through,upper,down,3
R_m0003_L009_W00037,through,upper,down,3
R_m0003_L009_W00038,through,upper,down,3
R_m0003_L009_W00039,through,upper,down,3
R_m0003_L009_W00040,through,upper,down,3
R_m0003_L009_W00041,through,upper,down,3
R_m0003_L009_W00042,through,upper,down,3
R_m0003_L009_W00043,through,upper,down,3
R_m0003_L009_W00044,through,upper,down,3
R_m0003_L009_W00045,through,upper,down,3
R_m0003_L009_W00046,through,upper,down,3
R_m0003_L009_W00047,through,upper,down,3
R_m0003_L009_W00048,through,upper,down,3
R_m0003_L009_W00049,through,upper,down,3
R_m0003_L009_W00050,through,upper,down,3
R_m0003_L009_W00051,through,upper,down,3
R_m0003_L009_W00052,through,upper,down,3
R_m0003_L009_W00053,through,upper,down,3
R_m0003_L009_W00054,through,upper,down,3
R_m0003_L009_W00055,through,upper,down,3
R_m0003_L009_W00056,through,upper,down,3
R_m0003_L009_W00057,through,upper,down,3
R_m0003_L009_W00058,through,upper,down,3
R_m0003_L009_W00059,through,upper,down,3
R_m0003_L009_W00060,through,upper,down,3
R_m0003_L009_W00061,through,upper,down,3
R_m0003_L009_W00062,through,upper,down,3
R_m0003_L009_W00063,through,upper,down,3
R_m0003_L010_W00000,through,upper,down,3
R_m0003_L010_W00001,through,upper,down,3
R_m0003_L010_W00002,through,upper,down,3
R_m0003_L010_W00003,through,upper,down,3
R_m0003_L010_W00004,through,upper,down,3
R_m0003_L010_W00005,through,upper,down,3
R_m0003_L010_W00006,through,upper,down,3
R_m0003_L010_W00007,through,upper,down,3
R_m0003_L010_W00008,through,upper,down,3
R_m0003_L010_W00009,through,upper,down,3
R_m0003_L010_W00010,through,upper,down,3
R_m0003_L010_W00011,through,upper,down,3
R_m0003_L010_W00012,through,upper,down,3
R_m0003_L010_W00013,through,upper,down,3
R_m0003_L010_W00014,through,upper,down,3
R_m0003_L010_W00015,through,upper,down,3
R_m0003_L010_W00016,through,upper,down,3
R_m0003_L010_W00017,through,upper,down,3
R_m0003_L010_W00018,through,upper,down,3
R_m0003_L010_W00019,through,upper,down,3
R_m0003_L010_W00020,through,upper,down,3
R_m0003_L010_W00021,through,upper,down,3
R_m0003_L010_W00022,through,upper,down,3
R_m0003_L010_W00023,through,upper,down,3
R_m0003_L010_W00024,through,upper,down,3
R_m0003_L010_W00025,through,upper,down,3
R_m0003_L010_W00026,through,upper,down,3
R_m0003_L010_W00027,through,upper,down,3
R_m0003_L010_W00028,through,upper,down,3
R_m0003_L010_W00029,through,upper,down,3
R_m0003_L010_W00030,through,upper,down,3
R_m0003_L010_W00031,through,upper,down,3
R_m0003_L010_W00032,through,upper,down,3
R_m0003_L010_W00033,through,upper,down,3
R_m0003_L010_W00034,through,upper,down,3
R_m0003_L010_W00035,through,upper,down,3
R_m0003_L010_W00036,through,upper,down,3
R_m0003_L010_W00037,through,upper,down,3
R_m0003_L010_W00038,through,upper,down,3
R_m0003_L010_W00039,through,upper,down,3
R_m0003_L010_W00040,through,upper,down,3
R_m0003_L010_W00041,through,upper,down,3
R_m0003_L010_W00042,through,upper,down,3
R_m0003_L010_W00043,through,upper,down,3
R_m0003_L010_W00044,through,upper,down,3
R_m0003_L010_W00045,through,upper,down,3
R_m0003_L010_W00046,through,upper,down,3
R_m0003_L010_W00047,through,upper,down,3
R_m0003_L010_W00048,through,upper,down,3
R_m0003_L010_W00049,through,upper,down,3
R_m0003_L010_W00050,through,upper,down,3
R_m0003_L010_W00051,through,upper,down,3
R_m0003_L010_W00052,through,upper,down,3
R_m0003_L010_W00053,through,upper,down,3
R_m0003_L010_W00054,through,upper,down,3
R_m0003_L010_W00055,through,upper,down,3
R_m0003_L010_W00056,through,upper,down,3
R_m0003_L010_W00057,through,upper,down,3
R_m0003_L010_W00058,through,upper,down,3
R_m0003_L010_W00059,through,upper,down,3
R_m0003_L010_W00060,through,upper,down,3
R_m0003_L010_W00061,through,upper,down,3
R_m0003_L010_W00062,through,upper,down,3
R_m0003_L010_W00063,through,upper,down,3
R_m0004_L001_W00000,through,upper,down,4
R_m0004_L001_W00001,through,upper,down,4
R_m0004_L001_W00002,through,upper,down,4
R_m0004_L001_W00003,through,upper,down,4
R_m0004_L001_W00004,through,upper,down,4
R_m0004_L001_W00005,through,upper,down,4
R_m0004_L001_W00006,through,upper,down,4
R_m0004_L001_W00007,through,upper,down,4
R_m0004_L001_W00008,through,upper,down,4
R_m0004_L001_W00009,through,upper,down,4
R_m0004_L001_W00010,through,upper,down,4
R_m0004_L001_W00011,through,upper,down,4
R_m0004_L001_W00012,through,upper,down,4
R_m0004_L001_W00013,through,upper,down,4
R_m0004_L001_W00014,through,upper,down,4
R_m0004_L001_W00015,through,upper,down,4
R_m0004_L001_W00016,through,upper,down,4
R_m0004_L001_W00017,through,upper,down,4
R_m0004_L001_W00018,through,upper,down,4
R_m0004_L001_W00019,through,upper,down,4
R_m0004_L001_W00020,through,upper,down,4
R_m0004_L001_W00021,through,upper,down,4
R_m0004_L001_W00022,through,upper,down,4
R_m0004_L001_W00023,through,upper,down,4
R_m0004_L001_W00024,through,upper,down,4
R_m0004_L001_W00025,through,upper,down,4
R_m0004_L001_W00026,through,upper,down,4
R_m0004_L001_W00027,through,upper,down,4
R_m0004_L001_W00028,through,upper,down,4
R_m0004_L001_W00029,through,upper,down,4
R_m0004_L001_W00030,through,upper,down,4
R_m0004_L001_W00031,through,upper,down,4
R_m0004_L001_W00032,through,upper,down,4
R_m0004_L001_W00033,through,upper,down,4
R_m0004_L001_W00034,through,upper,down,4
R_m0004_L001_W00035,through,upper,down,4
R_m0004_L001_W00036,through,upper,down,4
R_m0004_L001_W00037,through,upper,down,4
R_m0004_L001_W00038,through,upper,down,4
R_m0004_L001_W00039,through,upper,down,4
R_m0004_L001_W00040,through,upper,down,4
R_m0004_L001_W00041,through,upper,down,4
R_m0004_L001_W00042,through,upper,down,4
R_m0004_L001_W00043,through,upper,down,4
R_m0004_L001_W00044,through,upper,down,4
R_m0004_L001_W00045,through,upper,down,4
R_m0004_L001_W00046,through,upper,down,4
R_m0004_L001_W00047,through,upper,down,4
R_m0004_L001_W00048,through,upper,down,4
R_m0004_L001_W00049,through,upper,down,4
R_m0004_L001_W00050,through,upper,down,4
R_m0004_L001_W00051,through,upper,down,4
R_m0004_L001_W00052,through,upper,down,4
R_m0004_L001_W00053,through,upper,down,4
R_m0004_L001_W00054,through,upper,down,4
R_m0004_L001_W00055,through,upper,down,4
R_m0004_L001_W00056,through,upper,down,4
R_m0004_L001_W00057,through,upper,down,4
R_m0004_L001_W00058,through,upper,down,4
R_m0004_L001_W00059,through,upper,down,4
R_m0004_L001_W00060,through,upper,down,4
R_m0004_L001_W00061,through,upper,down,4
R_m0004_L001_W00062,through,upper,down,4
R_m0004_L001_W00063,through,upper,down,4
R_m0004_L002_W00000,through,upper,down,4
R_m0004_L002_W00001,through,upper,down,4
R_m0004_L002_W00002,through,upper,down,4
R_m0004_L002_W00003,through,upper,down,4
R_m0004_L002_W00004,through,upper,down,4
R_m0004_L002_W00005,through,upper,down,4
R_m0004_L002_W00006,through,upper,down,4
R_m0004_L002_W00007,through,upper,down,4
R_m0004_L002_W00008,through,upper,down,4
R_m0004_L002_W00009,through,upper,down,4
R_m0004_L002_W00010,through,upper,down,4
R_m0004_L002_W00011,through,upper,down,4
R_m0004_L002_W00012,through,upper,down,4
R_m0004_L002_W00013,through,upper,down,4
R_m0004_L002_W00014,through,upper,down,4
R_m0004_L002_W00015,through,upper,down,4
R_m0004_L002_W00016,through,upper,down,4
R_m0004_L002_W00017,through,upper,down,4
R_m0004_L002_W00018,through,upper,down,4
R_m0004_L002_W00019,through,upper,down,4
R_m0004_L002_W00020,through,upper,down,4
R_m0004_L002_W00021,through,upper,down,4
R_m0004_L002_W00022,through,upper,down,4
R_m0004_L002_W00023,through,upper,down,4
R_m0004_L002_W00024,through,upper,down,4
R_m0004_L002_W00025,through,upper,down,4
R_m0004_L002_W00026,through,upper,down,4
R_m0004_L002_W00027,through,upper,down,4
R_m0004_L002_W00028,through,upper,down,4
R_m0004_L002_W00029,through,upper,down,4
R_m0004_L002_W00030,through,upper,down,4
R_m0004_L002_W00031,through,upper,down,4
R_m0004_L002_W00032,through,upper,down,4
R_m0004_L002_W00033,through,upper,down,4
R_m0004_L002_W00034,through,upper,down,4
R_m0004_L002_W00035,through,upper,down,4
R_m0004_L002_W00036,through,upper,down,4
R_m0004_L002_W00037,through,upper,down,4
R_m0004_L002_W00038,through,upper,down,4
R_m0004_L002_W00039,through,upper,down,4
R_m0004_L002_W00040,through,upper,down,4
R_m0004_L002_W00041,through,upper,down,4
R_m0004_L002_W00042,through,upper,down,4
R_m0004_L002_W00043,through,upper,down,4
R_m0004_L002_W00044,through,upper,down,4
R_m0004_L002_W00045,through,upper,down,4
R_m0004_L002_W00046,through,upper,down,4
R_m0004_L002_W00047,through,upper,down,4
R_m0004_L002_W00048,through,upper,down,4
R_m0004_L002_W00049,through,upper,down,4
R_m0004_L002_W00050,through,upper,down,4
R_m0004_L002_W00051,through,upper,down,4
R_m0004_L002_W00052,through,upper,down,4
R_m0004_L002_W00053,through,upper,down,4
R_m0004_L002_W00054,through,upper,down,4
R_m0004_L002_W00055,through,upper,down,4
R_m0004_L002_W00056,through,upper,down,4
R_m0004_L002_W00057,through,upper,down,4
R_m0004_L002_W00058,through,upper,down,4
R_m0004_L002_W00059,through,upper,down,4
R_m0004_L002_W00060,through,upper,down,4
R_m0004_L002_W00061,through,upper,down,4
R_m0004_L002_W00062,through,upper,down,4
R_m0004_L002_W00063,through,upper,down,4
R_m0004_L003_W00000,through,upper,down,4
R_m0004_L003_W00001,through,upper,down,4
R_m0004_L003_W00002,through,upper,down,4
R_m0004_L003_W00003,through,upper,down,4
R_m0004_L003_W00004,through,upper,down,4
R_m0004_L003_W00005,through,upper,down,4
R_m0004_L003_W00006,through,upper,down,4
R_m0004_L003_W00007,through,upper,down,4
R_m0004_L003_W00008,through,upper,down,4
R_m0004_L003_W00009,through,upper,down,4
R_m0004_L003_W00010,through,upper,down,4
R_m0004_L003_W00011,through,upper,down,4
R_m0004_L003_W00012,through,upper,down,4
R_m0004_L003_W00013,through,upper,down,4
R_m0004_L003_W00014,through,upper,down,4
R_m0004_L003_W00015,through,upper,down,4
R_m0004_L003_W00016,through,upper,down,4
R_m0004_L003_W00017,through,upper,down,4
R_m0004_L003_W00018,through,upper,down,4
R_m0004_L003_W00019,through,upper,down,4
R_m0004_L003_W00020,through,upper,down,4
R_m0004_L003_W00021,through,upper,down,4
R_m0004_L003_W00022,through,upper,down,4
R_m0004_L003_W00023,through,upper,down,4
R_m0004_L003_W00024,through,upper,down,4
R_m0004_L003_W00025,through,upper,down,4
R_m0004_L003_W00026,through,upper,down,4
R_m0004_L003_W00027,through,upper,down,4
R_m0004_L003_W00028,through,upper,down,4
R_m0004_L003_W00029,through,upper,down,4
R_m0004_L003_W00030,through,upper,down,4
R_m0004_L003_W00031,through,upper,down,4
R_m0004_L003_W00032,through,upper,down,4
R_m0004_L003_W00033,through,upper,down,4
R_m0004_L003_W00034,through,upper,down,4
R_m0004_L003_W00035,through,upper,down,4
R_m0004_L003_W00036,through,upper,down,4
R_m0004_L003_W00037,through,upper,down,4
R_m0004_L003_W00038,through,upper,down,4
R_m0004_L003_W00039,through,upper,down,4
R_m0004_L003_W00040,through,upper,down,4
R_m0004_L003_W00041,through,upper,down,4
R_m0004_L003_W00042,through,upper,down,4
R_m0004_L003_W00043,through,upper,down,4
R_m0004_L003_W00044,through,upper,down,4
R_m0004_L003_W00045,through,upper,down,4
R_m0004_L003_W00046,through,upper,down,4
R_m0004_L003_W00047,through,upper,down,4
R_m0004_L003_W00048,through,upper,down,4
R_m0004_L003_W00049,through,upper,down,4
R_m0004_L003_W00050,through,upper,down,4
R_m0004_L003_W00051,through,upper,down,4
R_m0004_L003_W00052,through,upper,down,4
R_m0004_L003_W00053,through,upper,down,4
R_m0004_L003_W00054,through,upper,down,4
R_m0004_L003_W00055,through,upper,down,4
R_m0004_L003_W00056,through,upper,down,4
R_m0004_L003_W00057,through,upper,down,4
R_m0004_L003_W00058,through,upper,down,4
R_m0004_L003_W00059,through,upper,down,4
R_m0004_L003_W00060,through,upper,down,4
R_m0004_L003_W00061,through,upper,down,4
R_m0004_L003_W00062,through,upper,down,4
R_m0004_L003_W00063,through,upper,down,4
R_m0004_L004_W00000,through,upper,down,4
R_m0004_L004_W00001,through,upper,down,4
R_m0004_L004_W00002,through,upper,down,4
R_m0004_L004_W00003,through,upper,down,4
R_m0004_L004_W00004,through,upper,down,4
R_m0004_L004_W00005,through,upper,down,4
R_m0004_L004_W00006,through,upper,down,4
R_m0004_L004_W00007,through,upper,down,4
R_m0004_L004_W00008,through,upper,down,4
R_m0004_L004_W00009,through,upper,down,4
R_m0004_L004_W00010,through,upper,down,4
R_m0004_L004_W00011,through,upper,down,4
R_m0004_L004_W00012,through,upper,down,4
R_m0004_L004_W00013,through,upper,down,4
R_m0004_L004_W00014,through,upper,down,4
R_m0004_L004_W00015,through,upper,down,4
R_m0004_L004_W00016,through,upper,down,4
R_m0004_L004_W00017,through,upper,down,4
R_m0004_L004_W00018,through,upper,down,4
R_m0004_L004_W00019,through,upper,down,4
R_m0004_L004_W00020,through,upper,down,4
R_m0004_L004_W00021,through,upper,down,4
R_m0004_L004_W00022,through,upper,down,4
R_m0004_L004_W00023,through,upper,down,4
R_m0004_L004_W00024,through,upper,down,4
R_m0004_L004_W00025,through,upper,down,4
R_m0004_L004_W00026,through,upper,down,4
R_m0004_L004_W00027,through,upper,down,4
R_m0004_L004_W00028,through,upper,down,4
R_m0004_L004_W00029,through,upper,down,4
R_m0004_L004_W00030,through,upper,down,4
R_m0004_L004_W00031,through,upper,down,4
R_m0004_L004_W00032,through,upper,down,4
R_m0004_L004_W00033,through,upper,down,4
R_m0004_L004_W00034,through,upper,down,4
R_m0004_L004_W00035,through,upper,down,4
R_m0004_L004_W00036,through,upper,down,4
R_m0004_L004_W00037,through,upper,down,4
R_m0004_L004_W00038,through,upper,down,4
R_m0004_L004_W00039,through,upper,down,4
R_m0004_L004_W00040,through,upper,down,4
R_m0004_L004_W00041,through,upper,down,4
R_m0004_L004_W00042,through,upper,down,4
R_m0004_L004_W00043,through,upper,down,4
R_m0004_L004_W00044,through,upper,down,4
R_m0004_L004_W00045,through,upper,down,4
R_m0004_L004_W00046,through,upper,down,4
R_m0004_L004_W00047,through,upper,down,4
R_m0004_L004_W00048,through,upper,down,4
R_m0004_L004_W00049,through,upper,down,4
R_m0004_L004_W00050,through,upper,down,4
R_m0004_L004_W00051,through,upper,down,4
R_m0004_L004_W00052,through,upper,down,4
R_m0004_L004_W00053,through,upper,down,4
R_m0004_L004_W00054,through,upper,down,4
R_m0004_L004_W00055,through,upper,down,4
R_m0004_L004_W00056,through,upper,down,4
R_m0004_L004_W00057,through,upper,down,4
R_m0004_L004_W00058,through,upper,down,4
R_m0004_L004_W00059,through,upper,down,4
R_m0004_L004_W00060,through,upper,down,4
R_m0004_L004_W00061,through,upper,down,4
R_m0004_L004_W00062,through,upper,down,4
R_m0004_L004_W00063,through,upper,down,4
R_m0004_L005_W00000,through,upper,down,4
R_m0004_L005_W00001,through,upper,down,4
R_m0004_L005_W00002,through,upper,down,4
R_m0004_L005_W00003,through,upper,down,4
R_m0004_L005_W00004,through,upper,down,4
R_m0004_L005_W00005,through,upper,down,4
R_m0004_L005_W00006,through,upper,down,4
R_m0004_L005_W00007,through,upper,down,4
R_m0004_L005_W00008,through,upper,down,4
R_m0004_L005_W00009,through,upper,down,4
R_m0004_L005_W00010,through,upper,down,4
R_m0004_L005_W00011,through,upper,down,4
R_m0004_L005_W00012,through,upper,down,4
R_m0004_L005_W00013,through,upper,down,4
R_m0004_L005_W00014,through,upper,down,4
R_m0004_L005_W00015,through,upper,down,4
R_m0004_L005_W00016,through,upper,down,4
R_m0004_L005_W00017,through,upper,down,4
R_m0004_L005_W00018,through,upper,down,4
R_m0004_L005_W00019,through,upper,down,4
R_m0004_L005_W00020,through,upper,down,4
R_m0004_L005_W00021,through,upper,down,4
R_m0004_L005_W00022,through,upper,down,4
R_m0004_L005_W00023,through,upper,down,4
R_m0004_L005_W00024,through,upper,down,4
R_m0004_L005_W00025,through,upper,down,4
R_m0004_L005_W00026,through,upper,down,4
R_m0004_L005_W00027,through,upper,down,4
R_m0004_L005_W00028,through,upper,down,4
R_m0004_L005_W00029,through,upper,down,4
R_m0004_L005_W00030,through,upper,down,4
R_m0004_L005_W00031,through,upper,down,4
R_m0004_L005_W00032,through,upper,down,4
R_m0004_L005_W00033,through,upper,down,4
R_m0004_L005_W00034,through,upper,down,4
R_m0004_L005_W00035,through,upper,down,4
R_m0004_L005_W00036,through,upper,down,4
R_m0004_L005_W00037,through,upper,down,4
R_m0004_L005_W00038,through,upper,down,4
R_m0004_L005_W00039,through,upper,down,4
R_m0004_L005_W00040,through,upper,down,4
R_m0004_L005_W00041,through,upper,down,4
R_m0004_L005_W00042,through,upper,down,4
R_m0004_L005_W00043,through,upper,down,4
R_m0004_L005_W00044,through,upper,down,4
R_m0004_L005_W00045,through,upper,down,4
R_m0004_L005_W00046,through,upper,down,4
R_m0004_L005_W00047,through,upper,down,4
R_m0004_L005_W00048,through,upper,down,4
R_m0004_L005_W00049,through,upper,down,4
R_m0004_L005_W00050,through,upper,down,4
R_m0004_L005_W00051,through,upper,down,4
R_m0004_L005_W00052,through,upper,down,4
R_m0004_L005_W00053,through,upper,down,4
R_m0004_L005_W00054,through,upper,down,4
R_m0004_L005_W00055,through,upper,down,4
R_m0004_L005_W00056,through,upper,down,4
R_m0004_L005_W00057,through,upper,down,4
R_m0004_L005_W00058,through,upper,down,4
R_m0004_L005_W00059,through,upper,down,4
R_m0004_L005_W00060,through,upper,down,4
R_m0004_L005_W00061,through,upper,down,4
R_m0004_L005_W00062,through,upper,down,4
R_m0004_L005_W00063,through,upper,down,4
R_m0004_L006_W00000,through,upper,down,4
R_m0004_L006_W00001,through,upper,down,4
R_m0004_L006_W00002,through,upper,down,4
R_m0004_L006_W00003,through,upper,down,4
R_m0004_L006_W00004,through,upper,down,4
R_m0004_L006_W00005,through,upper,down,4
R_m0004_L006_W00006,through,upper,down,4
R_m0004_L006_W00007,through,upper,down,4
R_m0004_L006_W00008,through,upper,down,4
R_m0004_L006_W00009,through,upper,down,4
R_m0004_L006_W00010,through,upper,down,4
R_m0004_L006_W00011,through,upper,down,4
R_m0004_L006_W00012,through,upper,down,4
R_m0004_L006_W00013,through,upper,down,4
R_m0004_L006_W00014,through,upper,down,4
R_m0004_L006_W00015,through,upper,down,4
R_m0004_L006_W00016,through,upper,down,4
R_m0004_L006_W00017,through,upper,down,4
R_m0004_L006_W00018,through,upper,down,4
R_m0004_L006_W00019,through,upper,down,4
R_m0004_L006_W00020,through,upper,down,4
R_m0004_L006_W00021,through,upper,down,4
R_m0004_L006_W00022,through,upper,down,4
R_m0004_L006_W00023,through,upper,down,4
R_m0004_L006_W00024,through,upper,down,4
R_m0004_L006_W00025,through,upper,down,4
R_m0004_L006_W00026,through,upper,down,4
R_m0004_L006_W00027,through,upper,down,4
R_m0004_L006_W00028,through,upper,down,4
R_m0004_L006_W00029,through,upper,down,4
R_m0004_L006_W00030,through,upper,down,4
R_m0004_L006_W00031,through,upper,down,4
R_m0004_L006_W00032,through,upper,down,4
R_m0004_L006_W00033,through,upper,down,4
R_m0004_L006_W00034,through,upper,down,4
R_m0004_L006_W00035,through,upper,down,4
R_m0004_L006_W00036,through,upper,down,4
R_m0004_L006_W00037,through,upper,down,4
R_m0004_L006_W00038,through,upper,down,4
R_m0004_L006_W00039,through,upper,down,4
R_m0004_L006_W00040,through,upper,down,4
R_m0004_L006_W00041,through,upper,down,4
R_m0004_L006_W00042,through,upper,down,4
R_m0004_L006_W00043,through,upper,down,4
R_m0004_L006_W00044,through,upper,down,4
R_m0004_L006_W00045,through,upper,down,4
R_m0004_L006_W00046,through,upper,down,4
R_m0004_L006_W00047,through,upper,down,4
R_m0004_L006_W00048,through,upper,down,4
R_m0004_L006_W00049,through,upper,down,4
R_m0004_L006_W00050,through,upper,down,4
R_m0004_L006_W00051,through,upper,down,4
R_m0004_L006_W00052,through,upper,down,4
R_m0004_L006_W00053,through,upper,down,4
R_m0004_L006_W00054,through,upper,down,4
R_m0004_L006_W00055,through,upper,down,4
R_m0004_L006_W00056,through,upper,down,4
R_m0004_L006_W00057,through,upper,down,4
R_m0004_L006_W00058,through,upper,down,4
R_m0004_L006_W00059,through,upper,down,4
R_m0004_L006_W00060,through,upper,down,4
R_m0004_L006_W00061,through,upper,down,4
R_m0004_L006_W00062,through,upper,down,4
R_m0004_L006_W00063,through,upper,down,4
R_m0004_L007_W00000,through,upper,down,4
R_m0004_L007_W00001,through,upper,down,4
R_m0004_L007_W00002,through,upper,down,4
R_m0004_L007_W00003,through,upper,down,4
R_m0004_L007_W00004,through,upper,down,4
R_m0004_L007_W00005,through,upper,down,4
R_m0004_L007_W00006,through,upper,down,4
R_m0004_L007_W00007,through,upper,down,4
R_m0004_L007_W00008,through,upper,down,4
R_m0004_L007_W00009,through,upper,down,4
R_m0004_L007_W00010,through,upper,down,4
R_m0004_L007_W00011,through,upper,down,4
R_m0004_L007_W00012,through,upper,down,4
R_m0004_L007_W00013,through,upper,down,4
R_m0004_L007_W00014,through,upper,down,4
R_m0004_L007_W00015,through,upper,down,4
R_m0004_L007_W00016,through,upper,down,4
R_m0004_L007_W00017,through,upper,down,4
R_m0004_L007_W00018,through,upper,down,4
R_m0004_L007_W00019,through,upper,down,4
R_m0004_L007_W00020,through,upper,down,4
R_m0004_L007_W00021,through,upper,down,4
R_m0004_L007_W00022,through,upper,down,4
R_m0004_L007_W00023,through,upper,down,4
R_m0004_L007_W00024,through,upper,down,4
R_m0004_L007_W00025,through,upper,down,4
R_m0004_L007_W00026,through,upper,down,4
R_m0004_L007_W00027,through,upper,down,4
R_m0004_L007_W00028,through,upper,down,4
R_m0004_L007_W00029,through,upper,down,4
R_m0004_L007_W00030,through,upper,down,4
R_m0004_L007_W00031,through,upper,down,4
R_m0004_L007_W00032,through,upper,down,4
R_m0004_L007_W00033,through,upper,down,4
R_m0004_L007_W00034,through,upper,down,4
R_m0004_L007_W00035,through,upper,down,4
R_m0004_L007_W00036,through,upper,down,4
R_m0004_L007_W00037,through,upper,down,4
R_m0004_L007_W00038,through,upper,down,4
R_m0004_L007_W00039,through,upper,down,4
R_m0004_L007_W00040,through,upper,down,4
R_m0004_L007_W00041,through,upper,down,4
R_m0004_L007_W00042,through,upper,down,4
R_m0004_L007_W00043,through,upper,down,4
R_m0004_L007_W00044,through,upper,down,4
R_m0004_L007_W00045,through,upper,down,4
R_m0004_L007_W00046,through,upper,down,4
R_m0004_L007_W00047,through,upper,down,4
R_m0004_L007_W00048,through,upper,down,4
R_m0004_L007_W00049,through,upper,down,4
R_m0004_L007_W00050,through,upper,down,4
R_m0004_L007_W00051,through,upper,down,4
R_m0004_L007_W00052,through,upper,down,4
R_m0004_L007_W00053,through,upper,down,4
R_m0004_L007_W00054,through,upper,down,4
R_m0004_L007_W00055,through,upper,down,4
R_m0004_L007_W00056,through,upper,down,4
R_m0004_L007_W00057,through,upper,down,4
R_m0004_L007_W00058,through,upper,down,4
R_m0004_L007_W00059,through,upper,down,4
R_m0004_L007_W00060,through,upper,down,4
R_m0004_L007_W00061,through,upper,down,4
R_m0004_L007_W00062,through,upper,down,4
R_m0004_L007_W00063,through,upper,down,4
R_m0004_L008_W00000,through,upper,down,4
R_m0004_L008_W00001,through,upper,down,4
R_m0004_L008_W00002,through,upper,down,4
R_m0004_L008_W00003,through,upper,down,4
R_m0004_L008_W00004,through,upper,down,4
R_m0004_L008_W00005,through,upper,down,4
R_m0004_L008_W00006,through,upper,down,4
R_m0004_L008_W00007,through,upper,down,4
R_m0004_L008_W00008,through,upper,down,4
R_m0004_L008_W00009,through,upper,down,4
R_m0004_L008_W00010,through,upper,down,4
R_m0004_L008_W00011,through,upper,down,4
R_m0004_L008_W00012,through,upper,down,4
R_m0004_L008_W00013,through,upper,down,4
R_m0004_L008_W00014,through,upper,down,4
R_m0004_L008_W00015,through,upper,down,4
R_m0004_L008_W00016,through,upper,down,4
R_m0004_L008_W00017,through,upper,down,4
R_m0004_L008_W00018,through,upper,down,4
R_m0004_L008_W00019,through,upper,down,4
R_m0004_L008_W00020,through,upper,down,4
R_m0004_L008_W00021,through,upper,down,4
R_m0004_L008_W00022,through,upper,down,4
R_m0004_L008_W00023,through,upper,down,4
R_m0004_L008_W00024,through,upper,down,4
R_m0004_L008_W00025,through,upper,down,4
R_m0004_L008_W00026,through,upper,down,4
R_m0004_L008_W00027,through,upper,down,4
R_m0004_L008_W00028,through,upper,down,4
R_m0004_L008_W00029,through,upper,down,4
R_m0004_L008_W00030,through,upper,down,4
R_m0004_L008_W00031,through,upper,down,4
R_m0004_L008_W00032,through,upper,down,4
R_m0004_L008_W00033,through,upper,down,4
R_m0004_L008_W00034,through,upper,down,4
R_m0004_L008_W00035,through,upper,down,4
R_m0004_L008_W00036,through,upper,down,4
R_m0004_L008_W00037,through,upper,down,4
R_m0004_L008_W00038,through,upper,down,4
R_m0004_L008_W00039,through,upper,down,4
R_m0004_L008_W00040,through,upper,down,4
R_m0004_L008_W00041,through,upper,down,4
R_m0004_L008_W00042,through,upper,down,4
R_m0004_L008_W00043,through,upper,down,4
R_m0004_L008_W00044,through,upper,down,4
R_m0004_L008_W00045,through,upper,down,4
R_m0004_L008_W00046,through,upper,down,4
R_m0004_L008_W00047,through,upper,down,4
R_m0004_L008_W00048,through,upper,down,4
R_m0004_L008_W00049,through,upper,down,4
R_m0004_L008_W00050,through,upper,down,4
R_m0004_L008_W00051,through,upper,down,4
R_m0004_L008_W00052,through,upper,down,4
R_m0004_L008_W00053,through,upper,down,4
R_m0004_L008_W00054,through,upper,down,4
R_m0004_L008_W00055,through,upper,down,4
R_m0004_L008_W00056,through,upper,down,4
R_m0004_L008_W00057,through,upper,down,4
R_m0004_L008_W00058,through,upper,down,4
R_m0004_L008_W00059,through,upper,down,4
R_m0004_L008_W00060,through,upper,down,4
R_m0004_L008_W00061,through,upper,down,4
R_m0004_L008_W00062,through,upper,down,4
R_m0004_L008_W00063,through,upper,down,4
R_m0004_L009_W00000,through,upper,down,4
R_m0004_L009_W00001,through,upper,down,4
R_m0004_L009_W00002,through,upper,down,4
R_m0004_L009_W00003,through,upper,down,4
R_m0004_L009_W00004,through,upper,down,4
R_m0004_L009_W00005,through,upper,down,4
R_m0004_L009_W00006,through,upper,down,4
R_m0004_L009_W00007,through,upper,down,4
R_m0004_L009_W00008,through,upper,down,4
R_m0004_L009_W00009,through,upper,down,4
R_m0004_L009_W00010,through,upper,down,4
R_m0004_L009_W00011,through,upper,down,4
R_m0004_L009_W00012,through,upper,down,4
R_m0004_L009_W00013,through,upper,down,4
R_m0004_L009_W00014,through,upper,down,4
R_m0004_L009_W00015,through,upper,down,4
R_m0004_L009_W00016,through,upper,down,4
R_m0004_L009_W00017,through,upper,down,4
R_m0004_L009_W00018,through,upper,down,4
R_m0004_L009_W00019,through,upper,down,4
R_m0004_L009_W00020,through,upper,down,4
R_m0004_L009_W00021,through,upper,down,4
R_m0004_L009_W00022,through,upper,down,4
R_m0004_L009_W00023,through,upper,down,4
R_m0004_L009_W00024,through,upper,down,4
R_m0004_L009_W00025,through,upper,down,4
R_m0004_L009_W00026,through,upper,down,4
R_m0004_L009_W00027,through,upper,down,4
R_m0004_L009_W00028,through,upper,down,4
R_m0004_L009_W00029,through,upper,down,4
R_m0004_L009_W00030,through,upper,down,4
R_m0004_L009_W00031,through,upper,down,4
R_m0004_L009_W00032,through,upper,down,4
R_m0004_L009_W00033,through,upper,down,4
R_m0004_L009_W00034,through,upper,down,4
R_m0004_L009_W00035,through,upper,down,4
R_m0004_L009_W00036,through,upper,down,4
R_m0004_L009_W00037,through,upper,down,4
R_m0004_L009_W00038,through,upper,down,4
R_m0004_L009_W00039,through,upper,down,4
R_m0004_L009_W00040,through,upper,down,4
R_m0004_L009_W00041,through,upper,down,4
R_m0004_L009_W00042,through,upper,down,4
R_m0004_L009_W00043,through,upper,down,4
R_m0004_L009_W00044,through,upper,down,4
R_m0004_L009_W00045,through,upper,down,4
R_m0004_L009_W00046,through,upper,down,4
R_m0004_L009_W00047,through,upper,down,4
R_m0004_L009_W00048,through,upper,down,4
R_m0004_L009_W00049,through,upper,down,4
R_m0004_L009_W00050,through,upper,down,4
R_m0004_L009_W00051,through,upper,down,4
R_m0004_L009_W00052,through,upper,down,4
R_m0004_L009_W00053,through,upper,down,4
R_m0004_L009_W00054,through,upper,down,4
R_m0004_L009_W00055,through,upper,down,4
R_m0004_L009_W00056,through,upper,down,4
R_m0004_L009_W00057,through,upper,down,4
R_m0004_L009_W00058,through,upper,down,4
R_m0004_L009_W00059,through,upper,down,4
R_m0004_L009_W00060,through,upper,down,4
R_m0004_L009_W00061,through,upper,down,4
R_m0004_L009_W00062,through,upper,down,4
R_m0004_L009_W00063,through,upper,down,4
R_m0004_L010_W00000,through,upper,down,4
R_m0004_L010_W00001,through,upper,down,4
R_m0004_L010_W00002,through,upper,down,4
R_m0004_L010_W00003,through,upper,down,4
R_m0004_L010_W00004,through,upper,down,4
R_m0004_L010_W00005,through,upper,down,4
R_m0004_L010_W00006,through,upper,down,4
R_m0004_L010_W00007,through,upper,down,4
R_m0004_L010_W00008,through,upper,down,4
R_m0004_L010_W00009,through,upper,down,4
R_m0004_L010_W00010,through,upper,down,4
R_m0004_L010_W00011,through,upper,down,4
R_m0004_L010_W00012,through,upper,down,4
R_m0004_L010_W00013,through,upper,down,4
R_m0004_L010_W00014,through,upper,down,4
R_m0004_L010_W00015,through,upper,down,4
R_m0004_L010_W00016,through,upper,down,4
R_m0004_L010_W00017,through,upper,down,4
R_m0004_L010_W00018,through,upper,down,4
R_m0004_L010_W00019,through,upper,down,4
R_m0004_L010_W00020,through,upper,down,4
R_m0004_L010_W00021,through,upper,down,4
R_m0004_L010_W00022,through,upper,down,4
R_m0004_L010_W00023,through,upper,down,4
R_m0004_L010_W00024,through,upper,down,4
R_m0004_L010_W00025,through,upper,down,4
R_m0004_L010_W00026,through,upper,down,4
R_m0004_L010_W00027,through,upper,down,4
R_m0004_L010_W00028,through,upper,down,4
R_m0004_L010_W00029,through,upper,down,4
R_m0004_L010_W00030,through,upper,down,4
R_m0004_L010_W00031,through,upper,down,4
R_m0004_L010_W00032,through,upper,down,4
R_m0004_L010_W00033,through,upper,down,4
R_m0004_L010_W00034,through,upper,down,4
R_m0004_L010_W00035,through,upper,down,4
R_m0004_L010_W00036,through,upper,down,4
R_m0004_L010_W00037,through,upper,down,4
R_m0004_L010_W00038,through,upper,down,4
R_m0004_L010_W00039,through,upper,down,4
R_m0004_L010_W00040,through,upper,down,4
R_m0004_L010_W00041,through,upper,down,4
R_m0004_L010_W00042,through,upper,down,4
R_m0004_L010_W00043,through,upper,down,4
R_m0004_L010_W00044,through,upper,down,4
R_m0004_L010_W00045,through,upper,down,4
R_m0004_L010_W00046,through,upper,down,4
R_m0004_L010_W00047,through,upper,down,4
R_m0004_L010_W00048,through,upper,down,4
R_m0004_L010_W00049,through,upper,down,4
R_m0004_L010_W00050,through,upper,down,4
R_m0004_L010_W00051,through,upper,down,4
R_m0004_L010_W00052,through,upper,down,4
R_m0004_L010_W00053,through,upper,down,4
R_m0004_L010_W00054,through,upper,down,4
R_m0004_L010_W00055,through,upper,down,4
R_m0004_L010_W00056,through,upper,down,4
R_m0004_L010_W00057,through,upper,down,4
R_m0004_L010_W00058,through,upper,down,4
R_m0004_L010_W00059,through,upper,down,4
R_m0004_L010_W00060,through,upper,down,4
R_m0004_L010_W00061,through,upper,down,4
R_m0004_L010_W00062,through,upper,down,4
R_m0004_L010_W00063,through,upper,down,4
R_m0005_L001_W00000,through,upper,down,5
R_m0005_L001_W00001,through,upper,down,5
R_m0005_L001_W00002,through,upper,down,5
R_m0005_L001_W00003,through,upper,down,5
R_m0005_L001_W00004,through,upper,down,5
R_m0005_L001_W00005,through,upper,down,5
R_m0005_L001_W00006,through,upper,down,5
R_m0005_L001_W00007,through,upper,down,5
R_m0005_L001_W00008,through,upper,down,5
R_m0005_L001_W00009,through,upper,down,5
R_m0005_L001_W00010,through,upper,down,5
R_m0005_L001_W00011,through,upper,down,5
R_m0005_L001_W00012,through,upper,down,5
R_m0005_L001_W00013,through,upper,down,5
R_m0005_L001_W00014,through,upper,down,5
R_m0005_L001_W00015,through,upper,down,5
R_m0005_L001_W00016,through,upper,down,5
R_m0005_L001_W00017,through,upper,down,5
R_m0005_L001_W00018,through,upper,down,5
R_m0005_L001_W00019,through,upper,down,5
R_m0005_L001_W00020,through,upper,down,5
R_m0005_L001_W00021,through,upper,down,5
R_m0005_L001_W00022,through,upper,down,5
R_m0005_L001_W00023,through,upper,down,5
R_m0005_L001_W00024,through,upper,down,5
R_m0005_L001_W00025,through,upper,down,5
R_m0005_L001_W00026,through,upper,down,5
R_m0005_L001_W00027,through,upper,down,5
R_m0005_L001_W00028,through,upper,down,5
R_m0005_L001_W00029,through,upper,down,5
R_m0005_L001_W00030,through,upper,down,5
R_m0005_L001_W00031,through,upper,down,5
R_m0005_L001_W00032,through,upper,down,5
R_m0005_L001_W00033,through,upper,down,5
R_m0005_L001_W00034,through,upper,down,5
R_m0005_L001_W00035,through,upper,down,5
R_m0005_L001_W00036,through,upper,down,5
R_m0005_L001_W00037,through,upper,down,5
R_m0005_L001_W00038,through,upper,down,5
R_m0005_L001_W00039,through,upper,down,5
R_m0005_L001_W00040,through,upper,down,5
R_m0005_L001_W00041,through,upper,down,5
R_m0005_L001_W00042,through,upper,down,5
R_m0005_L001_W00043,through,upper,down,5
R_m0005_L001_W00044,through,upper,down,5
R_m0005_L001_W00045,through,upper,down,5
R_m0005_L001_W00046,through,upper,down,5
R_m0005_L001_W00047,through,upper,down,5
R_m0005_L001_W00048,through,upper,down,5
R_m0005_L001_W00049,through,upper,down,5
R_m0005_L001_W00050,through,upper,down,5
R_m0005_L001_W00051,through,upper,down,5
R_m0005_L001_W00052,through,upper,down,5
R_m0005_L001_W00053,through,upper,down,5
R_m0005_L001_W00054,through,upper,down,5
R_m0005_L001_W00055,through,upper,down,5
R_m0005_L001_W00056,through,upper,down,5
R_m0005_L001_W00057,through,upper,down,5
R_m0005_L001_W00058,through,upper,down,5
R_m0005_L001_W00059,through,upper,down,5
R_m0005_L001_W00060,through,upper,down,5
R_m0005_L001_W00061,through,upper,down,5
R_m0005_L001_W00062,through,upper,down,5
R_m0005_L001_W00063,through,upper,down,5
R_m0005_L002_W00000,through,upper,down,5
R_m0005_L002_W00001,through,upper,down,5
R_m0005_L002_W00002,through,upper,down,5
R_m0005_L002_W00003,through,upper,down,5
R_m0005_L002_W00004,through,upper,down,5
R_m0005_L002_W00005,through,upper,down,5
R_m0005_L002_W00006,through,upper,down,5
R_m0005_L002_W00007,through,upper,down,5
R_m0005_L002_W00008,through,upper,down,5
R_m0005_L002_W00009,through,upper,down,5
R_m0005_L002_W00010,through,upper,down,5
R_m0005_L002_W00011,through,upper,down,5
R_m0005_L002_W00012,through,upper,down,5
R_m0005_L002_W00013,through,upper,down,5
R_m0005_L002_W00014,through,upper,down,5
R_m0005_L002_W00015,through,upper,down,5
R_m0005_L002_W00016,through,upper,down,5
R_m0005_L002_W00017,through,upper,down,5
R_m0005_L002_W00018,through,upper,down,5
R_m0005_L002_W00019,through,upper,down,5
R_m0005_L002_W00020,through,upper,down,5
R_m0005_L002_W00021,through,upper,down,5
R_m0005_L002_W00022,through,upper,down,5
R_m0005_L002_W00023,through,upper,down,5
R_m0005_L002_W00024,through,upper,down,5
R_m0005_L002_W00025,through,upper,down,5
R_m0005_L002_W00026,through,upper,down,5
R_m0005_L002_W00027,through,upper,down,5
R_m0005_L002_W00028,through,upper,down,5
R_m0005_L002_W00029,through,upper,down,5
R_m0005_L002_W00030,through,upper,down,5
R_m0005_L002_W00031,through,upper,down,5
R_m0005_L002_W00032,through,upper,down,5
R_m0005_L002_W00033,through,upper,down,5
R_m0005_L002_W00034,through,upper,down,5
R_m0005_L002_W00035,through,upper,down,5
R_m0005_L002_W00036,through,upper,down,5
R_m0005_L002_W00037,through,upper,down,5
R_m0005_L002_W00038,through,upper,down,5
R_m0005_L002_W00039,through,upper,down,5
R_m0005_L002_W00040,through,upper,down,5
R_m0005_L002_W00041,through,upper,down,5
R_m0005_L002_W00042,through,upper,down,5
R_m0005_L002_W00043,through,upper,down,5
R_m0005_L002_W00044,through,upper,down,5
R_m0005_L002_W00045,through,upper,down,5
R_m0005_L002_W00046,through,upper,down,5
R_m0005_L002_W00047,through,upper,down,5
R_m0005_L002_W00048,through,upper,down,5
R_m0005_L002_W00049,through,upper,down,5
R_m0005_L002_W00050,through,upper,down,5
R_m0005_L002_W00051,through,upper,down,5
R_m0005_L002_W00052,through,upper,down,5
R_m0005_L002_W00053,through,upper,down,5
R_m0005_L002_W00054,through,upper,down,5
R_m0005_L002_W00055,through,upper,down,5
R_m0005_L002_W00056,through,upper,down,5
R_m0005_L002_W00057,through,upper,down,5
R_m0005_L002_W00058,through,upper,down,5
R_m0005_L002_W00059,through,upper,down,5
R_m0005_L002_W00060,through,upper,down,5
R_m0005_L002_W00061,through,upper,down,5
R_m0005_L002_W00062,through,upper,down,5
R_m0005_L002_W00063,through,upper,down,5
R_m0005_L003_W00000,through,upper,down,5
R_m0005_L003_W00001,through,upper,down,5
R_m0005_L003_W00002,through,upper,down,5
R_m0005_L003_W00003,through,upper,down,5
R_m0005_L003_W00004,through,upper,down,5
R_m0005_L003_W00005,through,upper,down,5
R_m0005_L003_W00006,through,upper,down,5
R_m0005_L003_W00007,through,upper,down,5
R_m0005_L003_W00008,through,upper,down,5
R_m0005_L003_W00009,through,upper,down,5
R_m0005_L003_W00010,through,upper,down,5
R_m0005_L003_W00011,through,upper,down,5
R_m0005_L003_W00012,through,upper,down,5
R_m0005_L003_W00013,through,upper,down,5
R_m0005_L003_W00014,through,upper,down,5
R_m0005_L003_W00015,through,upper,down,5
R_m0005_L003_W00016,through,upper,down,5
R_m0005_L003_W00017,through,upper,down,5
R_m0005_L003_W00018,through,upper,down,5
R_m0005_L003_W00019,through,upper,down,5
R_m0005_L003_W00020,through,upper,down,5
R_m0005_L003_W00021,through,upper,down,5
R_m0005_L003_W00022,through,upper,down,5
R_m0005_L003_W00023,through,upper,down,5
R_m0005_L003_W00024,through,upper,down,5
R_m0005_L003_W00025,through,upper,down,5
R_m0005_L003_W00026,through,upper,down,5
R_m0005_L003_W00027,through,upper,down,5
R_m0005_L003_W00028,through,upper,down,5
R_m0005_L003_W00029,through,upper,down,5
R_m0005_L003_W00030,through,upper,down,5
R_m0005_L003_W00031,through,upper,down,5
R_m0005_L003_W00032,through,upper,down,5
R_m0005_L003_W00033,through,upper,down,5
R_m0005_L003_W00034,through,upper,down,5
R_m0005_L003_W00035,through,upper,down,5
R_m0005_L003_W00036,through,upper,down,5
R_m0005_L003_W00037,through,upper,down,5
R_m0005_L003_W00038,through,upper,down,5
R_m0005_L003_W00039,through,upper,down,5
R_m0005_L003_W00040,through,upper,down,5
R_m0005_L003_W00041,through,upper,down,5
R_m0005_L003_W00042,through,upper,down,5
R_m0005_L003_W00043,through,upper,down,5
R_m0005_L003_W00044,through,upper,down,5
R_m0005_L003_W00045,through,upper,down,5
R_m0005_L003_W00046,through,upper,down,5
R_m0005_L003_W00047,through,upper,down,5
R_m0005_L003_W00048,through,upper,down,5
R_m0005_L003_W00049,through,upper,down,5
R_m0005_L003_W00050,through,upper,down,5
R_m0005_L003_W00051,through,upper,down,5
R_m0005_L003_W00052,through,upper,down,5
R_m0005_L003_W00053,through,upper,down,5
R_m0005_L003_W00054,through,upper,down,5
R_m0005_L003_W00055,through,upper,down,5
R_m0005_L003_W00056,through,upper,down,5
R_m0005_L003_W00057,through,upper,down,5
R_m0005_L003_W00058,through,upper,down,5
R_m0005_L003_W00059,through,upper,down,5
R_m0005_L003_W00060,through,upper,down,5
R_m0005_L003_W00061,through,upper,down,5
R_m0005_L003_W00062,through,upper,down,5
R_m0005_L003_W00063,through,upper,down,5
R_m0005_L004_W00000,through,upper,down,5
R_m0005_L004_W00001,through,upper,down,5
R_m0005_L004_W00002,through,upper,down,5
R_m0005_L004_W00003,through,upper,down,5
R_m0005_L004_W00004,through,upper,down,5
R_m0005_L004_W00005,through,upper,down,5
R_m0005_L004_W00006,through,upper,down,5
R_m0005_L004_W00007,through,upper,down,5
R_m0005_L004_W00008,through,upper,down,5
R_m0005_L004_W00009,through,upper,down,5
R_m0005_L004_W00010,through,upper,down,5
R_m0005_L004_W00011,through,upper,down,5
R_m0005_L004_W00012,through,upper,down,5
R_m0005_L004_W00013,through,upper,down,5
R_m0005_L004_W00014,through,upper,down,5
R_m0005_L004_W00015,through,upper,down,5
R_m0005_L004_W00016,through,upper,down,5
R_m0005_L004_W00017,through,upper,down,5
R_m0005_L004_W00018,through,upper,down,5
R_m0005_L004_W00019,through,upper,down,5
R_m0005_L004_W00020,through,upper,down,5
R_m0005_L004_W00021,through,upper,down,5
R_m0005_L004_W00022,through,upper,down,5
R_m0005_L004_W00023,through,upper,down,5
R_m0005_L004_W00024,through,upper,down,5
R_m0005_L004_W00025,through,upper,down,5
R_m0005_L004_W00026,through,upper,down,5
R_m0005_L004_W00027,through,upper,down,5
R_m0005_L004_W00028,through,upper,down,5
R_m0005_L004_W00029,through,upper,down,5
R_m0005_L004_W00030,through,upper,down,5
R_m0005_L004_W00031,through,upper,down,5
R_m0005_L004_W00032,through,upper,down,5
R_m0005_L004_W00033,through,upper,down,5
R_m0005_L004_W00034,through,upper,down,5
R_m0005_L004_W00035,through,upper,down,5
R_m0005_L004_W00036,through,upper,down,5
R_m0005_L004_W00037,through,upper,down,5
R_m0005_L004_W00038,through,upper,down,5
R_m0005_L004_W00039,through,upper,down,5
R_m0005_L004_W00040,through,upper,down,5
R_m0005_L004_W00041,through,upper,down,5
R_m0005_L004_W00042,through,upper,down,5
R_m0005_L004_W00043,through,upper,down,5
R_m0005_L004_W00044,through,upper,down,5
R_m0005_L004_W00045,through,upper,down,5
R_m0005_L004_W00046,through,upper,down,5
R_m0005_L004_W00047,through,upper,down,5
R_m0005_L004_W00048,through,upper,down,5
R_m0005_L004_W00049,through,upper,down,5
R_m0005_L004_W00050,through,upper,down,5
R_m0005_L004_W00051,through,upper,down,5
R_m0005_L004_W00052,through,upper,down,5
R_m0005_L004_W00053,through,upper,down,5
R_m0005_L004_W00054,through,upper,down,5
R_m0005_L004_W00055,through,upper,down,5
R_m0005_L004_W00056,through,upper,down,5
R_m0005_L004_W00057,through,upper,down,5
R_m0005_L004_W00058,through,upper,down,5
R_m0005_L004_W00059,through,upper,down,5
R_m0005_L004_W00060,through,upper,down,5
R_m0005_L004_W00061,through,upper,down,5
R_m0005_L004_W00062,through,upper,down,5
R_m0005_L004_W00063,through,upper,down,5
R_m0005_L005_W00000,through,upper,down,5
R_m0005_L005_W00001,through,upper,down,5
R_m0005_L005_W00002,through,upper,down,5
R_m0005_L005_W00003,through,upper,down,5
R_m0005_L005_W00004,through,upper,down,5
R_m0005_L005_W00005,through,upper,down,5
R_m0005_L005_W00006,through,upper,down,5
R_m0005_L005_W00007,through,upper,down,5
R_m0005_L005_W00008,through,upper,down,5
R_m0005_L005_W00009,through,upper,down,5
R_m0005_L005_W00010,through,upper,down,5
R_m0005_L005_W00011,through,upper,down,5
R_m0005_L005_W00012,through,upper,down,5
R_m0005_L005_W00013,through,upper,down,5
R_m0005_L005_W00014,through,upper,down,5
R_m0005_L005_W00015,through,upper,down,5
R_m0005_L005_W00016,through,upper,down,5
R_m0005_L005_W00017,through,upper,down,5
R_m0005_L005_W00018,through,upper,down,5
R_m0005_L005_W00019,through,upper,down,5
R_m0005_L005_W00020,through,upper,down,5
R_m0005_L005_W00021,through,upper,down,5
R_m0005_L005_W00022,through,upper,down,5
R_m0005_L005_W00023,through,upper,down,5
R_m0005_L005_W00024,through,upper,down,5
R_m0005_L005_W00025,through,upper,down,5
R_m0005_L005_W00026,through,upper,down,5
R_m0005_L005_W00027,through,upper,down,5
R_m0005_L005_W00028,through,upper,down,5
R_m0005_L005_W00029,through,upper,down,5
R_m0005_L005_W00030,through,upper,down,5
R_m0005_L005_W00031,through,upper,down,5
R_m0005_L005_W00032,through,upper,down,5
R_m0005_L005_W00033,through,upper,down,5
R_m0005_L005_W00034,through,upper,down,5
R_m0005_L005_W00035,through,upper,down,5
R_m0005_L005_W00036,through,upper,down,5
R_m0005_L005_W00037,through,upper,down,5
R_m0005_L005_W00038,through,upper,down,5
R_m0005_L005_W00039,through,upper,down,5
R_m0005_L005_W00040,through,upper,down,5
R_m0005_L005_W00041,through,upper,down,5
R_m0005_L005_W00042,through,upper,down,5
R_m0005_L005_W00043,through,upper,down,5
R_m0005_L005_W00044,through,upper,down,5
R_m0005_L005_W00045,through,upper,down,5
R_m0005_L005_W00046,through,upper,down,5
R_m0005_L005_W00047,through,upper,down,5
R_m0005_L005_W00048,through,upper,down,5
R_m0005_L005_W00049,through,upper,down,5
R_m0005_L005_W00050,through,upper,down,5
R_m0005_L005_W00051,through,upper,down,5
R_m0005_L005_W00052,through,upper,down,5
R_m0005_L005_W00053,through,upper,down,5
R_m0005_L005_W00054,through,upper,down,5
R_m0005_L005_W00055,through,upper,down,5
R_m0005_L005_W00056,through,upper,down,5
R_m0005_L005_W00057,through,upper,down,5
R_m0005_L005_W00058,through,upper,down,5
R_m0005_L005_W00059,through,upper,down,5
R_m0005_L005_W00060,through,upper,down,5
R_m0005_L005_W00061,through,upper,down,5
R_m0005_L005_W00062,through,upper,down,5
R_m0005_L005_W00063,through,upper,down,5
R_m0005_L006_W00000,through,upper,down,5
R_m0005_L006_W00001,through,upper,down,5
R_m0005_L006_W00002,through,upper,down,5
R_m0005_L006_W00003,through,upper,down,5
R_m0005_L006_W00004,through,upper,down,5
R_m0005_L006_W00005,through,upper,down,5
R_m0005_L006_W00006,through,upper,down,5
R_m0005_L006_W00007,through,upper,down,5
R_m0005_L006_W00008,through,upper,down,5
R_m0005_L006_W00009,through,upper,down,5
R_m0005_L006_W00010,through,upper,down,5
R_m0005_L006_W00011,through,upper,down,5
R_m0005_L006_W00012,through,upper,down,5
R_m0005_L006_W00013,through,upper,down,5
R_m0005_L006_W00014,through,upper,down,5
R_m0005_L006_W00015,through,upper,down,5
R_m0005_L006_W00016,through,upper,down,5
R_m0005_L006_W00017,through,upper,down,5
R_m0005_L006_W00018,through,upper,down,5
R_m0005_L006_W00019,through,upper,down,5
R_m0005_L006_W00020,through,upper,down,5
R_m0005_L006_W00021,through,upper,down,5
R_m0005_L006_W00022,through,upper,down,5
R_m0005_L006_W00023,through,upper,down,5
R_m0005_L006_W00024,through,upper,down,5
R_m0005_L006_W00025,through,upper,down,5
R_m0005_L006_W00026,through,upper,down,5
R_m0005_L006_W00027,through,upper,down,5
R_m0005_L006_W00028,through,upper,down,5
R_m0005_L006_W00029,through,upper,down,5
R_m0005_L006_W00030,through,upper,down,5
R_m0005_L006_W00031,through,upper,down,5
R_m0005_L006_W00032,through,upper,down,5
R_m0005_L006_W00033,through,upper,down,5
R_m0005_L006_W00034,through,upper,down,5
R_m0005_L006_W00035,through,upper,down,5
R_m0005_L006_W00036,through,upper,down,5
R_m0005_L006_W00037,through,upper,down,5
R_m0005_L006_W00038,through,upper,down,5
R_m0005_L006_W00039,through,upper,down,5
R_m0005_L006_W00040,through,upper,down,5
R_m0005_L006_W00041,through,upper,down,5
R_m0005_L006_W00042,through,upper,down,5
R_m0005_L006_W00043,through,upper,down,5
R_m0005_L006_W00044,through,upper,down,5
R_m0005_L006_W00045,through,upper,down,5
R_m0005_L006_W00046,through,upper,down,5
R_m0005_L006_W00047,through,upper,down,5
R_m0005_L006_W00048,through,upper,down,5
R_m0005_L006_W00049,through,upper,down,5
R_m0005_L006_W00050,through,upper,down,5
R_m0005_L006_W00051,through,upper,down,5
R_m0005_L006_W00052,through,upper,down,5
R_m0005_L006_W00053,through,upper,down,5
R_m0005_L006_W00054,through,upper,down,5
R_m0005_L006_W00055,through,upper,down,5
R_m0005_L006_W00056,through,upper,down,5
R_m0005_L006_W00057,through,upper,down,5
R_m0005_L006_W00058,through,upper,down,5
R_m0005_L006_W00059,through,upper,down,5
R_m0005_L006_W00060,through,upper,down,5
R_m0005_L006_W00061,through,upper,down,5
R_m0005_L006_W00062,through,upper,down,5
R_m0005_L006_W00063,through,upper,down,5
R_m0005_L007_W00000,through,upper,down,5
R_m0005_L007_W00001,through,upper,down,5
R_m0005_L007_W00002,through,upper,down,5
R_m0005_L007_W00003,through,upper,down,5
R_m0005_L007_W00004,through,upper,down,5
R_m0005_L007_W00005,through,upper,down,5
R_m0005_L007_W00006,through,upper,down,5
R_m0005_L007_W00007,through,upper,down,5
R_m0005_L007_W00008,through,upper,down,5
R_m0005_L007_W00009,through,upper,down,5
R_m0005_L007_W00010,through,upper,down,5
R_m0005_L007_W00011,through,upper,down,5
R_m0005_L007_W00012,through,upper,down,5
R_m0005_L007_W00013,through,upper,down,5
R_m0005_L007_W00014,through,upper,down,5
R_m0005_L007_W00015,through,upper,down,5
R_m0005_L007_W00016,through,upper,down,5
R_m0005_L007_W00017,through,upper,down,5
R_m0005_L007_W00018,through,upper,down,5
R_m0005_L007_W00019,through,upper,down,5
R_m0005_L007_W00020,through,upper,down,5
R_m0005_L007_W00021,through,upper,down,5
R_m0005_L007_W00022,through,upper,down,5
R_m0005_L007_W00023,through,upper,down,5
R_m0005_L007_W00024,through,upper,down,5
R_m0005_L007_W00025,through,upper,down,5
R_m0005_L007_W00026,through,upper,down,5
R_m0005_L007_W00027,through,upper,down,5
R_m0005_L007_W00028,through,upper,down,5
R_m0005_L007_W00029,through,upper,down,5
R_m0005_L007_W00030,through,upper,down,5
R_m0005_L007_W00031,through,upper,down,5
R_m0005_L007_W00032,through,upper,down,5
R_m0005_L007_W00033,through,upper,down,5
R_m0005_L007_W00034,through,upper,down,5
R_m0005_L007_W00035,through,upper,down,5
R_m0005_L007_W00036,through,upper,down,5
R_m0005_L007_W00037,through,upper,down,5
R_m0005_L007_W00038,through,upper,down,5
R_m0005_L007_W00039,through,upper,down,5
R_m0005_L007_W00040,through,upper,down,5
R_m0005_L007_W00041,through,upper,down,5
R_m0005_L007_W00042,through,upper,down,5
R_m0005_L007_W00043,through,upper,down,5
R_m0005_L007_W00044,through,upper,down,5
R_m0005_L007_W00045,through,upper,down,5
R_m0005_L007_W00046,through,upper,down,5
R_m0005_L007_W00047,through,upper,down,5
R_m0005_L007_W00048,through,upper,down,5
R_m0005_L007_W00049,through,upper,down,5
R_m0005_L007_W00050,through,upper,down,5
R_m0005_L007_W00051,through,upper,down,5
R_m0005_L007_W00052,through,upper,down,5
R_m0005_L007_W00053,through,upper,down,5
R_m0005_L007_W00054,through,upper,down,5
R_m0005_L007_W00055,through,upper,down,5
R_m0005_L007_W00056,through,upper,down,5
R_m0005_L007_W00057,through,upper,down,5
R_m0005_L007_W00058,through,upper,down,5
R_m0005_L007_W00059,through,upper,down,5
R_m0005_L007_W00060,through,upper,down,5
R_m0005_L007_W00061,through,upper,down,5
R_m0005_L007_W00062,through,upper,down,5
R_m0005_L007_W00063,through,upper,down,5
R_m0005_L008_W00000,through,upper,down,5
R_m0005_L008_W00001,through,upper,down,5
R_m0005_L008_W00002,through,upper,down,5
R_m0005_L008_W00003,through,upper,down,5
R_m0005_L008_W00004,through,upper,down,5
R_m0005_L008_W00005,through,upper,down,5
R_m0005_L008_W00006,through,upper,down,5
R_m0005_L008_W00007,through,upper,down,5
R_m0005_L008_W00008,through,upper,down,5
R_m0005_L008_W00009,through,upper,down,5
R_m0005_L008_W00010,through,upper,down,5
R_m0005_L008_W00011,through,upper,down,5
R_m0005_L008_W00012,through,upper,down,5
R_m0005_L008_W00013,through,upper,down,5
R_m0005_L008_W00014,through,upper,down,5
R_m0005_L008_W00015,through,upper,down,5
R_m0005_L008_W00016,through,upper,down,5
R_m0005_L008_W00017,through,upper,down,5
R_m0005_L008_W00018,through,upper,down,5
R_m0005_L008_W00019,through,upper,down,5
R_m0005_L008_W00020,through,upper,down,5
R_m0005_L008_W00021,through,upper,down,5
R_m0005_L008_W00022,through,upper,down,5
R_m0005_L008_W00023,through,upper,down,5
R_m0005_L008_W00024,through,upper,down,5
R_m0005_L008_W00025,through,upper,down,5
R_m0005_L008_W00026,through,upper,down,5
R_m0005_L008_W00027,through,upper,down,5
R_m0005_L008_W00028,through,upper,down,5
R_m0005_L008_W00029,through,upper,down,5
R_m0005_L008_W00030,through,upper,down,5
R_m0005_L008_W00031,through,upper,down,5
R_m0005_L008_W00032,through,upper,down,5
R_m0005_L008_W00033,through,upper,down,5
R_m0005_L008_W00034,through,upper,down,5
R_m0005_L008_W00035,through,upper,down,5
R_m0005_L008_W00036,through,upper,down,5
R_m0005_L008_W00037,through,upper,down,5
R_m0005_L008_W00038,through,upper,down,5
R_m0005_L008_W00039,through,upper,down,5
R_m0005_L008_W00040,through,upper,down,5
R_m0005_L008_W00041,through,upper,down,5
R_m0005_L008_W00042,through,upper,down,5
R_m0005_L008_W00043,through,upper,down,5
R_m0005_L008_W00044,through,upper,down,5
R_m0005_L008_W00045,through,upper,down,5
R_m0005_L008_W00046,through,upper,down,5
R_m0005_L008_W00047,through,upper,down,5
R_m0005_L008_W00048,through,upper,down,5
R_m0005_L008_W00049,through,upper,down,5
R_m0005_L008_W00050,through,upper,down,5
R_m0005_L008_W00051,through,upper,down,5
R_m0005_L008_W00052,through,upper,down,5
R_m0005_L008_W00053,through,upper,down,5
R_m0005_L008_W00054,through,upper,down,5
R_m0005_L008_W00055,through,upper,down,5
R_m0005_L008_W00056,through,upper,down,5
R_m0005_L008_W00057,through,upper,down,5
R_m0005_L008_W00058,through,upper,down,5
R_m0005_L008_W00059,through,upper,down,5
R_m0005_L008_W00060,through,upper,down,5
R_m0005_L008_W00061,through,upper,down,5
R_m0005_L008_W00062,through,upper,down,5
R_m0005_L008_W00063,through,upper,down,5
R_m0005_L009_W00000,through,upper,down,5
R_m0005_L009_W00001,through,upper,down,5
R_m0005_L009_W00002,through,upper,down,5
R_m0005_L009_W00003,through,upper,down,5
R_m0005_L009_W00004,through,upper,down,5
R_m0005_L009_W00005,through,upper,down,5
R_m0005_L009_W00006,through,upper,down,5
R_m0005_L009_W00007,through,upper,down,5
R_m0005_L009_W00008,through,upper,down,5
R_m0005_L009_W00009,through,upper,down,5
R_m0005_L009_W00010,through,upper,down,5
R_m0005_L009_W00011,through,upper,down,5
R_m0005_L009_W00012,through,upper,down,5
R_m0005_L009_W00013,through,upper,down,5
R_m0005_L009_W00014,through,upper,down,5
R_m0005_L009_W00015,through,upper,down,5
R_m0005_L009_W00016,through,upper,down,5
R_m0005_L009_W00017,through,upper,down,5
R_m0005_L009_W00018,through,upper,down,5
R_m0005_L009_W00019,through,upper,down,5
R_m0005_L009_W00020,through,upper,down,5
R_m0005_L009_W00021,through,upper,down,5
R_m0005_L009_W00022,through,upper,down,5
R_m0005_L009_W00023,through,upper,down,5
R_m0005_L009_W00024,through,upper,down,5
R_m0005_L009_W00025,through,upper,down,5
R_m0005_L009_W00026,through,upper,down,5
R_m0005_L009_W00027,through,upper,down,5
R_m0005_L009_W00028,through,upper,down,5
R_m0005_L009_W00029,through,upper,down,5
R_m0005_L009_W00030,through,upper,down,5
R_m0005_L009_W00031,through,upper,down,5
R_m0005_L009_W00032,through,upper,down,5
R_m0005_L009_W00033,through,upper,down,5
R_m0005_L009_W00034,through,upper,down,5
R_m0005_L009_W00035,through,upper,down,5
R_m0005_L009_W00036,through,upper,down,5
R_m0005_L009_W00037,through,upper,down,5
R_m0005_L009_W00038,through,upper,down,5
R_m0005_L009_W00039,through,upper,down,5
R_m0005_L009_W00040,through,upper,down,5
R_m0005_L009_W00041,through,upper,down,5
R_m0005_L009_W00042,through,upper,down,5
R_m0005_L009_W00043,through,upper,down,5
R_m0005_L009_W00044,through,upper,down,5
R_m0005_L009_W00045,through,upper,down,5
R_m0005_L009_W00046,through,upper,down,5
R_m0005_L009_W00047,through,upper,down,5
R_m0005_L009_W00048,through,upper,down,5
R_m0005_L009_W00049,through,upper,down,5
R_m0005_L009_W00050,through,upper,down,5
R_m0005_L009_W00051,through,upper,down,5
R_m0005_L009_W00052,through,upper,down,5
R_m0005_L009_W00053,through,upper,down,5
R_m0005_L009_W00054,through,upper,down,5
R_m0005_L009_W00055,through,upper,down,5
R_m0005_L009_W00056,through,upper,down,5
R_m0005_L009_W00057,through,upper,down,5
R_m0005_L009_W00058,through,upper,down,5
R_m0005_L009_W00059,through,upper,down,5
R_m0005_L009_W00060,through,upper,down,5
R_m0005_L009_W00061,through,upper,down,5
R_m0005_L009_W00062,through,upper,down,5
R_m0005_L009_W00063,through,upper,down,5
R_m0005_L010_W00000,through,upper,down,5
R_m0005_L010_W00001,through,upper,down,5
R_m0005_L010_W00002,through,upper,down,5
R_m0005_L010_W00003,through,upper,down,5
R_m0005_L010_W00004,through,upper,down,5
R_m0005_L010_W00005,through,upper,down,5
R_m0005_L010_W00006,through,upper,down,5
R_m0005_L010_W00007,through,upper,down,5
R_m0005_L010_W00008,through,upper,down,5
R_m0005_L010_W00009,through,upper,down,5
R_m0005_L010_W00010,through,upper,down,5
R_m0005_L010_W00011,through,upper,down,5
R_m0005_L010_W00012,through,upper,down,5
R_m0005_L010_W00013,through,upper,down,5
R_m0005_L010_W00014,through,upper,down,5
R_m0005_L010_W00015,through,upper,down,5
R_m0005_L010_W00016,through,upper,down,5
R_m0005_L010_W00017,through,upper,down,5
R_m0005_L010_W00018,through,upper,down,5
R_m0005_L010_W00019,through,upper,down,5
R_m0005_L010_W00020,through,upper,down,5
R_m0005_L010_W00021,through,upper,down,5
R_m0005_L010_W00022,through,upper,down,5
R_m0005_L010_W00023,through,upper,down,5
R_m0005_L010_W00024,through,upper,down,5
R_m0005_L010_W00025,through,upper,down,5
R_m0005_L010_W00026,through,upper,down,5
R_m0005_L010_W00027,through,upper,down,5
R_m0005_L010_W00028,through,upper,down,5
R_m0005_L010_W00029,through,upper,down,5
R_m0005_L010_W00030,through,upper,down,5
R_m0005_L010_W00031,through,upper,down,5
R_m0005_L010_W00032,through,upper,down,5
R_m0005_L010_W00033,through,upper,down,5
R_m0005_L010_W00034,through,upper,down,5
R_m0005_L010_W00035,through,upper,down,5
R_m0005_L010_W00036,through,upper,down,5
R_m0005_L010_W00037,through,upper,down,5
R_m0005_L010_W00038,through,upper,down,5
R_m0005_L010_W00039,through,upper,down,5
R_m0005_L010_W00040,through,upper,down,5
R_m0005_L010_W00041,through,upper,down,5
R_m0005_L010_W00042,through,upper,down,5
R_m0005_L010_W00043,through,upper,down,5
R_m0005_L010_W00044,through,upper,down,5
R_m0005_L010_W00045,through,upper,down,5
R_m0005_L010_W00046,through,upper,down,5
R_m0005_L010_W00047,through,upper,down,5
R_m0005_L010_W00048,through,upper,down,5
R_m0005_L010_W00049,through,upper,down,5
R_m0005_L010_W00050,through,upper,down,5
R_m0005_L010_W00051,through,upper,down,5
R_m0005_L010_W00052,through,upper,down,5
R_m0005_L010_W00053,through,upper,down,5
R_m0005_L010_W00054,through,upper,down,5
R_m0005_L010_W00055,through,upper,down,5
R_m0005_L010_W00056,through,upper,down,5
R_m0005_L010_W00057,through,upper,down,5
R_m0005_L010_W00058,through,upper,down,5
R_m0005_L010_W00059,through,upper,down,5
R_m0005_L010_W00060,through,upper,down,5
R_m0005_L010_W00061,through,upper,down,5
R_m0005_L010_W00062,through,upper,down,5
R_m0005_L010_W00063,through,upper,down,5
R_m0006_L001_W00000,through,upper,down,6
R_m0006_L001_W00001,through,upper,down,6
R_m0006_L001_W00002,through,upper,down,6
R_m0006_L001_W00003,through,upper,down,6
R_m0006_L001_W00004,through,upper,down,6
R_m0006_L001_W00005,through,upper,down,6
R_m0006_L001_W00006,through,upper,down,6
R_m0006_L001_W00007,through,upper,down,6
R_m0006_L001_W00008,through,upper,down,6
R_m0006_L001_W00009,through,upper,down,6
R_m0006_L001_W00010,through,upper,down,6
R_m0006_L001_W00011,through,upper,down,6
R_m0006_L001_W00012,through,upper,down,6
R_m0006_L001_W00013,through,upper,down,6
R_m0006_L001_W00014,through,upper,down,6
R_m0006_L001_W00015,through,upper,down,6
R_m0006_L001_W00016,through,upper,down,6
R_m0006_L001_W00017,through,upper,down,6
R_m0006_L001_W00018,through,upper,down,6
R_m0006_L001_W00019,through,upper,down,6
R_m0006_L001_W00020,through,upper,down,6
R_m0006_L001_W00021,through,upper,down,6
R_m0006_L001_W00022,through,upper,down,6
R_m0006_L001_W00023,through,upper,down,6
R_m0006_L001_W00024,through,upper,down,6
R_m0006_L001_W00025,through,upper,down,6
R_m0006_L001_W00026,through,upper,down,6
R_m0006_L001_W00027,through,upper,down,6
R_m0006_L001_W00028,through,upper,down,6
R_m0006_L001_W00029,through,upper,down,6
R_m0006_L001_W00030,through,upper,down,6
R_m0006_L001_W00031,through,upper,down,6
R_m0006_L001_W00032,through,upper,down,6
R_m0006_L001_W00033,through,upper,down,6
R_m0006_L001_W00034,through,upper,down,6
R_m0006_L001_W00035,through,upper,down,6
R_m0006_L001_W00036,through,upper,down,6
R_m0006_L001_W00037,through,upper,down,6
R_m0006_L001_W00038,through,upper,down,6
R_m0006_L001_W00039,through,upper,down,6
R_m0006_L001_W00040,through,upper,down,6
R_m0006_L001_W00041,through,upper,down,6
R_m0006_L001_W00042,through,upper,down,6
R_m0006_L001_W00043,through,upper,down,6
R_m0006_L001_W00044,through,upper,down,6
R_m0006_L001_W00045,through,upper,down,6
R_m0006_L001_W00046,through,upper,down,6
R_m0006_L001_W00047,through,upper,down,6
R_m0006_L001_W00048,through,upper,down,6
R_m0006_L001_W00049,through,upper,down,6
R_m0006_L001_W00050,through,upper,down,6
R_m0006_L001_W00051,through,upper,down,6
R_m0006_L001_W00052,through,upper,down,6
R_m0006_L001_W00053,through,upper,down,6
R_m0006_L001_W00054,through,upper,down,6
R_m0006_L001_W00055,through,upper,down,6
R_m0006_L001_W00056,through,upper,down,6
R_m0006_L001_W00057,through,upper,down,6
R_m0006_L001_W00058,through,upper,down,6
R_m0006_L001_W00059,through,upper,down,6
R_m0006_L001_W00060,through,upper,down,6
R_m0006_L001_W00061,through,upper,down,6
R_m0006_L001_W00062,through,upper,down,6
R_m0006_L001_W00063,through,upper,down,6
R_m0006_L002_W00000,through,upper,down,6
R_m0006_L002_W00001,through,upper,down,6
R_m0006_L002_W00002,through,upper,down,6
R_m0006_L002_W00003,through,upper,down,6
R_m0006_L002_W00004,through,upper,down,6
R_m0006_L002_W00005,through,upper,down,6
R_m0006_L002_W00006,through,upper,down,6
R_m0006_L002_W00007,through,upper,down,6
R_m0006_L002_W00008,through,upper,down,6
R_m0006_L002_W00009,through,upper,down,6
R_m0006_L002_W00010,through,upper,down,6
R_m0006_L002_W00011,through,upper,down,6
R_m0006_L002_W00012,through,upper,down,6
R_m0006_L002_W00013,through,upper,down,6
R_m0006_L002_W00014,through,upper,down,6
R_m0006_L002_W00015,through,upper,down,6
R_m0006_L002_W00016,through,upper,down,6
R_m0006_L002_W00017,through,upper,down,6
R_m0006_L002_W00018,through,upper,down,6
R_m0006_L002_W00019,through,upper,down,6
R_m0006_L002_W00020,through,upper,down,6
R_m0006_L002_W00021,through,upper,down,6
R_m0006_L002_W00022,through,upper,down,6
R_m0006_L002_W00023,through,upper,down,6
R_m0006_L002_W00024,through,upper,down,6
R_m0006_L002_W00025,through,upper,down,6
R_m0006_L002_W00026,through,upper,down,6
R_m0006_L002_W00027,through,upper,down,6
R_m0006_L002_W00028,through,upper,down,6
R_m0006_L002_W00029,through,upper,down,6
R_m0006_L002_W00030,through,upper,down,6
R_m0006_L002_W00031,through,upper,down,6
R_m0006_L002_W00032,through,upper,down,6
R_m0006_L002_W00033,through,upper,down,6
R_m0006_L002_W00034,through,upper,down,6
R_m0006_L002_W00035,through,upper,down,6
R_m0006_L002_W00036,through,upper,down,6
R_m0006_L002_W00037,through,upper,down,6
R_m0006_L002_W00038,through,upper,down,6
R_m0006_L002_W00039,through,upper,down,6
R_m0006_L002_W00040,through,upper,down,6
R_m0006_L002_W00041,through,upper,down,6
R_m0006_L002_W00042,through,upper,down,6
R_m0006_L002_W00043,through,upper,down,6
R_m0006_L002_W00044,through,upper,down,6
R_m0006_L002_W00045,through,upper,down,6
R_m0006_L002_W00046,through,upper,down,6
R_m0006_L002_W00047,through,upper,down,6
R_m0006_L002_W00048,through,upper,down,6
R_m0006_L002_W00049,through,upper,down,6
R_m0006_L002_W00050,through,upper,down,6
R_m0006_L002_W00051,through,upper,down,6
R_m0006_L002_W00052,through,upper,down,6
R_m0006_L002_W00053,through,upper,down,6
R_m0006_L002_W00054,through,upper,down,6
R_m0006_L002_W00055,through,upper,down,6
R_m0006_L002_W00056,through,upper,down,6
R_m0006_L002_W00057,through,upper,down,6
R_m0006_L002_W00058,through,upper,down,6
R_m0006_L002_W00059,through,upper,down,6
R_m0006_L002_W00060,through,upper,down,6
R_m0006_L002_W00061,through,upper,down,6
R_m0006_L002_W00062,through,upper,down,6
R_m0006_L002_W00063,through,upper,down,6
R_m0006_L003_W00000,through,upper,down,6
R_m0006_L003_W00001,through,upper,down,6
R_m0006_L003_W00002,through,upper,down,6
R_m0006_L003_W00003,through,upper,down,6
R_m0006_L003_W00004,through,upper,down,6
R_m0006_L003_W00005,through,upper,down,6
R_m0006_L003_W00006,through,upper,down,6
R_m0006_L003_W00007,through,upper,down,6
R_m0006_L003_W00008,through,upper,down,6
R_m0006_L003_W00009,through,upper,down,6
R_m0006_L003_W00010,through,upper,down,6
R_m0006_L003_W00011,through,upper,down,6
R_m0006_L003_W00012,through,upper,down,6
R_m0006_L003_W00013,through,upper,down,6
R_m0006_L003_W00014,through,upper,down,6
R_m0006_L003_W00015,through,upper,down,6
R_m0006_L003_W00016,through,upper,down,6
R_m0006_L003_W00017,through,upper,down,6
R_m0006_L003_W00018,through,upper,down,6
R_m0006_L003_W00019,through,upper,down,6
R_m0006_L003_W00020,through,upper,down,6
R_m0006_L003_W00021,through,upper,down,6
R_m0006_L003_W00022,through,upper,down,6
R_m0006_L003_W00023,through,upper,down,6
R_m0006_L003_W00024,through,upper,down,6
R_m0006_L003_W00025,through,upper,down,6
R_m0006_L003_W00026,through,upper,down,6
R_m0006_L003_W00027,through,upper,down,6
R_m0006_L003_W00028,through,upper,down,6
R_m0006_L003_W00029,through,upper,down,6
R_m0006_L003_W00030,through,upper,down,6
R_m0006_L003_W00031,through,upper,down,6
R_m0006_L003_W00032,through,upper,down,6
R_m0006_L003_W00033,through,upper,down,6
R_m0006_L003_W00034,through,upper,down,6
R_m0006_L003_W00035,through,upper,down,6
R_m0006_L003_W00036,through,upper,down,6
R_m0006_L003_W00037,through,upper,down,6
R_m0006_L003_W00038,through,upper,down,6
R_m0006_L003_W00039,through,upper,down,6
R_m0006_L003_W00040,through,upper,down,6
R_m0006_L003_W00041,through,upper,down,6
R_m0006_L003_W00042,through,upper,down,6
R_m0006_L003_W00043,through,upper,down,6
R_m0006_L003_W00044,through,upper,down,6
R_m0006_L003_W00045,through,upper,down,6
R_m0006_L003_W00046,through,upper,down,6
R_m0006_L003_W00047,through,upper,down,6
R_m0006_L003_W00048,through,upper,down,6
R_m0006_L003_W00049,through,upper,down,6
R_m0006_L003_W00050,through,upper,down,6
R_m0006_L003_W00051,through,upper,down,6
R_m0006_L003_W00052,through,upper,down,6
R_m0006_L003_W00053,through,upper,down,6
R_m0006_L003_W00054,through,upper,down,6
R_m0006_L003_W00055,through,upper,down,6
R_m0006_L003_W00056,through,upper,down,6
R_m0006_L003_W00057,through,upper,down,6
R_m0006_L003_W00058,through,upper,down,6
R_m0006_L003_W00059,through,upper,down,6
R_m0006_L003_W00060,through,upper,down,6
R_m0006_L003_W00061,through,upper,down,6
R_m0006_L003_W00062,through,upper,down,6
R_m0006_L003_W00063,through,upper,down,6
R_m0006_L004_W00000,through,upper,down,6
R_m0006_L004_W00001,through,upper,down,6
R_m0006_L004_W00002,through,upper,down,6
R_m0006_L004_W00003,through,upper,down,6
R_m0006_L004_W00004,through,upper,down,6
R_m0006_L004_W00005,through,upper,down,6
R_m0006_L004_W00006,through,upper,down,6
R_m0006_L004_W00007,through,upper,down,6
R_m0006_L004_W00008,through,upper,down,6
R_m0006_L004_W00009,through,upper,down,6
R_m0006_L004_W00010,through,upper,down,6
R_m0006_L004_W00011,through,upper,down,6
R_m0006_L004_W00012,through,upper,down,6
R_m0006_L004_W00013,through,upper,down,6
R_m0006_L004_W00014,through,upper,down,6
R_m0006_L004_W00015,through,upper,down,6
R_m0006_L004_W00016,through,upper,down,6
R_m0006_L004_W00017,through,upper,down,6
R_m0006_L004_W00018,through,upper,down,6
R_m0006_L004_W00019,through,upper,down,6
R_m0006_L004_W00020,through,upper,down,6
R_m0006_L004_W00021,through,upper,down,6
R_m0006_L004_W00022,through,upper,down,6
R_m0006_L004_W00023,through,upper,down,6
R_m0006_L004_W00024,through,upper,down,6
R_m0006_L004_W00025,through,upper,down,6
R_m0006_L004_W00026,through,upper,down,6
R_m0006_L004_W00027,through,upper,down,6
R_m0006_L004_W00028,through,upper,down,6
R_m0006_L004_W00029,through,upper,down,6
R_m0006_L004_W00030,through,upper,down,6
R_m0006_L004_W00031,through,upper,down,6
R_m0006_L004_W00032,through,upper,down,6
R_m0006_L004_W00033,through,upper,down,6
R_m0006_L004_W00034,through,upper,down,6
R_m0006_L004_W00035,through,upper,down,6
R_m0006_L004_W00036,through,upper,down,6
R_m0006_L004_W00037,through,upper,down,6
R_m0006_L004_W00038,through,upper,down,6
R_m0006_L004_W00039,through,upper,down,6
R_m0006_L004_W00040,through,upper,down,6
R_m0006_L004_W00041,through,upper,down,6
R_m0006_L004_W00042,through,upper,down,6
R_m0006_L004_W00043,through,upper,down,6
R_m0006_L004_W00044,through,upper,down,6
R_m0006_L004_W00045,through,upper,down,6
R_m0006_L004_W00046,through,upper,down,6
R_m0006_L004_W00047,through,upper,down,6
R_m0006_L004_W00048,through,upper,down,6
R_m0006_L004_W00049,through,upper,down,6
R_m0006_L004_W00050,through,upper,down,6
R_m0006_L004_W00051,through,upper,down,6
R_m0006_L004_W00052,through,upper,down,6
R_m0006_L004_W00053,through,upper,down,6
R_m0006_L004_W00054,through,upper,down,6
R_m0006_L004_W00055,through,upper,down,6
R_m0006_L004_W00056,through,upper,down,6
R_m0006_L004_W00057,through,upper,down,6
R_m0006_L004_W00058,through,upper,down,6
R_m0006_L004_W00059,through,upper,down,6
R_m0006_L004_W00060,through,upper,down,6
R_m0006_L004_W00061,through,upper,down,6
R_m0006_L004_W00062,through,upper,down,6
R_m0006_L004_W00063,through,upper,down,6
R_m0006_L005_W00000,through,upper,down,6
R_m0006_L005_W00001,through,upper,down,6
R_m0006_L005_W00002,through,upper,down,6
R_m0006_L005_W00003,through,upper,down,6
R_m0006_L005_W00004,through,upper,down,6
R_m0006_L005_W00005,through,upper,down,6
R_m0006_L005_W00006,through,upper,down,6
R_m0006_L005_W00007,through,upper,down,6
R_m0006_L005_W00008,through,upper,down,6
R_m0006_L005_W00009,through,upper,down,6
R_m0006_L005_W00010,through,upper,down,6
R_m0006_L005_W00011,through,upper,down,6
R_m0006_L005_W00012,through,upper,down,6
R_m0006_L005_W00013,through,upper,down,6
R_m0006_L005_W00014,through,upper,down,6
R_m0006_L005_W00015,through,upper,down,6
R_m0006_L005_W00016,through,upper,down,6
R_m0006_L005_W00017,through,upper,down,6
R_m0006_L005_W00018,through,upper,down,6
R_m0006_L005_W00019,through,upper,down,6
R_m0006_L005_W00020,through,upper,down,6
R_m0006_L005_W00021,through,upper,down,6
R_m0006_L005_W00022,through,upper,down,6
R_m0006_L005_W00023,through,upper,down,6
R_m0006_L005_W00024,through,upper,down,6
R_m0006_L005_W00025,through,upper,down,6
R_m0006_L005_W00026,through,upper,down,6
R_m0006_L005_W00027,through,upper,down,6
R_m0006_L005_W00028,through,upper,down,6
R_m0006_L005_W00029,through,upper,down,6
R_m0006_L005_W00030,through,upper,down,6
R_m0006_L005_W00031,through,upper,down,6
R_m0006_L005_W00032,through,upper,down,6
R_m0006_L005_W00033,through,upper,down,6
R_m0006_L005_W00034,through,upper,down,6
R_m0006_L005_W00035,through,upper,down,6
R_m0006_L005_W00036,through,upper,down,6
R_m0006_L005_W00037,through,upper,down,6
R_m0006_L005_W00038,through,upper,down,6
R_m0006_L005_W00039,through,upper,down,6
R_m0006_L005_W00040,through,upper,down,6
R_m0006_L005_W00041,through,upper,down,6
R_m0006_L005_W00042,through,upper,down,6
R_m0006_L005_W00043,through,upper,down,6
R_m0006_L005_W00044,through,upper,down,6
R_m0006_L005_W00045,through,upper,down,6
R_m0006_L005_W00046,through,upper,down,6
R_m0006_L005_W00047,through,upper,down,6
R_m0006_L005_W00048,through,upper,down,6
R_m0006_L005_W00049,through,upper,down,6
R_m0006_L005_W00050,through,upper,down,6
R_m0006_L005_W00051,through,upper,down,6
R_m0006_L005_W00052,through,upper,down,6
R_m0006_L005_W00053,through,upper,down,6
R_m0006_L005_W00054,through,upper,down,6
R_m0006_L005_W00055,through,upper,down,6
R_m0006_L005_W00056,through,upper,down,6
R_m0006_L005_W00057,through,upper,down,6
R_m0006_L005_W00058,through,upper,down,6
R_m0006_L005_W00059,through,upper,down,6
R_m0006_L005_W00060,through,upper,down,6
R_m0006_L005_W00061,through,upper,down,6
R_m0006_L005_W00062,through,upper,down,6
R_m0006_L005_W00063,through,upper,down,6
R_m0006_L006_W00000,through,upper,down,6
R_m0006_L006_W00001,through,upper,down,6
R_m0006_L006_W00002,through,upper,down,6
R_m0006_L006_W00003,through,upper,down,6
R_m0006_L006_W00004,through,upper,down,6
R_m0006_L006_W00005,through,upper,down,6
R_m0006_L006_W00006,through,upper,down,6
R_m0006_L006_W00007,through,upper,down,6
R_m0006_L006_W00008,through,upper,down,6
R_m0006_L006_W00009,through,upper,down,6
R_m0006_L006_W00010,through,upper,down,6
R_m0006_L006_W00011,through,upper,down,6
R_m0006_L006_W00012,through,upper,down,6
R_m0006_L006_W00013,through,upper,down,6
R_m0006_L006_W00014,through,upper,down,6
R_m0006_L006_W00015,through,upper,down,6
R_m0006_L006_W00016,through,upper,down,6
R_m0006_L006_W00017,through,upper,down,6
R_m0006_L006_W00018,through,upper,down,6
R_m0006_L006_W00019,through,upper,down,6
R_m0006_L006_W00020,through,upper,down,6
R_m0006_L006_W00021,through,upper,down,6
R_m0006_L006_W00022,through,upper,down,6
R_m0006_L006_W00023,through,upper,down,6
R_m0006_L006_W00024,through,upper,down,6
R_m0006_L006_W00025,through,upper,down,6
R_m0006_L006_W00026,through,upper,down,6
R_m0006_L006_W00027,through,upper,down,6
R_m0006_L006_W00028,through,upper,down,6
R_m0006_L006_W00029,through,upper,down,6
R_m0006_L006_W00030,through,upper,down,6
R_m0006_L006_W00031,through,upper,down,6
R_m0006_L006_W00032,through,upper,down,6
R_m0006_L006_W00033,through,upper,down,6
R_m0006_L006_W00034,through,upper,down,6
R_m0006_L006_W00035,through,upper,down,6
R_m0006_L006_W00036,through,upper,down,6
R_m0006_L006_W00037,through,upper,down,6
R_m0006_L006_W00038,through,upper,down,6
R_m0006_L006_W00039,through,upper,down,6
R_m0006_L006_W00040,through,upper,down,6
R_m0006_L006_W00041,through,upper,down,6
R_m0006_L006_W00042,through,upper,down,6
R_m0006_L006_W00043,through,upper,down,6
R_m0006_L006_W00044,through,upper,down,6
R_m0006_L006_W00045,through,upper,down,6
R_m0006_L006_W00046,through,upper,down,6
R_m0006_L006_W00047,through,upper,down,6
R_m0006_L006_W00048,through,upper,down,6
R_m0006_L006_W00049,through,upper,down,6
R_m0006_L006_W00050,through,upper,down,6
R_m0006_L006_W00051,through,upper,down,6
R_m0006_L006_W00052,through,upper,down,6
R_m0006_L006_W00053,through,upper,down,6
R_m0006_L006_W00054,through,upper,down,6
R_m0006_L006_W00055,through,upper,down,6
R_m0006_L006_W00056,through,upper,down,6
R_m0006_L006_W00057,through,upper,down,6
R_m0006_L006_W00058,through,upper,down,6
R_m0006_L006_W00059,through,upper,down,6
R_m0006_L006_W00060,through,upper,down,6
R_m0006_L006_W00061,through,upper,down,6
R_m0006_L006_W00062,through,upper,down,6
R_m0006_L006_W00063,through,upper,down,6
R_m0006_L007_W00000,through,upper,down,6
R_m0006_L007_W00001,through,upper,down,6
R_m0006_L007_W00002,through,upper,down,6
R_m0006_L007_W00003,through,upper,down,6
R_m0006_L007_W00004,through,upper,down,6
R_m0006_L007_W00005,through,upper,down,6
R_m0006_L007_W00006,through,upper,down,6
R_m0006_L007_W00007,through,upper,down,6
R_m0006_L007_W00008,through,upper,down,6
R_m0006_L007_W00009,through,upper,down,6
R_m0006_L007_W00010,through,upper,down,6
R_m0006_L007_W00011,through,upper,down,6
R_m0006_L007_W00012,through,upper,down,6
R_m0006_L007_W00013,through,upper,down,6
R_m0006_L007_W00014,through,upper,down,6
R_m0006_L007_W00015,through,upper,down,6
R_m0006_L007_W00016,through,upper,down,6
R_m0006_L007_W00017,through,upper,down,6
R_m0006_L007_W00018,through,upper,down,6
R_m0006_L007_W00019,through,upper,down,6
R_m0006_L007_W00020,through,upper,down,6
R_m0006_L007_W00021,through,upper,down,6
R_m0006_L007_W00022,through,upper,down,6
R_m0006_L007_W00023,through,upper,down,6
R_m0006_L007_W00024,through,upper,down,6
R_m0006_L007_W00025,through,upper,down,6
R_m0006_L007_W00026,through,upper,down,6
R_m0006_L007_W00027,through,upper,down,6
R_m0006_L007_W00028,through,upper,down,6
R_m0006_L007_W00029,through,upper,down,6
R_m0006_L007_W00030,through,upper,down,6
R_m0006_L007_W00031,through,upper,down,6
R_m0006_L007_W00032,through,upper,down,6
R_m0006_L007_W00033,through,upper,down,6
R_m0006_L007_W00034,through,upper,down,6
R_m0006_L007_W00035,through,upper,down,6
R_m0006_L007_W00036,through,upper,down,6
R_m0006_L007_W00037,through,upper,down,6
R_m0006_L007_W00038,through,upper,down,6
R_m0006_L007_W00039,through,upper,down,6
R_m0006_L007_W00040,through,upper,down,6
R_m0006_L007_W00041,through,upper,down,6
R_m0006_L007_W00042,through,upper,down,6
R_m0006_L007_W00043,through,upper,down,6
R_m0006_L007_W00044,through,upper,down,6
R_m0006_L007_W00045,through,upper,down,6
R_m0006_L007_W00046,through,upper,down,6
R_m0006_L007_W00047,through,upper,down,6
R_m0006_L007_W00048,through,upper,down,6
R_m0006_L007_W00049,through,upper,down,6
R_m0006_L007_W00050,through,upper,down,6
R_m0006_L007_W00051,through,upper,down,6
R_m0006_L007_W00052,through,upper,down,6
R_m0006_L007_W00053,through,upper,down,6
R_m0006_L007_W00054,through,upper,down,6
R_m0006_L007_W00055,through,upper,down,6
R_m0006_L007_W00056,through,upper,down,6
R_m0006_L007_W00057,through,upper,down,6
R_m0006_L007_W00058,through,upper,down,6
R_m0006_L007_W00059,through,upper,down,6
R_m0006_L007_W00060,through,upper,down,6
R_m0006_L007_W00061,through,upper,down,6
R_m0006_L007_W00062,through,upper,down,6
R_m0006_L007_W00063,through,upper,down,6
R_m0006_L008_W00000,through,upper,down,6
R_m0006_L008_W00001,through,upper,down,6
R_m0006_L008_W00002,through,upper,down,6
R_m0006_L008_W00003,through,upper,down,6
R_m0006_L008_W00004,through,upper,down,6
R_m0006_L008_W00005,through,upper,down,6
R_m0006_L008_W00006,through,upper,down,6
R_m0006_L008_W00007,through,upper,down,6
R_m0006_L008_W00008,through,upper,down,6
R_m0006_L008_W00009,through,upper,down,6
R_m0006_L008_W00010,through,upper,down,6
R_m0006_L008_W00011,through,upper,down,6
R_m0006_L008_W00012,through,upper,down,6
R_m0006_L008_W00013,through,upper,down,6
R_m0006_L008_W00014,through,upper,down,6
R_m0006_L008_W00015,through,upper,down,6
R_m0006_L008_W00016,through,upper,down,6
R_m0006_L008_W00017,through,upper,down,6
R_m0006_L008_W00018,through,upper,down,6
R_m0006_L008_W00019,through,upper,down,6
R_m0006_L008_W00020,through,upper,down,6
R_m0006_L008_W00021,through,upper,down,6
R_m0006_L008_W00022,through,upper,down,6
R_m0006_L008_W00023,through,upper,down,6
R_m0006_L008_W00024,through,upper,down,6
R_m0006_L008_W00025,through,upper,down,6
R_m0006_L008_W00026,through,upper,down,6
R_m0006_L008_W00027,through,upper,down,6
R_m0006_L008_W00028,through,upper,down,6
R_m0006_L008_W00029,through,upper,down,6
R_m0006_L008_W00030,through,upper,down,6
R_m0006_L008_W00031,through,upper,down,6
R_m0006_L008_W00032,through,upper,down,6
R_m0006_L008_W00033,through,upper,down,6
R_m0006_L008_W00034,through,upper,down,6
R_m0006_L008_W00035,through,upper,down,6
R_m0006_L008_W00036,through,upper,down,6
R_m0006_L008_W00037,through,upper,down,6
R_m0006_L008_W00038,through,upper,down,6
R_m0006_L008_W00039,through,upper,down,6
R_m0006_L008_W00040,through,upper,down,6
R_m0006_L008_W00041,through,upper,down,6
R_m0006_L008_W00042,through,upper,down,6
R_m0006_L008_W00043,through,upper,down,6
R_m0006_L008_W00044,through,upper,down,6
R_m0006_L008_W00045,through,upper,down,6
R_m0006_L008_W00046,through,upper,down,6
R_m0006_L008_W00047,through,upper,down,6
R_m0006_L008_W00048,through,upper,down,6
R_m0006_L008_W00049,through,upper,down,6
R_m0006_L008_W00050,through,upper,down,6
R_m0006_L008_W00051,through,upper,down,6
R_m0006_L008_W00052,through,upper,down,6
R_m0006_L008_W00053,through,upper,down,6
R_m0006_L008_W00054,through,upper,down,6
R_m0006_L008_W00055,through,upper,down,6
R_m0006_L008_W00056,through,upper,down,6
R_m0006_L008_W00057,through,upper,down,6
R_m0006_L008_W00058,through,upper,down,6
R_m0006_L008_W00059,through,upper,down,6
R_m0006_L008_W00060,through,upper,down,6
R_m0006_L008_W00061,through,upper,down,6
R_m0006_L008_W00062,through,upper,down,6
R_m0006_L008_W00063,through,upper,down,6
R_m0006_L009_W00000,through,upper,down,6
R_m0006_L009_W00001,through,upper,down,6
R_m0006_L009_W00002,through,upper,down,6
R_m0006_L009_W00003,through,upper,down,6
R_m0006_L009_W00004,through,upper,down,6
R_m0006_L009_W00005,through,upper,down,6
R_m0006_L009_W00006,through,upper,down,6
R_m0006_L009_W00007,through,upper,down,6
R_m0006_L009_W00008,through,upper,down,6
R_m0006_L009_W00009,through,upper,down,6
R_m0006_L009_W00010,through,upper,down,6
R_m0006_L009_W00011,through,upper,down,6
R_m0006_L009_W00012,through,upper,down,6
R_m0006_L009_W00013,through,upper,down,6
R_m0006_L009_W00014,through,upper,down,6
R_m0006_L009_W00015,through,upper,down,6
R_m0006_L009_W00016,through,upper,down,6
R_m0006_L009_W00017,through,upper,down,6
R_m0006_L009_W00018,through,upper,down,6
R_m0006_L009_W00019,through,upper,down,6
R_m0006_L009_W00020,through,upper,down,6
R_m0006_L009_W00021,through,upper,down,6
R_m0006_L009_W00022,through,upper,down,6
R_m0006_L009_W00023,through,upper,down,6
R_m0006_L009_W00024,through,upper,down,6
R_m0006_L009_W00025,through,upper,down,6
R_m0006_L009_W00026,through,upper,down,6
R_m0006_L009_W00027,through,upper,down,6
R_m0006_L009_W00028,through,upper,down,6
R_m0006_L009_W00029,through,upper,down,6
R_m0006_L009_W00030,through,upper,down,6
R_m0006_L009_W00031,through,upper,down,6
R_m0006_L009_W00032,through,upper,down,6
R_m0006_L009_W00033,through,upper,down,6
R_m0006_L009_W00034,through,upper,down,6
R_m0006_L009_W00035,through,upper,down,6
R_m0006_L009_W00036,through,upper,down,6
R_m0006_L009_W00037,through,upper,down,6
R_m0006_L009_W00038,through,upper,down,6
R_m0006_L009_W00039,through,upper,down,6
R_m0006_L009_W00040,through,upper,down,6
R_m0006_L009_W00041,through,upper,down,6
R_m0006_L009_W00042,through,upper,down,6
R_m0006_L009_W00043,through,upper,down,6
R_m0006_L009_W00044,through,upper,down,6
R_m0006_L009_W00045,through,upper,down,6
R_m0006_L009_W00046,through,upper,down,6
R_m0006_L009_W00047,through,upper,down,6
R_m0006_L009_W00048,through,upper,down,6
R_m0006_L009_W00049,through,upper,down,6
R_m0006_L009_W00050,through,upper,down,6
R_m0006_L009_W00051,through,upper,down,6
R_m0006_L009_W00052,through,upper,down,6
R_m0006_L009_W00053,through,upper,down,6
R_m0006_L009_W00054,through,upper,down,6
R_m0006_L009_W00055,through,upper,down,6
R_m0006_L009_W00056,through,upper,down,6
R_m0006_L009_W00057,through,upper,down,6
R_m0006_L009_W00058,through,upper,down,6
R_m0006_L009_W00059,through,upper,down,6
R_m0006_L009_W00060,through,upper,down,6
R_m0006_L009_W00061,through,upper,down,6
R_m0006_L009_W00062,through,upper,down,6
R_m0006_L009_W00063,through,upper,down,6
R_m0006_L010_W00000,through,upper,down,6
R_m0006_L010_W00001,through,upper,down,6
R_m0006_L010_W00002,through,upper,down,6
R_m0006_L010_W00003,through,upper,down,6
R_m0006_L010_W00004,through,upper,down,6
R_m0006_L010_W00005,through,upper,down,6
R_m0006_L010_W00006,through,upper,down,6
R_m0006_L010_W00007,through,upper,down,6
R_m0006_L010_W00008,through,upper,down,6
R_m0006_L010_W00009,through,upper,down,6
R_m0006_L010_W00010,through,upper,down,6
R_m0006_L010_W00011,through,upper,down,6
R_m0006_L010_W00012,through,upper,down,6
R_m0006_L010_W00013,through,upper,down,6
R_m0006_L010_W00014,through,upper,down,6
R_m0006_L010_W00015,through,upper,down,6
R_m0006_L010_W00016,through,upper,down,6
R_m0006_L010_W00017,through,upper,down,6
R_m0006_L010_W00018,through,upper,down,6
R_m0006_L010_W00019,through,upper,down,6
R_m0006_L010_W00020,through,upper,down,6
R_m0006_L010_W00021,through,upper,down,6
R_m0006_L010_W00022,through,upper,down,6
R_m0006_L010_W00023,through,upper,down,6
R_m0006_L010_W00024,through,upper,down,6
R_m0006_L010_W00025,through,upper,down,6
R_m0006_L010_W00026,through,upper,down,6
R_m0006_L010_W00027,through,upper,down,6
R_m0006_L010_W00028,through,upper,down,6
R_m0006_L010_W00029,through,upper,down,6
R_m0006_L010_W00030,through,upper,down,6
R_m0006_L010_W00031,through,upper,down,6
R_m0006_L010_W00032,through,upper,down,6
R_m0006_L010_W00033,through,upper,down,6
R_m0006_L010_W00034,through,upper,down,6
R_m0006_L010_W00035,through,upper,down,6
R_m0006_L010_W00036,through,upper,down,6
R_m0006_L010_W00037,through,upper,down,6
R_m0006_L010_W00038,through,upper,down,6
R_m0006_L010_W00039,through,upper,down,6
R_m0006_L010_W00040,through,upper,down,6
R_m0006_L010_W00041,through,upper,down,6
R_m0006_L010_W00042,through,upper,down,6
R_m0006_L010_W00043,through,upper,down,6
R_m0006_L010_W00044,through,upper,down,6
R_m0006_L010_W00045,through,upper,down,6
R_m0006_L010_W00046,through,upper,down,6
R_m0006_L010_W00047,through,upper,down,6
R_m0006_L010_W00048,through,upper,down,6
R_m0006_L010_W00049,through,upper,down,6
R_m0006_L010_W00050,through,upper,down,6
R_m0006_L010_W00051,through,upper,down,6
R_m0006_L010_W00052,through,upper,down,6
R_m0006_L010_W00053,through,upper,down,6
R_m0006_L010_W00054,through,upper,down,6
R_m0006_L010_W00055,through,upper,down,6
R_m0006_L010_W00056,through,upper,down,6
R_m0006_L010_W00057,through,upper,down,6
R_m0006_L010_W00058,through,upper,down,6
R_m0006_L010_W00059,through,upper,down,6
R_m0006_L010_W00060,through,upper,down,6
R_m0006_L010_W00061,through,upper,down,6
R_m0006_L010_W00062,through,upper,down,6
R_m0006_L010_W00063,through,upper,down,6
R_m0007_L001_W00000,through,upper,down,7
R_m0007_L001_W00001,through,upper,down,7
R_m0007_L001_W00002,through,upper,down,7
R_m0007_L001_W00003,through,upper,down,7
R_m0007_L001_W00004,through,upper,down,7
R_m0007_L001_W00005,through,upper,down,7
R_m0007_L001_W00006,through,upper,down,7
R_m0007_L001_W00007,through,upper,down,7
R_m0007_L001_W00008,through,upper,down,7
R_m0007_L001_W00009,through,upper,down,7
R_m0007_L001_W00010,through,upper,down,7
R_m0007_L001_W00011,through,upper,down,7
R_m0007_L001_W00012,through,upper,down,7
R_m0007_L001_W00013,through,upper,down,7
R_m0007_L001_W00014,through,upper,down,7
R_m0007_L001_W00015,through,upper,down,7
R_m0007_L001_W00016,through,upper,down,7
R_m0007_L001_W00017,through,upper,down,7
R_m0007_L001_W00018,through,upper,down,7
R_m0007_L001_W00019,through,upper,down,7
R_m0007_L001_W00020,through,upper,down,7
R_m0007_L001_W00021,through,upper,down,7
R_m0007_L001_W00022,through,upper,down,7
R_m0007_L001_W00023,through,upper,down,7
R_m0007_L001_W00024,through,upper,down,7
R_m0007_L001_W00025,through,upper,down,7
R_m0007_L001_W00026,through,upper,down,7
R_m0007_L001_W00027,through,upper,down,7
R_m0007_L001_W00028,through,upper,down,7
R_m0007_L001_W00029,through,upper,down,7
R_m0007_L001_W00030,through,upper,down,7
R_m0007_L001_W00031,through,upper,down,7
R_m0007_L001_W00032,through,upper,down,7
R_m0007_L001_W00033,through,upper,down,7
R_m0007_L001_W00034,through,upper,down,7
R_m0007_L001_W00035,through,upper,down,7
R_m0007_L001_W00036,through,upper,down,7
R_m0007_L001_W00037,through,upper,down,7
R_m0007_L001_W00038,through,upper,down,7
R_m0007_L001_W00039,through,upper,down,7
R_m0007_L001_W00040,through,upper,down,7
R_m0007_L001_W00041,through,upper,down,7
R_m0007_L001_W00042,through,upper,down,7
R_m0007_L001_W00043,through,upper,down,7
R_m0007_L001_W00044,through,upper,down,7
R_m0007_L001_W00045,through,upper,down,7
R_m0007_L001_W00046,through,upper,down,7
R_m0007_L001_W00047,through,upper,down,7
R_m0007_L001_W00048,through,upper,down,7
R_m0007_L001_W00049,through,upper,down,7
R_m0007_L001_W00050,through,upper,down,7
R_m0007_L001_W00051,through,upper,down,7
R_m0007_L001_W00052,through,upper,down,7
R_m0007_L001_W00053,through,upper,down,7
R_m0007_L001_W00054,through,upper,down,7
R_m0007_L001_W00055,through,upper,down,7
R_m0007_L001_W00056,through,upper,down,7
R_m0007_L001_W00057,through,upper,down,7
R_m0007_L001_W00058,through,upper,down,7
R_m0007_L001_W00059,through,upper,down,7
R_m0007_L001_W00060,through,upper,down,7
R_m0007_L001_W00061,through,upper,down,7
R_m0007_L001_W00062,through,upper,down,7
R_m0007_L001_W00063,through,upper,down,7
R_m0007_L002_W00000,through,upper,down,7
R_m0007_L002_W00001,through,upper,down,7
R_m0007_L002_W00002,through,upper,down,7
R_m0007_L002_W00003,through,upper,down,7
R_m0007_L002_W00004,through,upper,down,7
R_m0007_L002_W00005,through,upper,down,7
R_m0007_L002_W00006,through,upper,down,7
R_m0007_L002_W00007,through,upper,down,7
R_m0007_L002_W00008,through,upper,down,7
R_m0007_L002_W00009,through,upper,down,7
R_m0007_L002_W00010,through,upper,down,7
R_m0007_L002_W00011,through,upper,down,7
R_m0007_L002_W00012,through,upper,down,7
R_m0007_L002_W00013,through,upper,down,7
R_m0007_L002_W00014,through,upper,down,7
R_m0007_L002_W00015,through,upper,down,7
R_m0007_L002_W00016,through,upper,down,7
R_m0007_L002_W00017,through,upper,down,7
R_m0007_L002_W00018,through,upper,down,7
R_m0007_L002_W00019,through,upper,down,7
R_m0007_L002_W00020,through,upper,down,7
R_m0007_L002_W00021,through,upper,down,7
R_m0007_L002_W00022,through,upper,down,7
R_m0007_L002_W00023,through,upper,down,7
R_m0007_L002_W00024,through,upper,down,7
R_m0007_L002_W00025,through,upper,down,7
R_m0007_L002_W00026,through,upper,down,7
R_m0007_L002_W00027,through,upper,down,7
R_m0007_L002_W00028,through,upper,down,7
R_m0007_L002_W00029,through,upper,down,7
R_m0007_L002_W00030,through,upper,down,7
R_m0007_L002_W00031,through,upper,down,7
R_m0007_L002_W00032,through,upper,down,7
R_m0007_L002_W00033,through,upper,down,7
R_m0007_L002_W00034,through,upper,down,7
R_m0007_L002_W00035,through,upper,down,7
R_m0007_L002_W00036,through,upper,down,7
R_m0007_L002_W00037,through,upper,down,7
R_m0007_L002_W00038,through,upper,down,7
R_m0007_L002_W00039,through,upper,down,7
R_m0007_L002_W00040,through,upper,down,7
R_m0007_L002_W00041,through,upper,down,7
R_m0007_L002_W00042,through,upper,down,7
R_m0007_L002_W00043,through,upper,down,7
R_m0007_L002_W00044,through,upper,down,7
R_m0007_L002_W00045,through,upper,down,7
R_m0007_L002_W00046,through,upper,down,7
R_m0007_L002_W00047,through,upper,down,7
R_m0007_L002_W00048,through,upper,down,7
R_m0007_L002_W00049,through,upper,down,7
R_m0007_L002_W00050,through,upper,down,7
R_m0007_L002_W00051,through,upper,down,7
R_m0007_L002_W00052,through,upper,down,7
R_m0007_L002_W00053,through,upper,down,7
R_m0007_L002_W00054,through,upper,down,7
R_m0007_L002_W00055,through,upper,down,7
R_m0007_L002_W00056,through,upper,down,7
R_m0007_L002_W00057,through,upper,down,7
R_m0007_L002_W00058,through,upper,down,7
R_m0007_L002_W00059,through,upper,down,7
R_m0007_L002_W00060,through,upper,down,7
R_m0007_L002_W00061,through,upper,down,7
R_m0007_L002_W00062,through,upper,down,7
R_m0007_L002_W00063,through,upper,down,7
R_m0007_L003_W00000,through,upper,down,7
R_m0007_L003_W00001,through,upper,down,7
R_m0007_L003_W00002,through,upper,down,7
R_m0007_L003_W00003,through,upper,down,7
R_m0007_L003_W00004,through,upper,down,7
R_m0007_L003_W00005,through,upper,down,7
R_m0007_L003_W00006,through,upper,down,7
R_m0007_L003_W00007,through,upper,down,7
R_m0007_L003_W00008,through,upper,down,7
R_m0007_L003_W00009,through,upper,down,7
R_m0007_L003_W00010,through,upper,down,7
R_m0007_L003_W00011,through,upper,down,7
R_m0007_L003_W00012,through,upper,down,7
R_m0007_L003_W00013,through,upper,down,7
R_m0007_L003_W00014,through,upper,down,7
R_m0007_L003_W00015,through,upper,down,7
R_m0007_L003_W00016,through,upper,down,7
R_m0007_L003_W00017,through,upper,down,7
R_m0007_L003_W00018,through,upper,down,7
R_m0007_L003_W00019,through,upper,down,7
R_m0007_L003_W00020,through,upper,down,7
R_m0007_L003_W00021,through,upper,down,7
R_m0007_L003_W00022,through,upper,down,7
R_m0007_L003_W00023,through,upper,down,7
R_m0007_L003_W00024,through,upper,down,7
R_m0007_L003_W00025,through,upper,down,7
R_m0007_L003_W00026,through,upper,down,7
R_m0007_L003_W00027,through,upper,down,7
R_m0007_L003_W00028,through,upper,down,7
R_m0007_L003_W00029,through,upper,down,7
R_m0007_L003_W00030,through,upper,down,7
R_m0007_L003_W00031,through,upper,down,7
R_m0007_L003_W00032,through,upper,down,7
R_m0007_L003_W00033,through,upper,down,7
R_m0007_L003_W00034,through,upper,down,7
R_m0007_L003_W00035,through,upper,down,7
R_m0007_L003_W00036,through,upper,down,7
R_m0007_L003_W00037,through,upper,down,7
R_m0007_L003_W00038,through,upper,down,7
R_m0007_L003_W00039,through,upper,down,7
R_m0007_L003_W00040,through,upper,down,7
R_m0007_L003_W00041,through,upper,down,7
R_m0007_L003_W00042,through,upper,down,7
R_m0007_L003_W00043,through,upper,down,7
R_m0007_L003_W00044,through,upper,down,7
R_m0007_L003_W00045,through,upper,down,7
R_m0007_L003_W00046,through,upper,down,7
R_m0007_L003_W00047,through,upper,down,7
R_m0007_L003_W00048,through,upper,down,7
R_m0007_L003_W00049,through,upper,down,7
R_m0007_L003_W00050,through,upper,down,7
R_m0007_L003_W00051,through,upper,down,7
R_m0007_L003_W00052,through,upper,down,7
R_m0007_L003_W00053,through,upper,down,7
R_m0007_L003_W00054,through,upper,down,7
R_m0007_L003_W00055,through,upper,down,7
R_m0007_L003_W00056,through,upper,down,7
R_m0007_L003_W00057,through,upper,down,7
R_m0007_L003_W00058,through,upper,down,7
R_m0007_L003_W00059,through,upper,down,7
R_m0007_L003_W00060,through,upper,down,7
R_m0007_L003_W00061,through,upper,down,7
R_m0007_L003_W00062,through,upper,down,7
R_m0007_L003_W00063,through,upper,down,7
R_m0007_L004_W00000,through,upper,down,7
R_m0007_L004_W00001,through,upper,down,7
R_m0007_L004_W00002,through,upper,down,7
R_m0007_L004_W00003,through,upper,down,7
R_m0007_L004_W00004,through,upper,down,7
R_m0007_L004_W00005,through,upper,down,7
R_m0007_L004_W00006,through,upper,down,7
R_m0007_L004_W00007,through,upper,down,7
R_m0007_L004_W00008,through,upper,down,7
R_m0007_L004_W00009,through,upper,down,7
R_m0007_L004_W00010,through,upper,down,7
R_m0007_L004_W00011,through,upper,down,7
R_m0007_L004_W00012,through,upper,down,7
R_m0007_L004_W00013,through,upper,down,7
R_m0007_L004_W00014,through,upper,down,7
R_m0007_L004_W00015,through,upper,down,7
R_m0007_L004_W00016,through,upper,down,7
R_m0007_L004_W00017,through,upper,down,7
R_m0007_L004_W00018,through,upper,down,7
R_m0007_L004_W00019,through,upper,down,7
R_m0007_L004_W00020,through,upper,down,7
R_m0007_L004_W00021,through,upper,down,7
R_m0007_L004_W00022,through,upper,down,7
R_m0007_L004_W00023,through,upper,down,7
R_m0007_L004_W00024,through,upper,down,7
R_m0007_L004_W00025,through,upper,down,7
R_m0007_L004_W00026,through,upper,down,7
R_m0007_L004_W00027,through,upper,down,7
R_m0007_L004_W00028,through,upper,down,7
R_m0007_L004_W00029,through,upper,down,7
R_m0007_L004_W00030,through,upper,down,7
R_m0007_L004_W00031,through,upper,down,7
R_m0007_L004_W00032,through,upper,down,7
R_m0007_L004_W00033,through,upper,down,7
R_m0007_L004_W00034,through,upper,down,7
R_m0007_L004_W00035,through,upper,down,7
R_m0007_L004_W00036,through,upper,down,7
R_m0007_L004_W00037,through,upper,down,7
R_m0007_L004_W00038,through,upper,down,7
R_m0007_L004_W00039,through,upper,down,7
R_m0007_L004_W00040,through,upper,down,7
R_m0007_L004_W00041,through,upper,down,7
R_m0007_L004_W00042,through,upper,down,7
R_m0007_L004_W00043,through,upper,down,7
R_m0007_L004_W00044,through,upper,down,7
R_m0007_L004_W00045,through,upper,down,7
R_m0007_L004_W00046,through,upper,down,7
R_m0007_L004_W00047,through,upper,down,7
R_m0007_L004_W00048,through,upper,down,7
R_m0007_L004_W00049,through,upper,down,7
R_m0007_L004_W00050,through,upper,down,7
R_m0007_L004_W00051,through,upper,down,7
R_m0007_L004_W00052,through,upper,down,7
R_m0007_L004_W00053,through,upper,down,7
R_m0007_L004_W00054,through,upper,down,7
R_m0007_L004_W00055,through,upper,down,7
R_m0007_L004_W00056,through,upper,down,7
R_m0007_L004_W00057,through,upper,down,7
R_m0007_L004_W00058,through,upper,down,7
R_m0007_L004_W00059,through,upper,down,7
R_m0007_L004_W00060,through,upper,down,7
R_m0007_L004_W00061,through,upper,down,7
R_m0007_L004_W00062,through,upper,down,7
R_m0007_L004_W00063,through,upper,down,7
R_m0007_L005_W00000,through,upper,down,7
R_m0007_L005_W00001,through,upper,down,7
R_m0007_L005_W00002,through,upper,down,7
R_m0007_L005_W00003,through,upper,down,7
R_m0007_L005_W00004,through,upper,down,7
R_m0007_L005_W00005,through,upper,down,7
R_m0007_L005_W00006,through,upper,down,7
R_m0007_L005_W00007,through,upper,down,7
R_m0007_L005_W00008,through,upper,down,7
R_m0007_L005_W00009,through,upper,down,7
R_m0007_L005_W00010,through,upper,down,7
R_m0007_L005_W00011,through,upper,down,7
R_m0007_L005_W00012,through,upper,down,7
R_m0007_L005_W00013,through,upper,down,7
R_m0007_L005_W00014,through,upper,down,7
R_m0007_L005_W00015,through,upper,down,7
R_m0007_L005_W00016,through,upper,down,7
R_m0007_L005_W00017,through,upper,down,7
R_m0007_L005_W00018,through,upper,down,7
R_m0007_L005_W00019,through,upper,down,7
R_m0007_L005_W00020,through,upper,down,7
R_m0007_L005_W00021,through,upper,down,7
R_m0007_L005_W00022,through,upper,down,7
R_m0007_L005_W00023,through,upper,down,7
R_m0007_L005_W00024,through,upper,down,7
R_m0007_L005_W00025,through,upper,down,7
R_m0007_L005_W00026,through,upper,down,7
R_m0007_L005_W00027,through,upper,down,7
R_m0007_L005_W00028,through,upper,down,7
R_m0007_L005_W00029,through,upper,down,7
R_m0007_L005_W00030,through,upper,down,7
R_m0007_L005_W00031,through,upper,down,7
R_m0007_L005_W00032,through,upper,down,7
R_m0007_L005_W00033,through,upper,down,7
R_m0007_L005_W00034,through,upper,down,7
R_m0007_L005_W00035,through,upper,down,7
R_m0007_L005_W00036,through,upper,down,7
R_m0007_L005_W00037,through,upper,down,7
R_m0007_L005_W00038,through,upper,down,7
R_m0007_L005_W00039,through,upper,down,7
R_m0007_L005_W00040,through,upper,down,7
R_m0007_L005_W00041,through,upper,down,7
R_m0007_L005_W00042,through,upper,down,7
R_m0007_L005_W00043,through,upper,down,7
R_m0007_L005_W00044,through,upper,down,7
R_m0007_L005_W00045,through,upper,down,7
R_m0007_L005_W00046,through,upper,down,7
R_m0007_L005_W00047,through,upper,down,7
R_m0007_L005_W00048,through,upper,down,7
R_m0007_L005_W00049,through,upper,down,7
R_m0007_L005_W00050,through,upper,down,7
R_m0007_L005_W00051,through,upper,down,7
R_m0007_L005_W00052,through,upper,down,7
R_m0007_L005_W00053,through,upper,down,7
R_m0007_L005_W00054,through,upper,down,7
R_m0007_L005_W00055,through,upper,down,7
R_m0007_L005_W00056,through,upper,down,7
R_m0007_L005_W00057,through,upper,down,7
R_m0007_L005_W00058,through,upper,down,7
R_m0007_L005_W00059,through,upper,down,7
R_m0007_L005_W00060,through,upper,down,7
R_m0007_L005_W00061,through,upper,down,7
R_m0007_L005_W00062,through,upper,down,7
R_m0007_L005_W00063,through,upper,down,7
R_m0007_L006_W00000,through,upper,down,7
R_m0007_L006_W00001,through,upper,down,7
R_m0007_L006_W00002,through,upper,down,7
R_m0007_L006_W00003,through,upper,down,7
R_m0007_L006_W00004,through,upper,down,7
R_m0007_L006_W00005,through,upper,down,7
R_m0007_L006_W00006,through,upper,down,7
R_m0007_L006_W00007,through,upper,down,7
R_m0007_L006_W00008,through,upper,down,7
R_m0007_L006_W00009,through,upper,down,7
R_m0007_L006_W00010,through,upper,down,7
R_m0007_L006_W00011,through,upper,down,7
R_m0007_L006_W00012,through,upper,down,7
R_m0007_L006_W00013,through,upper,down,7
R_m0007_L006_W00014,through,upper,down,7
R_m0007_L006_W00015,through,upper,down,7
R_m0007_L006_W00016,through,upper,down,7
R_m0007_L006_W00017,through,upper,down,7
R_m0007_L006_W00018,through,upper,down,7
R_m0007_L006_W00019,through,upper,down,7
R_m0007_L006_W00020,through,upper,down,7
R_m0007_L006_W00021,through,upper,down,7
R_m0007_L006_W00022,through,upper,down,7
R_m0007_L006_W00023,through,upper,down,7
R_m0007_L006_W00024,through,upper,down,7
R_m0007_L006_W00025,through,upper,down,7
R_m0007_L006_W00026,through,upper,down,7
R_m0007_L006_W00027,through,upper,down,7
R_m0007_L006_W00028,through,upper,down,7
R_m0007_L006_W00029,through,upper,down,7
R_m0007_L006_W00030,through,upper,down,7
R_m0007_L006_W00031,through,upper,down,7
R_m0007_L006_W00032,through,upper,down,7
R_m0007_L006_W00033,through,upper,down,7
R_m0007_L006_W00034,through,upper,down,7
R_m0007_L006_W00035,through,upper,down,7
R_m0007_L006_W00036,through,upper,down,7
R_m0007_L006_W00037,through,upper,down,7
R_m0007_L006_W00038,through,upper,down,7
R_m0007_L006_W00039,through,upper,down,7
R_m0007_L006_W00040,through,upper,down,7
R_m0007_L006_W00041,through,upper,down,7
R_m0007_L006_W00042,through,upper,down,7
R_m0007_L006_W00043,through,upper,down,7
R_m0007_L006_W00044,through,upper,down,7
R_m0007_L006_W00045,through,upper,down,7
R_m0007_L006_W00046,through,upper,down,7
R_m0007_L006_W00047,through,upper,down,7
R_m0007_L006_W00048,through,upper,down,7
R_m0007_L006_W00049,through,upper,down,7
R_m0007_L006_W00050,through,upper,down,7
R_m0007_L006_W00051,through,upper,down,7
R_m0007_L006_W00052,through,upper,down,7
R_m0007_L006_W00053,through,upper,down,7
R_m0007_L006_W00054,through,upper,down,7
R_m0007_L006_W00055,through,upper,down,7
R_m0007_L006_W00056,through,upper,down,7
R_m0007_L006_W00057,through,upper,down,7
R_m0007_L006_W00058,through,upper,down,7
R_m0007_L006_W00059,through,upper,down,7
R_m0007_L006_W00060,through,upper,down,7
R_m0007_L006_W00061,through,upper,down,7
R_m0007_L006_W00062,through,upper,down,7
R_m0007_L006_W00063,through,upper,down,7
R_m0007_L007_W00000,through,upper,down,7
R_m0007_L007_W00001,through,upper,down,7
R_m0007_L007_W00002,through,upper,down,7
R_m0007_L007_W00003,through,upper,down,7
R_m0007_L007_W00004,through,upper,down,7
R_m0007_L007_W00005,through,upper,down,7
R_m0007_L007_W00006,through,upper,down,7
R_m0007_L007_W00007,through,upper,down,7
R_m0007_L007_W00008,through,upper,down,7
R_m0007_L007_W00009,through,upper,down,7
R_m0007_L007_W00010,through,upper,down,7
R_m0007_L007_W00011,through,upper,down,7
R_m0007_L007_W00012,through,upper,down,7
R_m0007_L007_W00013,through,upper,down,7
R_m0007_L007_W00014,through,upper,down,7
R_m0007_L007_W00015,through,upper,down,7
R_m0007_L007_W00016,through,upper,down,7
R_m0007_L007_W00017,through,upper,down,7
R_m0007_L007_W00018,through,upper,down,7
R_m0007_L007_W00019,through,upper,down,7
R_m0007_L007_W00020,through,upper,down,7
R_m0007_L007_W00021,through,upper,down,7
R_m0007_L007_W00022,through,upper,down,7
R_m0007_L007_W00023,through,upper,down,7
R_m0007_L007_W00024,through,upper,down,7
R_m0007_L007_W00025,through,upper,down,7
R_m0007_L007_W00026,through,upper,down,7
R_m0007_L007_W00027,through,upper,down,7
R_m0007_L007_W00028,through,upper,down,7
R_m0007_L007_W00029,through,upper,down,7
R_m0007_L007_W00030,through,upper,down,7
R_m0007_L007_W00031,through,upper,down,7
R_m0007_L007_W00032,through,upper,down,7
R_m0007_L007_W00033,through,upper,down,7
R_m0007_L007_W00034,through,upper,down,7
R_m0007_L007_W00035,through,upper,down,7
R_m0007_L007_W00036,through,upper,down,7
R_m0007_L007_W00037,through,upper,down,7
R_m0007_L007_W00038,through,upper,down,7
R_m0007_L007_W00039,through,upper,down,7
R_m0007_L007_W00040,through,upper,down,7
R_m0007_L007_W00041,through,upper,down,7
R_m0007_L007_W00042,through,upper,down,7
R_m0007_L007_W00043,through,upper,down,7
R_m0007_L007_W00044,through,upper,down,7
R_m0007_L007_W00045,through,upper,down,7
R_m0007_L007_W00046,through,upper,down,7
R_m0007_L007_W00047,through,upper,down,7
R_m0007_L007_W00048,through,upper,down,7
R_m0007_L007_W00049,through,upper,down,7
R_m0007_L007_W00050,through,upper,down,7
R_m0007_L007_W00051,through,upper,down,7
R_m0007_L007_W00052,through,upper,down,7
R_m0007_L007_W00053,through,upper,down,7
R_m0007_L007_W00054,through,upper,down,7
R_m0007_L007_W00055,through,upper,down,7
R_m0007_L007_W00056,through,upper,down,7
R_m0007_L007_W00057,through,upper,down,7
R_m0007_L007_W00058,through,upper,down,7
R_m0007_L007_W00059,through,upper,down,7
R_m0007_L007_W00060,through,upper,down,7
R_m0007_L007_W00061,through,upper,down,7
R_m0007_L007_W00062,through,upper,down,7
R_m0007_L007_W00063,through,upper,down,7
R_m0007_L008_W00000,through,upper,down,7
R_m0007_L008_W00001,through,upper,down,7
R_m0007_L008_W00002,through,upper,down,7
R_m0007_L008_W00003,through,upper,down,7
R_m0007_L008_W00004,through,upper,down,7
R_m0007_L008_W00005,through,upper,down,7
R_m0007_L008_W00006,through,upper,down,7
R_m0007_L008_W00007,through,upper,down,7
R_m0007_L008_W00008,through,upper,down,7
R_m0007_L008_W00009,through,upper,down,7
R_m0007_L008_W00010,through,upper,down,7
R_m0007_L008_W00011,through,upper,down,7
R_m0007_L008_W00012,through,upper,down,7
R_m0007_L008_W00013,through,upper,down,7
R_m0007_L008_W00014,through,upper,down,7
R_m0007_L008_W00015,through,upper,down,7
R_m0007_L008_W00016,through,upper,down,7
R_m0007_L008_W00017,through,upper,down,7
R_m0007_L008_W00018,through,upper,down,7
R_m0007_L008_W00019,through,upper,down,7
R_m0007_L008_W00020,through,upper,down,7
R_m0007_L008_W00021,through,upper,down,7
R_m0007_L008_W00022,through,upper,down,7
R_m0007_L008_W00023,through,upper,down,7
R_m0007_L008_W00024,through,upper,down,7
R_m0007_L008_W00025,through,upper,down,7
R_m0007_L008_W00026,through,upper,down,7
R_m0007_L008_W00027,through,upper,down,7
R_m0007_L008_W00028,through,upper,down,7
R_m0007_L008_W00029,through,upper,down,7
R_m0007_L008_W00030,through,upper,down,7
R_m0007_L008_W00031,through,upper,down,7
R_m0007_L008_W00032,through,upper,down,7
R_m0007_L008_W00033,through,upper,down,7
R_m0007_L008_W00034,through,upper,down,7
R_m0007_L008_W00035,through,upper,down,7
R_m0007_L008_W00036,through,upper,down,7
R_m0007_L008_W00037,through,upper,down,7
R_m0007_L008_W00038,through,upper,down,7
R_m0007_L008_W00039,through,upper,down,7
R_m0007_L008_W00040,through,upper,down,7
R_m0007_L008_W00041,through,upper,down,7
R_m0007_L008_W00042,through,upper,down,7
R_m0007_L008_W00043,through,upper,down,7
R_m0007_L008_W00044,through,upper,down,7
R_m0007_L008_W00045,through,upper,down,7
R_m0007_L008_W00046,through,upper,down,7
R_m0007_L008_W00047,through,upper,down,7
R_m0007_L008_W00048,through,upper,down,7
R_m0007_L008_W00049,through,upper,down,7
R_m0007_L008_W00050,through,upper,down,7
R_m0007_L008_W00051,through,upper,down,7
R_m0007_L008_W00052,through,upper,down,7
R_m0007_L008_W00053,through,upper,down,7
R_m0007_L008_W00054,through,upper,down,7
R_m0007_L008_W00055,through,upper,down,7
R_m0007_L008_W00056,through,upper,down,7
R_m0007_L008_W00057,through,upper,down,7
R_m0007_L008_W00058,through,upper,down,7
R_m0007_L008_W00059,through,upper,down,7
R_m0007_L008_W00060,through,upper,down,7
R_m0007_L008_W00061,through,upper,down,7
R_m0007_L008_W00062,through,upper,down,7
R_m0007_L008_W00063,through,upper,down,7
R_m0007_L009_W00000,through,upper,down,7
R_m0007_L009_W00001,through,upper,down,7
R_m0007_L009_W00002,through,upper,down,7
R_m0007_L009_W00003,through,upper,down,7
R_m0007_L009_W00004,through,upper,down,7
R_m0007_L009_W00005,through,upper,down,7
R_m0007_L009_W00006,through,upper,down,7
R_m0007_L009_W00007,through,upper,down,7
R_m0007_L009_W00008,through,upper,down,7
R_m0007_L009_W00009,through,upper,down,7
R_m0007_L009_W00010,through,upper,down,7
R_m0007_L009_W00011,through,upper,down,7
R_m0007_L009_W00012,through,upper,down,7
R_m0007_L009_W00013,through,upper,down,7
R_m0007_L009_W00014,through,upper,down,7
R_m0007_L009_W00015,through,upper,down,7
R_m0007_L009_W00016,through,upper,down,7
R_m0007_L009_W00017,through,upper,down,7
R_m0007_L009_W00018,through,upper,down,7
R_m0007_L009_W00019,through,upper,down,7
R_m0007_L009_W00020,through,upper,down,7
R_m0007_L009_W00021,through,upper,down,7
R_m0007_L009_W00022,through,upper,down,7
R_m0007_L009_W00023,through,upper,down,7
R_m0007_L009_W00024,through,upper,down,7
R_m0007_L009_W00025,through,upper,down,7
R_m0007_L009_W00026,through,upper,down,7
R_m0007_L009_W00027,through,upper,down,7
R_m0007_L009_W00028,through,upper,down,7
R_m0007_L009_W00029,through,upper,down,7
R_m0007_L009_W00030,through,upper,down,7
R_m0007_L009_W00031,through,upper,down,7
R_m0007_L009_W00032,through,upper,down,7
R_m0007_L009_W00033,through,upper,down,7
R_m0007_L009_W00034,through,upper,down,7
R_m0007_L009_W00035,through,upper,down,7
R_m0007_L009_W00036,through,upper,down,7
R_m0007_L009_W00037,through,upper,down,7
R_m0007_L009_W00038,through,upper,down,7
R_m0007_L009_W00039,through,upper,down,7
R_m0007_L009_W00040,through,upper,down,7
R_m0007_L009_W00041,through,upper,down,7
R_m0007_L009_W00042,through,upper,down,7
R_m0007_L009_W00043,through,upper,down,7
R_m0007_L009_W00044,through,upper,down,7
R_m0007_L009_W00045,through,upper,down,7
R_m0007_L009_W00046,through,upper,down,7
R_m0007_L009_W00047,through,upper,down,7
R_m0007_L009_W00048,through,upper,down,7
R_m0007_L009_W00049,through,upper,down,7
R_m0007_L009_W00050,through,upper,down,7
R_m0007_L009_W00051,through,upper,down,7
R_m0007_L009_W00052,through,upper,down,7
R_m0007_L009_W00053,through,upper,down,7
R_m0007_L009_W00054,through,upper,down,7
R_m0007_L009_W00055,through,upper,down,7
R_m0007_L009_W00056,through,upper,down,7
R_m0007_L009_W00057,through,upper,down,7
R_m0007_L009_W00058,through,upper,down,7
R_m0007_L009_W00059,through,upper,down,7
R_m0007_L009_W00060,through,upper,down,7
R_m0007_L009_W00061,through,upper,down,7
R_m0007_L009_W00062,through,upper,down,7
R_m0007_L009_W00063,through,upper,down,7
R_m0007_L010_W00000,through,upper,down,7
R_m0007_L010_W00001,through,upper,down,7
R_m0007_L010_W00002,through,upper,down,7
R_m0007_L010_W00003,through,upper,down,7
R_m0007_L010_W00004,through,upper,down,7
R_m0007_L010_W00005,through,upper,down,7
R_m0007_L010_W00006,through,upper,down,7
R_m0007_L010_W00007,through,upper,down,7
R_m0007_L010_W00008,through,upper,down,7
R_m0007_L010_W00009,through,upper,down,7
R_m0007_L010_W00010,through,upper,down,7
R_m0007_L010_W00011,through,upper,down,7
R_m0007_L010_W00012,through,upper,down,7
R_m0007_L010_W00013,through,upper,down,7
R_m0007_L010_W00014,through,upper,down,7
R_m0007_L010_W00015,through,upper,down,7
R_m0007_L010_W00016,through,upper,down,7
R_m0007_L010_W00017,through,upper,down,7
R_m0007_L010_W00018,through,upper,down,7
R_m0007_L010_W00019,through,upper,down,7
R_m0007_L010_W00020,through,upper,down,7
R_m0007_L010_W00021,through,upper,down,7
R_m0007_L010_W00022,through,upper,down,7
R_m0007_L010_W00023,through,upper,down,7
R_m0007_L010_W00024,through,upper,down,7
R_m0007_L010_W00025,through,upper,down,7
R_m0007_L010_W00026,through,upper,down,7
R_m0007_L010_W00027,through,upper,down,7
R_m0007_L010_W00028,through,upper,down,7
R_m0007_L010_W00029,through,upper,down,7
R_m0007_L010_W00030,through,upper,down,7
R_m0007_L010_W00031,through,upper,down,7
R_m0007_L010_W00032,through,upper,down,7
R_m0007_L010_W00033,through,upper,down,7
R_m0007_L010_W00034,through,upper,down,7
R_m0007_L010_W00035,through,upper,down,7
R_m0007_L010_W00036,through,upper,down,7
R_m0007_L010_W00037,through,upper,down,7
R_m0007_L010_W00038,through,upper,down,7
R_m0007_L010_W00039,through,upper,down,7
R_m0007_L010_W00040,through,upper,down,7
R_m0007_L010_W00041,through,upper,down,7
R_m0007_L010_W00042,through,upper,down,7
R_m0007_L010_W00043,through,upper,down,7
R_m0007_L010_W00044,through,upper,down,7
R_m0007_L010_W00045,through,upper,down,7
R_m0007_L010_W00046,through,upper,down,7
R_m0007_L010_W00047,through,upper,down,7
R_m0007_L010_W00048,through,upper,down,7
R_m0007_L010_W00049,through,upper,down,7
R_m0007_L010_W00050,through,upper,down,7
R_m0007_L010_W00051,through,upper,down,7
R_m0007_L010_W00052,through,upper,down,7
R_m0007_L010_W00053,through,upper,down,7
R_m0007_L010_W00054,through,upper,down,7
R_m0007_L010_W00055,through,upper,down,7
R_m0007_L010_W00056,through,upper,down,7
R_m0007_L010_W00057,through,upper,down,7
R_m0007_L010_W00058,through,upper,down,7
R_m0007_L010_W00059,through,upper,down,7
R_m0007_L010_W00060,through,upper,down,7
R_m0007_L010_W00061,through,upper,down,7
R_m0007_L010_W00062,through,upper,down,7
R_m0007_L010_W00063,through,upper,down,7
R_m0008_L001_W00000,through,upper,down,8
R_m0008_L001_W00001,through,upper,down,8
R_m0008_L001_W00002,through,upper,down,8
R_m0008_L001_W00003,through,upper,down,8
R_m0008_L001_W00004,through,upper,down,8
R_m0008_L001_W00005,through,upper,down,8
R_m0008_L001_W00006,through,upper,down,8
R_m0008_L001_W00007,through,upper,down,8
R_m0008_L001_W00008,through,upper,down,8
R_m0008_L001_W00009,through,upper,down,8
R_m0008_L001_W00010,through,upper,down,8
R_m0008_L001_W00011,through,upper,down,8
R_m0008_L001_W00012,through,upper,down,8
R_m0008_L001_W00013,through,upper,down,8
R_m0008_L001_W00014,through,upper,down,8
R_m0008_L001_W00015,through,upper,down,8
R_m0008_L001_W00016,through,upper,down,8
R_m0008_L001_W00017,through,upper,down,8
R_m0008_L001_W00018,through,upper,down,8
R_m0008_L001_W00019,through,upper,down,8
R_m0008_L001_W00020,through,upper,down,8
R_m0008_L001_W00021,through,upper,down,8
R_m0008_L001_W00022,through,upper,down,8
R_m0008_L001_W00023,through,upper,down,8
R_m0008_L001_W00024,through,upper,down,8
R_m0008_L001_W00025,through,upper,down,8
R_m0008_L001_W00026,through,upper,down,8
R_m0008_L001_W00027,through,upper,down,8
R_m0008_L001_W00028,through,upper,down,8
R_m0008_L001_W00029,through,upper,down,8
R_m0008_L001_W00030,through,upper,down,8
R_m0008_L001_W00031,through,upper,down,8
R_m0008_L002_W00000,through,upper,down,8
R_m0008_L002_W00001,through,upper,down,8
R_m0008_L002_W00002,through,upper,down,8
R_m0008_L002_W00003,through,upper,down,8
R_m0008_L002_W00004,through,upper,down,8
R_m0008_L002_W00005,through,upper,down,8
R_m0008_L002_W00006,through,upper,down,8
R_m0008_L002_W00007,through,upper,down,8
R_m0008_L002_W00008,through,upper,down,8
R_m0008_L002_W00009,through,upper,down,8
R_m0008_L002_W00010,through,upper,down,8
R_m0008_L002_W00011,through,upper,down,8
R_m0008_L002_W00012,through,upper,down,8
R_m0008_L002_W00013,through,upper,down,8
R_m0008_L002_W00014,through,upper,down,8
R_m0008_L002_W00015,through,upper,down,8
R_m0008_L002_W00016,through,upper,down,8
R_m0008_L002_W00017,through,upper,down,8
R_m0008_L002_W00018,through,upper,down,8
R_m0008_L002_W00019,through,upper,down,8
R_m0008_L002_W00020,through,upper,down,8
R_m0008_L002_W00021,through,upper,down,8
R_m0008_L002_W00022,through,upper,down,8
R_m0008_L002_W00023,through,upper,down,8
R_m0008_L002_W00024,through,upper,down,8
R_m0008_L002_W00025,through,upper,down,8
R_m0008_L002_W00026,through,upper,down,8
R_m0008_L002_W00027,through,upper,down,8
R_m0008_L002_W00028,through,upper,down,8
R_m0008_L002_W00029,through,upper,down,8
R_m0008_L002_W00030,through,upper,down,8
R_m0008_L002_W00031,through,upper,down,8
R_m0008_L003_W00000,through,upper,down,8
R_m0008_L003_W00001,through,upper,down,8
R_m0008_L003_W00002,through,upper,down,8
R_m0008_L003_W00003,through,upper,down,8
R_m0008_L003_W00004,through,upper,down,8
R_m0008_L003_W00005,through,upper,down,8
R_m0008_L003_W00006,through,upper,down,8
R_m0008_L003_W00007,through,upper,down,8
R_m0008_L003_W00008,through,upper,down,8
R_m0008_L003_W00009,through,upper,down,8
R_m0008_L003_W00010,through,upper,down,8
R_m0008_L003_W00011,through,upper,down,8
R_m0008_L003_W00012,through,upper,down,8
R_m0008_L003_W00013,through,upper,down,8
R_m0008_L003_W00014,through,upper,down,8
R_m0008_L003_W00015,through,upper,down,8
R_m0008_L003_W00016,through,upper,down,8
R_m0008_L003_W00017,through,upper,down,8
R_m0008_L003_W00018,through,upper,down,8
R_m0008_L003_W00019,through,upper,down,8
R_m0008_L003_W00020,through,upper,down,8
R_m0008_L003_W00021,through,upper,down,8
R_m0008_L003_W00022,through,upper,down,8
R_m0008_L003_W00023,through,upper,down,8
R_m0008_L003_W00024,through,upper,down,8
R_m0008_L003_W00025,through,upper,down,8
R_m0008_L003_W00026,through,upper,down,8
R_m0008_L003_W00027,through,upper,down,8
R_m0008_L003_W00028,through,upper,down,8
R_m0008_L003_W00029,through,upper,down,8
R_m0008_L003_W00030,through,upper,down,8
R_m0008_L003_W00031,through,upper,down,8
R_m0008_L004_W00000,through,upper,down,8
R_m0008_L004_W00001,through,upper,down,8
R_m0008_L004_W00002,through,upper,down,8
R_m0008_L004_W00003,through,upper,down,8
R_m0008_L004_W00004,through,upper,down,8
R_m0008_L004_W00005,through,upper,down,8
R_m0008_L004_W00006,through,upper,down,8
R_m0008_L004_W00007,through,upper,down,8
R_m0008_L004_W00008,through,upper,down,8
R_m0008_L004_W00009,through,upper,down,8
R_m0008_L004_W00010,through,upper,down,8
R_m0008_L004_W00011,through,upper,down,8
R_m0008_L004_W00012,through,upper,down,8
R_m0008_L004_W00013,through,upper,down,8
R_m0008_L004_W00014,through,upper,down,8
R_m0008_L004_W00015,through,upper,down,8
R_m0008_L004_W00016,through,upper,down,8
R_m0008_L004_W00017,through,upper,down,8
R_m0008_L004_W00018,through,upper,down,8
R_m0008_L004_W00019,through,upper,down,8
R_m0008_L004_W00020,through,upper,down,8
R_m0008_L004_W00021,through,upper,down,8
R_m0008_L004_W00022,through,upper,down,8
R_m0008_L004_W00023,through,upper,down,8
R_m0008_L004_W00024,through,upper,down,8
R_m0008_L004_W00025,through,upper,down,8
R_m0008_L004_W00026,through,upper,down,8
R_m0008_L004_W00027,through,upper,down,8
R_m0008_L004_W00028,through,upper,down,8
R_m0008_L004_W00029,through,upper,down,8
R_m0008_L004_W00030,through,upper,down,8
R_m0008_L004_W00031,through,upper,down,8
R_m0008_L005_W00000,through,upper,down,8
R_m0008_L005_W00001,through,upper,down,8
R_m0008_L005_W00002,through,upper,down,8
R_m0008_L005_W00003,through,upper,down,8
R_m0008_L005_W00004,through,upper,down,8
R_m0008_L005_W00005,through,upper,down,8
R_m0008_L005_W00006,through,upper,down,8
R_m0008_L005_W00007,through,upper,down,8
R_m0008_L005_W00008,through,upper,down,8
R_m0008_L005_W00009,through,upper,down,8
R_m0008_L005_W00010,through,upper,down,8
R_m0008_L005_W00011,through,upper,down,8
R_m0008_L005_W00012,through,upper,down,8
R_m0008_L005_W00013,through,upper,down,8
R_m0008_L005_W00014,through,upper,down,8
R_m0008_L005_W00015,through,upper,down,8
R_m0008_L005_W00016,through,upper,down,8
R_m0008_L005_W00017,through,upper,down,8
R_m0008_L005_W00018,through,upper,down,8
R_m0008_L005_W00019,through,upper,down,8
R_m0008_L005_W00020,through,upper,down,8
R_m0008_L005_W00021,through,upper,down,8
R_m0008_L005_W00022,through,upper,down,8
R_m0008_L005_W00023,through,upper,down,8
R_m0008_L005_W00024,through,upper,down,8
R_m0008_L005_W00025,through,upper,down,8
R_m0008_L005_W00026,through,upper,down,8
R_m0008_L005_W00027,through,upper,down,8
R_m0008_L005_W00028,through,upper,down,8
R_m0008_L005_W00029,through,upper,down,8
R_m0008_L005_W00030,through,upper,down,8
R_m0008_L005_W00031,through,upper,down,8
R_m0008_L006_W00000,through,upper,down,8
R_m0008_L006_W00001,through,upper,down,8
R_m0008_L006_W00002,through,upper,down,8
R_m0008_L006_W00003,through,upper,down,8
R_m0008_L006_W00004,through,upper,down,8
R_m0008_L006_W00005,through,upper,down,8
R_m0008_L006_W00006,through,upper,down,8
R_m0008_L006_W00007,through,upper,down,8
R_m0008_L006_W00008,through,upper,down,8
R_m0008_L006_W00009,through,upper,down,8
R_m0008_L006_W00010,through,upper,down,8
R_m0008_L006_W00011,through,upper,down,8
R_m0008_L006_W00012,through,upper,down,8
R_m0008_L006_W00013,through,upper,down,8
R_m0008_L006_W00014,through,upper,down,8
R_m0008_L006_W00015,through,upper,down,8
R_m0008_L006_W00016,through,upper,down,8
R_m0008_L006_W00017,through,upper,down,8
R_m0008_L006_W00018,through,upper,down,8
R_m0008_L006_W00019,through,upper,down,8
R_m0008_L006_W00020,through,upper,down,8
R_m0008_L006_W00021,through,upper,down,8
R_m0008_L006_W00022,through,upper,down,8
R_m0008_L006_W00023,through,upper,down,8
R_m0008_L006_W00024,through,upper,down,8
R_m0008_L006_W00025,through,upper,down,8
R_m0008_L006_W00026,through,upper,down,8
R_m0008_L006_W00027,through,upper,down,8
R_m0008_L006_W00028,through,upper,down,8
R_m0008_L006_W00029,through,upper,down,8
R_m0008_L006_W00030,through,upper,down,8
R_m0008_L006_W00031,through,upper,down,8
R_m0008_L007_W00000,through,upper,down,8
R_m0008_L007_W00001,through,upper,down,8
R_m0008_L007_W00002,through,upper,down,8
R_m0008_L007_W00003,through,upper,down,8
R_m0008_L007_W00004,through,upper,down,8
R_m0008_L007_W00005,through,upper,down,8
R_m0008_L007_W00006,through,upper,down,8
R_m0008_L007_W00007,through,upper,down,8
R_m0008_L007_W00008,through,upper,down,8
R_m0008_L007_W00009,through,upper,down,8
R_m0008_L007_W00010,through,upper,down,8
R_m0008_L007_W00011,through,upper,down,8
R_m0008_L007_W00012,through,upper,down,8
R_m0008_L007_W00013,through,upper,down,8
R_m0008_L007_W00014,through,upper,down,8
R_m0008_L007_W00015,through,upper,down,8
R_m0008_L007_W00016,through,upper,down,8
R_m0008_L007_W00017,through,upper,down,8
R_m0008_L007_W00018,through,upper,down,8
R_m0008_L007_W00019,through,upper,down,8
R_m0008_L007_W00020,through,upper,down,8
R_m0008_L007_W00021,through,upper,down,8
R_m0008_L007_W00022,through,upper,down,8
R_m0008_L007_W00023,through,upper,down,8
R_m0008_L007_W00024,through,upper,down,8
R_m0008_L007_W00025,through,upper,down,8
R_m0008_L007_W00026,through,upper,down,8
R_m0008_L007_W00027,through,upper,down,8
R_m0008_L007_W00028,through,upper,down,8
R_m0008_L007_W00029,through,upper,down,8
R_m0008_L007_W00030,through,upper,down,8
R_m0008_L007_W00031,through,upper,down,8
R_m0008_L008_W00000,through,upper,down,8
R_m0008_L008_W00001,through,upper,down,8
R_m0008_L008_W00002,through,upper,down,8
R_m0008_L008_W00003,through,upper,down,8
R_m0008_L008_W00004,through,upper,down,8
R_m0008_L008_W00005,through,upper,down,8
R_m0008_L008_W00006,through,upper,down,8
R_m0008_L008_W00007,through,upper,down,8
R_m0008_L008_W00008,through,upper,down,8
R_m0008_L008_W00009,through,upper,down,8
R_m0008_L008_W00010,through,upper,down,8
R_m0008_L008_W00011,through,upper,down,8
R_m0008_L008_W00012,through,upper,down,8
R_m0008_L008_W00013,through,upper,down,8
R_m0008_L008_W00014,through,upper,down,8
R_m0008_L008_W00015,through,upper,down,8
R_m0008_L008_W00016,through,upper,down,8
R_m0008_L008_W00017,through,upper,down,8
R_m0008_L008_W00018,through,upper,down,8
R_m0008_L008_W00019,through,upper,down,8
R_m0008_L008_W00020,through,upper,down,8
R_m0008_L008_W00021,through,upper,down,8
R_m0008_L008_W00022,through,upper,down,8
R_m0008_L008_W00023,through,upper,down,8
R_m0008_L008_W00024,through,upper,down,8
R_m0008_L008_W00025,through,upper,down,8
R_m0008_L008_W00026,through,upper,down,8
R_m0008_L008_W00027,through,upper,down,8
R_m0008_L008_W00028,through,upper,down,8
R_m0008_L008_W00029,through,upper,down,8
R_m0008_L008_W00030,through,upper,down,8
R_m0008_L008_W00031,through,upper,down,8
R_m0009_L001_W00000,through,upper,down,9
R_m0009_L001_W00001,through,upper,down,9
R_m0009_L001_W00002,through,upper,down,9
R_m0009_L001_W00003,through,upper,down,9
R_m0009_L001_W00004,through,upper,down,9
R_m0009_L001_W00005,through,upper,down,9
R_m0009_L001_W00006,through,upper,down,9
R_m0009_L001_W00007,through,upper,down,9
R_m0009_L001_W00008,through,upper,down,9
R_m0009_L001_W00009,through,upper,down,9
R_m0009_L001_W00010,through,upper,down,9
R_m0009_L001_W00011,through,upper,down,9
R_m0009_L001_W00012,through,upper,down,9
R_m0009_L001_W00013,through,upper,down,9
R_m0009_L001_W00014,through,upper,down,9
R_m0009_L001_W00015,through,upper,down,9
R_m0009_L001_W00016,through,upper,down,9
R_m0009_L001_W00017,through,upper,down,9
R_m0009_L001_W00018,through,upper,down,9
R_m0009_L001_W00019,through,upper,down,9
R_m0009_L001_W00020,through,upper,down,9
R_m0009_L001_W00021,through,upper,down,9
R_m0009_L001_W00022,through,upper,down,9
R_m0009_L001_W00023,through,upper,down,9
R_m0009_L001_W00024,through,upper,down,9
R_m0009_L001_W00025,through,upper,down,9
R_m0009_L001_W00026,through,upper,down,9
R_m0009_L001_W00027,through,upper,down,9
R_m0009_L001_W00028,through,upper,down,9
R_m0009_L001_W00029,through,upper,down,9
R_m0009_L001_W00030,through,upper,down,9
R_m0009_L001_W00031,through,upper,down,9
R_m0009_L002_W00000,through,upper,down,9
R_m0009_L002_W00001,through,upper,down,9
R_m0009_L002_W00002,through,upper,down,9
R_m0009_L002_W00003,through,upper,down,9
R_m0009_L002_W00004,through,upper,down,9
R_m0009_L002_W00005,through,upper,down,9
R_m0009_L002_W00006,through,upper,down,9
R_m0009_L002_W00007,through,upper,down,9
R_m0009_L002_W00008,through,upper,down,9
R_m0009_L002_W00009,through,upper,down,9
R_m0009_L002_W00010,through,upper,down,9
R_m0009_L002_W00011,through,upper,down,9
R_m0009_L002_W00012,through,upper,down,9
R_m0009_L002_W00013,through,upper,down,9
R_m0009_L002_W00014,through,upper,down,9
R_m0009_L002_W00015,through,upper,down,9
R_m0009_L002_W00016,through,upper,down,9
R_m0009_L002_W00017,through,upper,down,9
R_m0009_L002_W00018,through,upper,down,9
R_m0009_L002_W00019,through,upper,down,9
R_m0009_L002_W00020,through,upper,down,9
R_m0009_L002_W00021,through,upper,down,9
R_m0009_L002_W00022,through,upper,down,9
R_m0009_L002_W00023,through,upper,down,9
R_m0009_L002_W00024,through,upper,down,9
R_m0009_L002_W00025,through,upper,down,9
R_m0009_L002_W00026,through,upper,down,9
R_m0009_L002_W00027,through,upper,down,9
R_m0009_L002_W00028,through,upper,down,9
R_m0009_L002_W00029,through,upper,down,9
R_m0009_L002_W00030,through,upper,down,9
R_m0009_L002_W00031,through,upper,down,9
R_m0009_L003_W00000,through,upper,down,9
R_m0009_L003_W00001,through,upper,down,9
R_m0009_L003_W00002,through,upper,down,9
R_m0009_L003_W00003,through,upper,down,9
R_m0009_L003_W00004,through,upper,down,9
R_m0009_L003_W00005,through,upper,down,9
R_m0009_L003_W00006,through,upper,down,9
R_m0009_L003_W00007,through,upper,down,9
R_m0009_L003_W00008,through,upper,down,9
R_m0009_L003_W00009,through,upper,down,9
R_m0009_L003_W00010,through,upper,down,9
R_m0009_L003_W00011,through,upper,down,9
R_m0009_L003_W00012,through,upper,down,9
R_m0009_L003_W00013,through,upper,down,9
R_m0009_L003_W00014,through,upper,down,9
R_m0009_L003_W00015,through,upper,down,9
R_m0009_L003_W00016,through,upper,down,9
R_m0009_L003_W00017,through,upper,down,9
R_m0009_L003_W00018,through,upper,down,9
R_m0009_L003_W00019,through,upper,down,9
R_m0009_L003_W00020,through,upper,down,9
R_m0009_L003_W00021,through,upper,down,9
R_m0009_L003_W00022,through,upper,down,9
R_m0009_L003_W00023,through,upper,down,9
R_m0009_L003_W00024,through,upper,down,9
R_m0009_L003_W00025,through,upper,down,9
R_m0009_L003_W00026,through,upper,down,9
R_m0009_L003_W00027,through,upper,down,9
R_m0009_L003_W00028,through,upper,down,9
R_m0009_L003_W00029,through,upper,down,9
R_m0009_L003_W00030,through,upper,down,9
R_m0009_L003_W00031,through,upper,down,9
R_m0009_L004_W00000,through,upper,down,9
R_m0009_L004_W00001,through,upper,down,9
R_m0009_L004_W00002,through,upper,down,9
R_m0009_L004_W00003,through,upper,down,9
R_m0009_L004_W00004,through,upper,down,9
R_m0009_L004_W00005,through,upper,down,9
R_m0009_L004_W00006,through,upper,down,9
R_m0009_L004_W00007,through,upper,down,9
R_m0009_L004_W00008,through,upper,down,9
R_m0009_L004_W00009,through,upper,down,9
R_m0009_L004_W00010,through,upper,down,9
R_m0009_L004_W00011,through,upper,down,9
R_m0009_L004_W00012,through,upper,down,9
R_m0009_L004_W00013,through,upper,down,9
R_m0009_L004_W00014,through,upper,down,9
R_m0009_L004_W00015,through,upper,down,9
R_m0009_L004_W00016,through,upper,down,9
R_m0009_L004_W00017,through,upper,down,9
R_m0009_L004_W00018,through,upper,down,9
R_m0009_L004_W00019,through,upper,down,9
R_m0009_L004_W00020,through,upper,down,9
R_m0009_L004_W00021,through,upper,down,9
R_m0009_L004_W00022,through,upper,down,9
R_m0009_L004_W00023,through,upper,down,9
R_m0009_L004_W00024,through,upper,down,9
R_m0009_L004_W00025,through,upper,down,9
R_m0009_L004_W00026,through,upper,down,9
R_m0009_L004_W00027,through,upper,down,9
R_m0009_L004_W00028,through,upper,down,9
R_m0009_L004_W00029,through,upper,down,9
R_m0009_L004_W00030,through,upper,down,9
R_m0009_L004_W00031,through,upper,down,9
R_m0009_L005_W00000,through,upper,down,9
R_m0009_L005_W00001,through,upper,down,9
R_m0009_L005_W00002,through,upper,down,9
R_m0009_L005_W00003,through,upper,down,9
R_m0009_L005_W00004,through,upper,down,9
R_m0009_L005_W00005,through,upper,down,9
R_m0009_L005_W00006,through,upper,down,9
R_m0009_L005_W00007,through,upper,down,9
R_m0009_L005_W00008,through,upper,down,9
R_m0009_L005_W00009,through,upper,down,9
R_m0009_L005_W00010,through,upper,down,9
R_m0009_L005_W00011,through,upper,down,9
R_m0009_L005_W00012,through,upper,down,9
R_m0009_L005_W00013,through,upper,down,9
R_m0009_L005_W00014,through,upper,down,9
R_m0009_L005_W00015,through,upper,down,9
R_m0009_L005_W00016,through,upper,down,9
R_m0009_L005_W00017,through,upper,down,9
R_m0009_L005_W00018,through,upper,down,9
R_m0009_L005_W00019,through,upper,down,9
R_m0009_L005_W00020,through,upper,down,9
R_m0009_L005_W00021,through,upper,down,9
R_m0009_L005_W00022,through,upper,down,9
R_m0009_L005_W00023,through,upper,down,9
R_m0009_L005_W00024,through,upper,down,9
R_m0009_L005_W00025,through,upper,down,9
R_m0009_L005_W00026,through,upper,down,9
R_m0009_L005_W00027,through,upper,down,9
R_m0009_L005_W00028,through,upper,down,9
R_m0009_L005_W00029,through,upper,down,9
R_m0009_L005_W00030,through,upper,down,9
R_m0009_L005_W00031,through,upper,down,9
R_m0009_L006_W00000,through,upper,down,9
R_m0009_L006_W00001,through,upper,down,9
R_m0009_L006_W00002,through,upper,down,9
R_m0009_L006_W00003,through,upper,down,9
R_m0009_L006_W00004,through,upper,down,9
R_m0009_L006_W00005,through,upper,down,9
R_m0009_L006_W00006,through,upper,down,9
R_m0009_L006_W00007,through,upper,down,9
R_m0009_L006_W00008,through,upper,down,9
R_m0009_L006_W00009,through,upper,down,9
R_m0009_L006_W00010,through,upper,down,9
R_m0009_L006_W00011,through,upper,down,9
R_m0009_L006_W00012,through,upper,down,9
R_m0009_L006_W00013,through,upper,down,9
R_m0009_L006_W00014,through,upper,down,9
R_m0009_L006_W00015,through,upper,down,9
R_m0009_L006_W00016,through,upper,down,9
R_m0009_L006_W00017,through,upper,down,9
R_m0009_L006_W00018,through,upper,down,9
R_m0009_L006_W00019,through,upper,down,9
R_m0009_L006_W00020,through,upper,down,9
R_m0009_L006_W00021,through,upper,down,9
R_m0009_L006_W00022,through,upper,down,9
R_m0009_L006_W00023,through,upper,down,9
R_m0009_L006_W00024,through,upper,down,9
R_m0009_L006_W00025,through,upper,down,9
R_m0009_L006_W00026,through,upper,down,9
R_m0009_L006_W00027,through,upper,down,9
R_m0009_L006_W00028,through,upper,down,9
R_m0009_L006_W00029,through,upper,down,9
R_m0009_L006_W00030,through,upper,down,9
R_m0009_L006_W00031,through,upper,down,9
R_m0009_L007_W00000,through,upper,down,9
R_m0009_L007_W00001,through,upper,down,9
R_m0009_L007_W00002,through,upper,down,9
R_m0009_L007_W00003,through,upper,down,9
R_m0009_L007_W00004,through,upper,down,9
R_m0009_L007_W00005,through,upper,down,9
R_m0009_L007_W00006,through,upper,down,9
R_m0009_L007_W00007,through,upper,down,9
R_m0009_L007_W00008,through,upper,down,9
R_m0009_L007_W00009,through,upper,down,9
R_m0009_L007_W00010,through,upper,down,9
R_m0009_L007_W00011,through,upper,down,9
R_m0009_L007_W00012,through,upper,down,9
R_m0009_L007_W00013,through,upper,down,9
R_m0009_L007_W00014,through,upper,down,9
R_m0009_L007_W00015,through,upper,down,9
R_m0009_L007_W00016,through,upper,down,9
R_m0009_L007_W00017,through,upper,down,9
R_m0009_L007_W00018,through,upper,down,9
R_m0009_L007_W00019,through,upper,down,9
R_m0009_L007_W00020,through,upper,down,9
R_m0009_L007_W00021,through,upper,down,9
R_m0009_L007_W00022,through,upper,down,9
R_m0009_L007_W00023,through,upper,down,9
R_m0009_L007_W00024,through,upper,down,9
R_m0009_L007_W00025,through,upper,down,9
R_m0009_L007_W00026,through,upper,down,9
R_m0009_L007_W00027,through,upper,down,9
R_m0009_L007_W00028,through,upper,down,9
R_m0009_L007_W00029,through,upper,down,9
R_m0009_L007_W00030,through,upper,down,9
R_m0009_L007_W00031,through,upper,down,9
R_m0009_L008_W00000,through,upper,down,9
R_m0009_L008_W00001,through,upper,down,9
R_m0009_L008_W00002,through,upper,down,9
R_m0009_L008_W00003,through,upper,down,9
R_m0009_L008_W00004,through,upper,down,9
R_m0009_L008_W00005,through,upper,down,9
R_m0009_L008_W00006,through,upper,down,9
R_m0009_L008_W00007,through,upper,down,9
R_m0009_L008_W00008,through,upper,down,9
R_m0009_L008_W00009,through,upper,down,9
R_m0009_L008_W00010,through,upper,down,9
R_m0009_L008_W00011,through,upper,down,9
R_m0009_L008_W00012,through,upper,down,9
R_m0009_L008_W00013,through,upper,down,9
R_m0009_L008_W00014,through,upper,down,9
R_m0009_L008_W00015,through,upper,down,9
R_m0009_L008_W00016,through,upper,down,9
R_m0009_L008_W00017,through,upper,down,9
R_m0009_L008_W00018,through,upper,down,9
R_m0009_L008_W00019,through,upper,down,9
R_m0009_L008_W00020,through,upper,down,9
R_m0009_L008_W00021,through,upper,down,9
R_m0009_L008_W00022,through,upper,down,9
R_m0009_L008_W00023,through,upper,down,9
R_m0009_L008_W00024,through,upper,down,9
R_m0009_L008_W00025,through,upper,down,9
R_m0009_L008_W00026,through,upper,down,9
R_m0009_L008_W00027,through,upper,down,9
R_m0009_L008_W00028,through,upper,down,9
R_m0009_L008_W00029,through,upper,down,9
R_m0009_L008_W00030,through,upper,down,9
R_m0009_L008_W00031,through,upper,down,9
R_m0010_L001_W00000,through,upper,down,10
R_m0010_L001_W00001,through,upper,down,10
R_m0010_L001_W00002,through,upper,down,10
R_m0010_L001_W00003,through,upper,down,10
R_m0010_L001_W00004,through,upper,down,10
R_m0010_L001_W00005,through,upper,down,10
R_m0010_L001_W00006,through,upper,down,10
R_m0010_L001_W00007,through,upper,down,10
R_m0010_L001_W00008,through,upper,down,10
R_m0010_L001_W00009,through,upper,down,10
R_m0010_L001_W00010,through,upper,down,10
R_m0010_L001_W00011,through,upper,down,10
R_m0010_L001_W00012,through,upper,down,10
R_m0010_L001_W00013,through,upper,down,10
R_m0010_L001_W00014,through,upper,down,10
R_m0010_L001_W00015,through,upper,down,10
R_m0010_L001_W00016,through,upper,down,10
R_m0010_L001_W00017,through,upper,down,10
R_m0010_L001_W00018,through,upper,down,10
R_m0010_L001_W00019,through,upper,down,10
R_m0010_L001_W00020,through,upper,down,10
R_m0010_L001_W00021,through,upper,down,10
R_m0010_L001_W00022,through,upper,down,10
R_m0010_L001_W00023,through,upper,down,10
R_m0010_L001_W00024,through,upper,down,10
R_m0010_L001_W00025,through,upper,down,10
R_m0010_L001_W00026,through,upper,down,10
R_m0010_L001_W00027,through,upper,down,10
R_m0010_L001_W00028,through,upper,down,10
R_m0010_L001_W00029,through,upper,down,10
R_m0010_L001_W00030,through,upper,down,10
R_m0010_L001_W00031,through,upper,down,10
R_m0010_L002_W00000,through,upper,down,10
R_m0010_L002_W00001,through,upper,down,10
R_m0010_L002_W00002,through,upper,down,10
R_m0010_L002_W00003,through,upper,down,10
R_m0010_L002_W00004,through,upper,down,10
R_m0010_L002_W00005,through,upper,down,10
R_m0010_L002_W00006,through,upper,down,10
R_m0010_L002_W00007,through,upper,down,10
R_m0010_L002_W00008,through,upper,down,10
R_m0010_L002_W00009,through,upper,down,10
R_m0010_L002_W00010,through,upper,down,10
R_m0010_L002_W00011,through,upper,down,10
R_m0010_L002_W00012,through,upper,down,10
R_m0010_L002_W00013,through,upper,down,10
R_m0010_L002_W00014,through,upper,down,10
R_m0010_L002_W00015,through,upper,down,10
R_m0010_L002_W00016,through,upper,down,10
R_m0010_L002_W00017,through,upper,down,10
R_m0010_L002_W00018,through,upper,down,10
R_m0010_L002_W00019,through,upper,down,10
R_m0010_L002_W00020,through,upper,down,10
R_m0010_L002_W00021,through,upper,down,10
R_m0010_L002_W00022,through,upper,down,10
R_m0010_L002_W00023,through,upper,down,10
R_m0010_L002_W00024,through,upper,down,10
R_m0010_L002_W00025,through,upper,down,10
R_m0010_L002_W00026,through,upper,down,10
R_m0010_L002_W00027,through,upper,down,10
R_m0010_L002_W00028,through,upper,down,10
R_m0010_L002_W00029,through,upper,down,10
R_m0010_L002_W00030,through,upper,down,10
R_m0010_L002_W00031,through,upper,down,10
R_m0010_L003_W00000,through,upper,down,10
R_m0010_L003_W00001,through,upper,down,10
R_m0010_L003_W00002,through,upper,down,10
R_m0010_L003_W00003,through,upper,down,10
R_m0010_L003_W00004,through,upper,down,10
R_m0010_L003_W00005,through,upper,down,10
R_m0010_L003_W00006,through,upper,down,10
R_m0010_L003_W00007,through,upper,down,10
R_m0010_L003_W00008,through,upper,down,10
R_m0010_L003_W00009,through,upper,down,10
R_m0010_L003_W00010,through,upper,down,10
R_m0010_L003_W00011,through,upper,down,10
R_m0010_L003_W00012,through,upper,down,10
R_m0010_L003_W00013,through,upper,down,10
R_m0010_L003_W00014,through,upper,down,10
R_m0010_L003_W00015,through,upper,down,10
R_m0010_L003_W00016,through,upper,down,10
R_m0010_L003_W00017,through,upper,down,10
R_m0010_L003_W00018,through,upper,down,10
R_m0010_L003_W00019,through,upper,down,10
R_m0010_L003_W00020,through,upper,down,10
R_m0010_L003_W00021,through,upper,down,10
R_m0010_L003_W00022,through,upper,down,10
R_m0010_L003_W00023,through,upper,down,10
R_m0010_L003_W00024,through,upper,down,10
R_m0010_L003_W00025,through,upper,down,10
R_m0010_L003_W00026,through,upper,down,10
R_m0010_L003_W00027,through,upper,down,10
R_m0010_L003_W00028,through,upper,down,10
R_m0010_L003_W00029,through,upper,down,10
R_m0010_L003_W00030,through,upper,down,10
R_m0010_L003_W00031,through,upper,down,10
R_m0010_L004_W00000,through,upper,down,10
R_m0010_L004_W00001,through,upper,down,10
R_m0010_L004_W00002,through,upper,down,10
R_m0010_L004_W00003,through,upper,down,10
R_m0010_L004_W00004,through,upper,down,10
R_m0010_L004_W00005,through,upper,down,10
R_m0010_L004_W00006,through,upper,down,10
R_m0010_L004_W00007,through,upper,down,10
R_m0010_L004_W00008,through,upper,down,10
R_m0010_L004_W00009,through,upper,down,10
R_m0010_L004_W00010,through,upper,down,10
R_m0010_L004_W00011,through,upper,down,10
R_m0010_L004_W00012,through,upper,down,10
R_m0010_L004_W00013,through,upper,down,10
R_m0010_L004_W00014,through,upper,down,10
R_m0010_L004_W00015,through,upper,down,10
R_m0010_L004_W00016,through,upper,down,10
R_m0010_L004_W00017,through,upper,down,10
R_m0010_L004_W00018,through,upper,down,10
R_m0010_L004_W00019,through,upper,down,10
R_m0010_L004_W00020,through,upper,down,10
R_m0010_L004_W00021,through,upper,down,10
R_m0010_L004_W00022,through,upper,down,10
R_m0010_L004_W00023,through,upper,down,10
R_m0010_L004_W00024,through,upper,down,10
R_m0010_L004_W00025,through,upper,down,10
R_m0010_L004_W00026,through,upper,down,10
R_m0010_L004_W00027,through,upper,down,10
R_m0010_L004_W00028,through,upper,down,10
R_m0010_L004_W00029,through,upper,down,10
R_m0010_L004_W00030,through,upper,down,10
R_m0010_L004_W00031,through,upper,down,10
R_m0010_L005_W00000,through,upper,down,10
R_m0010_L005_W00001,through,upper,down,10
R_m0010_L005_W00002,through,upper,down,10
R_m0010_L005_W00003,through,upper,down,10
R_m0010_L005_W00004,through,upper,down,10
R_m0010_L005_W00005,through,upper,down,10
R_m0010_L005_W00006,through,upper,down,10
R_m0010_L005_W00007,through,upper,down,10
R_m0010_L005_W00008,through,upper,down,10
R_m0010_L005_W00009,through,upper,down,10
R_m0010_L005_W00010,through,upper,down,10
R_m0010_L005_W00011,through,upper,down,10
R_m0010_L005_W00012,through,upper,down,10
R_m0010_L005_W00013,through,upper,down,10
R_m0010_L005_W00014,through,upper,down,10
R_m0010_L005_W00015,through,upper,down,10
R_m0010_L005_W00016,through,upper,down,10
R_m0010_L005_W00017,through,upper,down,10
R_m0010_L005_W00018,through,upper,down,10
R_m0010_L005_W00019,through,upper,down,10
R_m0010_L005_W00020,through,upper,down,10
R_m0010_L005_W00021,through,upper,down,10
R_m0010_L005_W00022,through,upper,down,10
R_m0010_L005_W00023,through,upper,down,10
R_m0010_L005_W00024,through,upper,down,10
R_m0010_L005_W00025,through,upper,down,10
R_m0010_L005_W00026,through,upper,down,10
R_m0010_L005_W00027,through,upper,down,10
R_m0010_L005_W00028,through,upper,down,10
R_m0010_L005_W00029,through,upper,down,10
R_m0010_L005_W00030,through,upper,down,10
R_m0010_L005_W00031,through,upper,down,10
R_m0010_L006_W00000,through,upper,down,10
R_m0010_L006_W00001,through,upper,down,10
R_m0010_L006_W00002,through,upper,down,10
R_m0010_L006_W00003,through,upper,down,10
R_m0010_L006_W00004,through,upper,down,10
R_m0010_L006_W00005,through,upper,down,10
R_m0010_L006_W00006,through,upper,down,10
R_m0010_L006_W00007,through,upper,down,10
R_m0010_L006_W00008,through,upper,down,10
R_m0010_L006_W00009,through,upper,down,10
R_m0010_L006_W00010,through,upper,down,10
R_m0010_L006_W00011,through,upper,down,10
R_m0010_L006_W00012,through,upper,down,10
R_m0010_L006_W00013,through,upper,down,10
R_m0010_L006_W00014,through,upper,down,10
R_m0010_L006_W00015,through,upper,down,10
R_m0010_L006_W00016,through,upper,down,10
R_m0010_L006_W00017,through,upper,down,10
R_m0010_L006_W00018,through,upper,down,10
R_m0010_L006_W00019,through,upper,down,10
R_m0010_L006_W00020,through,upper,down,10
R_m0010_L006_W00021,through,upper,down,10
R_m0010_L006_W00022,through,upper,down,10
R_m0010_L006_W00023,through,upper,down,10
R_m0010_L006_W00024,through,upper,down,10
R_m0010_L006_W00025,through,upper,down,10
R_m0010_L006_W00026,through,upper,down,10
R_m0010_L006_W00027,through,upper,down,10
R_m0010_L006_W00028,through,upper,down,10
R_m0010_L006_W00029,through,upper,down,10
R_m0010_L006_W00030,through,upper,down,10
R_m0010_L006_W00031,through,upper,down,10
R_m0010_L007_W00000,through,upper,down,10
R_m0010_L007_W00001,through,upper,down,10
R_m0010_L007_W00002,through,upper,down,10
R_m0010_L007_W00003,through,upper,down,10
R_m0010_L007_W00004,through,upper,down,10
R_m0010_L007_W00005,through,upper,down,10
R_m0010_L007_W00006,through,upper,down,10
R_m0010_L007_W00007,through,upper,down,10
R_m0010_L007_W00008,through,upper,down,10
R_m0010_L007_W00009,through,upper,down,10
R_m0010_L007_W00010,through,upper,down,10
R_m0010_L007_W00011,through,upper,down,10
R_m0010_L007_W00012,through,upper,down,10
R_m0010_L007_W00013,through,upper,down,10
R_m0010_L007_W00014,through,upper,down,10
R_m0010_L007_W00015,through,upper,down,10
R_m0010_L007_W00016,through,upper,down,10
R_m0010_L007_W00017,through,upper,down,10
R_m0010_L007_W00018,through,upper,down,10
R_m0010_L007_W00019,through,upper,down,10
R_m0010_L007_W00020,through,upper,down,10
R_m0010_L007_W00021,through,upper,down,10
R_m0010_L007_W00022,through,upper,down,10
R_m0010_L007_W00023,through,upper,down,10
R_m0010_L007_W00024,through,upper,down,10
R_m0010_L007_W00025,through,upper,down,10
R_m0010_L007_W00026,through,upper,down,10
R_m0010_L007_W00027,through,upper,down,10
R_m0010_L007_W00028,through,upper,down,10
R_m0010_L007_W00029,through,upper,down,10
R_m0010_L007_W00030,through,upper,down,10
R_m0010_L007_W00031,through,upper,down,10
R_m0010_L008_W00000,through,upper,down,10
R_m0010_L008_W00001,through,upper,down,10
R_m0010_L008_W00002,through,upper,down,10
R_m0010_L008_W00003,through,upper,down,10
R_m0010_L008_W00004,through,upper,down,10
R_m0010_L008_W00005,through,upper,down,10
R_m0010_L008_W00006,through,upper,down,10
R_m0010_L008_W00007,through,upper,down,10
R_m0010_L008_W00008,through,upper,down,10
R_m0010_L008_W00009,through,upper,down,10
R_m0010_L008_W00010,through,upper,down,10
R_m0010_L008_W00011,through,upper,down,10
R_m0010_L008_W00012,through,upper,down,10
R_m0010_L008_W00013,through,upper,down,10
R_m0010_L008_W00014,through,upper,down,10
R_m0010_L008_W00015,through,upper,down,10
R_m0010_L008_W00016,through,upper,down,10
R_m0010_L008_W00017,through,upper,down,10
R_m0010_L008_W00018,through,upper,down,10
R_m0010_L008_W00019,through,upper,down,10
R_m0010_L008_W00020,through,upper,down,10
R_m0010_L008_W00021,through,upper,down,10
R_m0010_L008_W00022,through,upper,down,10
R_m0010_L008_W00023,through,upper,down,10
R_m0010_L008_W00024,through,upper,down,10
R_m0010_L008_W00025,through,upper,down,10
R_m0010_L008_W00026,through,upper,down,10
R_m0010_L008_W00027,through,upper,down,10
R_m0010_L008_W00028,through,upper,down,10
R_m0010_L008_W00029,through,upper,down,10
R_m0010_L008_W00030,through,upper,down,10
R_m0010_L008_W00031,through,upper,down,10
R_m0011_L001_W00000,through,upper,down,11
R_m0011_L001_W00001,through,upper,down,11
R_m0011_L001_W00002,through,upper,down,11
R_m0011_L001_W00003,through,upper,down,11
R_m0011_L001_W00004,through,upper,down,11
R_m0011_L001_W00005,through,upper,down,11
R_m0011_L001_W00006,through,upper,down,11
R_m0011_L001_W00007,through,upper,down,11
R_m0011_L001_W00008,through,upper,down,11
R_m0011_L001_W00009,through,upper,down,11
R_m0011_L001_W00010,through,upper,down,11
R_m0011_L001_W00011,through,upper,down,11
R_m0011_L001_W00012,through,upper,down,11
R_m0011_L001_W00013,through,upper,down,11
R_m0011_L001_W00014,through,upper,down,11
R_m0011_L001_W00015,through,upper,down,11
R_m0011_L001_W00016,through,upper,down,11
R_m0011_L001_W00017,through,upper,down,11
R_m0011_L001_W00018,through,upper,down,11
R_m0011_L001_W00019,through,upper,down,11
R_m0011_L001_W00020,through,upper,down,11
R_m0011_L001_W00021,through,upper,down,11
R_m0011_L001_W00022,through,upper,down,11
R_m0011_L001_W00023,through,upper,down,11
R_m0011_L001_W00024,through,upper,down,11
R_m0011_L001_W00025,through,upper,down,11
R_m0011_L001_W00026,through,upper,down,11
R_m0011_L001_W00027,through,upper,down,11
R_m0011_L001_W00028,through,upper,down,11
R_m0011_L001_W00029,through,upper,down,11
R_m0011_L001_W00030,through,upper,down,11
R_m0011_L001_W00031,through,upper,down,11
R_m0011_L002_W00000,through,upper,down,11
R_m0011_L002_W00001,through,upper,down,11
R_m0011_L002_W00002,through,upper,down,11
R_m0011_L002_W00003,through,upper,down,11
R_m0011_L002_W00004,through,upper,down,11
R_m0011_L002_W00005,through,upper,down,11
R_m0011_L002_W00006,through,upper,down,11
R_m0011_L002_W00007,through,upper,down,11
R_m0011_L002_W00008,through,upper,down,11
R_m0011_L002_W00009,through,upper,down,11
R_m0011_L002_W00010,through,upper,down,11
R_m0011_L002_W00011,through,upper,down,11
R_m0011_L002_W00012,through,upper,down,11
R_m0011_L002_W00013,through,upper,down,11
R_m0011_L002_W00014,through,upper,down,11
R_m0011_L002_W00015,through,upper,down,11
R_m0011_L002_W00016,through,upper,down,11
R_m0011_L002_W00017,through,upper,down,11
R_m0011_L002_W00018,through,upper,down,11
R_m0011_L002_W00019,through,upper,down,11
R_m0011_L002_W00020,through,upper,down,11
R_m0011_L002_W00021,through,upper,down,11
R_m0011_L002_W00022,through,upper,down,11
R_m0011_L002_W00023,through,upper,down,11
R_m0011_L002_W00024,through,upper,down,11
R_m0011_L002_W00025,through,upper,down,11
R_m0011_L002_W00026,through,upper,down,11
R_m0011_L002_W00027,through,upper,down,11
R_m0011_L002_W00028,through,upper,down,11
R_m0011_L002_W00029,through,upper,down,11
R_m0011_L002_W00030,through,upper,down,11
R_m0011_L002_W00031,through,upper,down,11
R_m0011_L003_W00000,through,upper,down,11
R_m0011_L003_W00001,through,upper,down,11
R_m0011_L003_W00002,through,upper,down,11
R_m0011_L003_W00003,through,upper,down,11
R_m0011_L003_W00004,through,upper,down,11
R_m0011_L003_W00005,through,upper,down,11
R_m0011_L003_W00006,through,upper,down,11
R_m0011_L003_W00007,through,upper,down,11
R_m0011_L003_W00008,through,upper,down,11
R_m0011_L003_W00009,through,upper,down,11
R_m0011_L003_W00010,through,upper,down,11
R_m0011_L003_W00011,through,upper,down,11
R_m0011_L003_W00012,through,upper,down,11
R_m0011_L003_W00013,through,upper,down,11
R_m0011_L003_W00014,through,upper,down,11
R_m0011_L003_W00015,through,upper,down,11
R_m0011_L003_W00016,through,upper,down,11
R_m0011_L003_W00017,through,upper,down,11
R_m0011_L003_W00018,through,upper,down,11
R_m0011_L003_W00019,through,upper,down,11
R_m0011_L003_W00020,through,upper,down,11
R_m0011_L003_W00021,through,upper,down,11
R_m0011_L003_W00022,through,upper,down,11
R_m0011_L003_W00023,through,upper,down,11
R_m0011_L003_W00024,through,upper,down,11
R_m0011_L003_W00025,through,upper,down,11
R_m0011_L003_W00026,through,upper,down,11
R_m0011_L003_W00027,through,upper,down,11
R_m0011_L003_W00028,through,upper,down,11
R_m0011_L003_W00029,through,upper,down,11
R_m0011_L003_W00030,through,upper,down,11
R_m0011_L003_W00031,through,upper,down,11
R_m0011_L004_W00000,through,upper,down,11
R_m0011_L004_W00001,through,upper,down,11
R_m0011_L004_W00002,through,upper,down,11
R_m0011_L004_W00003,through,upper,down,11
R_m0011_L004_W00004,through,upper,down,11
R_m0011_L004_W00005,through,upper,down,11
R_m0011_L004_W00006,through,upper,down,11
R_m0011_L004_W00007,through,upper,down,11
R_m0011_L004_W00008,through,upper,down,11
R_m0011_L004_W00009,through,upper,down,11
R_m0011_L004_W00010,through,upper,down,11
R_m0011_L004_W00011,through,upper,down,11
R_m0011_L004_W00012,through,upper,down,11
R_m0011_L004_W00013,through,upper,down,11
R_m0011_L004_W00014,through,upper,down,11
R_m0011_L004_W00015,through,upper,down,11
R_m0011_L004_W00016,through,upper,down,11
R_m0011_L004_W00017,through,upper,down,11
R_m0011_L004_W00018,through,upper,down,11
R_m0011_L004_W00019,through,upper,down,11
R_m0011_L004_W00020,through,upper,down,11
R_m0011_L004_W00021,through,upper,down,11
R_m0011_L004_W00022,through,upper,down,11
R_m0011_L004_W00023,through,upper,down,11
R_m0011_L004_W00024,through,upper,down,11
R_m0011_L004_W00025,through,upper,down,11
R_m0011_L004_W00026,through,upper,down,11
R_m0011_L004_W00027,through,upper,down,11
R_m0011_L004_W00028,through,upper,down,11
R_m0011_L004_W00029,through,upper,down,11
R_m0011_L004_W00030,through,upper,down,11
R_m0011_L004_W00031,through,upper,down,11
R_m0011_L005_W00000,through,upper,down,11
R_m0011_L005_W00001,through,upper,down,11
R_m0011_L005_W00002,through,upper,down,11
R_m0011_L005_W00003,through,upper,down,11
R_m0011_L005_W00004,through,upper,down,11
R_m0011_L005_W00005,through,upper,down,11
R_m0011_L005_W00006,through,upper,down,11
R_m0011_L005_W00007,through,upper,down,11
R_m0011_L005_W00008,through,upper,down,11
R_m0011_L005_W00009,through,upper,down,11
R_m0011_L005_W00010,through,upper,down,11
R_m0011_L005_W00011,through,upper,down,11
R_m0011_L005_W00012,through,upper,down,11
R_m0011_L005_W00013,through,upper,down,11
R_m0011_L005_W00014,through,upper,down,11
R_m0011_L005_W00015,through,upper,down,11
R_m0011_L005_W00016,through,upper,down,11
R_m0011_L005_W00017,through,upper,down,11
R_m0011_L005_W00018,through,upper,down,11
R_m0011_L005_W00019,through,upper,down,11
R_m0011_L005_W00020,through,upper,down,11
R_m0011_L005_W00021,through,upper,down,11
R_m0011_L005_W00022,through,upper,down,11
R_m0011_L005_W00023,through,upper,down,11
R_m0011_L005_W00024,through,upper,down,11
R_m0011_L005_W00025,through,upper,down,11
R_m0011_L005_W00026,through,upper,down,11
R_m0011_L005_W00027,through,upper,down,11
R_m0011_L005_W00028,through,upper,down,11
R_m0011_L005_W00029,through,upper,down,11
R_m0011_L005_W00030,through,upper,down,11
R_m0011_L005_W00031,through,upper,down,11
R_m0011_L006_W00000,through,upper,down,11
R_m0011_L006_W00001,through,upper,down,11
R_m0011_L006_W00002,through,upper,down,11
R_m0011_L006_W00003,through,upper,down,11
R_m0011_L006_W00004,through,upper,down,11
R_m0011_L006_W00005,through,upper,down,11
R_m0011_L006_W00006,through,upper,down,11
R_m0011_L006_W00007,through,upper,down,11
R_m0011_L006_W00008,through,upper,down,11
R_m0011_L006_W00009,through,upper,down,11
R_m0011_L006_W00010,through,upper,down,11
R_m0011_L006_W00011,through,upper,down,11
R_m0011_L006_W00012,through,upper,down,11
R_m0011_L006_W00013,through,upper,down,11
R_m0011_L006_W00014,through,upper,down,11
R_m0011_L006_W00015,through,upper,down,11
R_m0011_L006_W00016,through,upper,down,11
R_m0011_L006_W00017,through,upper,down,11
R_m0011_L006_W00018,through,upper,down,11
R_m0011_L006_W00019,through,upper,down,11
R_m0011_L006_W00020,through,upper,down,11
R_m0011_L006_W00021,through,upper,down,11
R_m0011_L006_W00022,through,upper,down,11
R_m0011_L006_W00023,through,upper,down,11
R_m0011_L006_W00024,through,upper,down,11
R_m0011_L006_W00025,through,upper,down,11
R_m0011_L006_W00026,through,upper,down,11
R_m0011_L006_W00027,through,upper,down,11
R_m0011_L006_W00028,through,upper,down,11
R_m0011_L006_W00029,through,upper,down,11
R_m0011_L006_W00030,through,upper,down,11
R_m0011_L006_W00031,through,upper,down,11
R_m0011_L007_W00000,through,upper,down,11
R_m0011_L007_W00001,through,upper,down,11
R_m0011_L007_W00002,through,upper,down,11
R_m0011_L007_W00003,through,upper,down,11
R_m0011_L007_W00004,through,upper,down,11
R_m0011_L007_W00005,through,upper,down,11
R_m0011_L007_W00006,through,upper,down,11
R_m0011_L007_W00007,through,upper,down,11
R_m0011_L007_W00008,through,upper,down,11
R_m0011_L007_W00009,through,upper,down,11
R_m0011_L007_W00010,through,upper,down,11
R_m0011_L007_W00011,through,upper,down,11
R_m0011_L007_W00012,through,upper,down,11
R_m0011_L007_W00013,through,upper,down,11
R_m0011_L007_W00014,through,upper,down,11
R_m0011_L007_W00015,through,upper,down,11
R_m0011_L007_W00016,through,upper,down,11
R_m0011_L007_W00017,through,upper,down,11
R_m0011_L007_W00018,through,upper,down,11
R_m0011_L007_W00019,through,upper,down,11
R_m0011_L007_W00020,through,upper,down,11
R_m0011_L007_W00021,through,upper,down,11
R_m0011_L007_W00022,through,upper,down,11
R_m0011_L007_W00023,through,upper,down,11
R_m0011_L007_W00024,through,upper,down,11
R_m0011_L007_W00025,through,upper,down,11
R_m0011_L007_W00026,through,upper,down,11
R_m0011_L007_W00027,through,upper,down,11
R_m0011_L007_W00028,through,upper,down,11
R_m0011_L007_W00029,through,upper,down,11
R_m0011_L007_W00030,through,upper,down,11
R_m0011_L007_W00031,through,upper,down,11
R_m0011_L008_W00000,through,upper,down,11
R_m0011_L008_W00001,through,upper,down,11
R_m0011_L008_W00002,through,upper,down,11
R_m0011_L008_W00003,through,upper,down,11
R_m0011_L008_W00004,through,upper,down,11
R_m0011_L008_W00005,through,upper,down,11
R_m0011_L008_W00006,through,upper,down,11
R_m0011_L008_W00007,through,upper,down,11
R_m0011_L008_W00008,through,upper,down,11
R_m0011_L008_W00009,through,upper,down,11
R_m0011_L008_W00010,through,upper,down,11
R_m0011_L008_W00011,through,upper,down,11
R_m0011_L008_W00012,through,upper,down,11
R_m0011_L008_W00013,through,upper,down,11
R_m0011_L008_W00014,through,upper,down,11
R_m0011_L008_W00015,through,upper,down,11
R_m0011_L008_W00016,through,upper,down,11
R_m0011_L008_W00017,through,upper,down,11
R_m0011_L008_W00018,through,upper,down,11
R_m0011_L008_W00019,through,upper,down,11
R_m0011_L008_W00020,through,upper,down,11
R_m0011_L008_W00021,through,upper,down,11
R_m0011_L008_W00022,through,upper,down,11
R_m0011_L008_W00023,through,upper,down,11
R_m0011_L008_W00024,through,upper,down,11
R_m0011_L008_W00025,through,upper,down,11
R_m0011_L008_W00026,through,upper,down,11
R_m0011_L008_W00027,through,upper,down,11
R_m0011_L008_W00028,through,upper,down,11
R_m0011_L008_W00029,through,upper,down,11
R_m0011_L008_W00030,through,upper,down,11
R_m0011_L008_W00031,through,upper,down,11
R_m0012_L001_W00000,through,upper,down,12
R_m0012_L001_W00001,through,upper,down,12
R_m0012_L001_W00002,through,upper,down,12
R_m0012_L001_W00003,through,upper,down,12
R_m0012_L001_W00004,through,upper,down,12
R_m0012_L001_W00005,through,upper,down,12
R_m0012_L001_W00006,through,upper,down,12
R_m0012_L001_W00007,through,upper,down,12
R_m0012_L001_W00008,through,upper,down,12
R_m0012_L001_W00009,through,upper,down,12
R_m0012_L001_W00010,through,upper,down,12
R_m0012_L001_W00011,through,upper,down,12
R_m0012_L001_W00012,through,upper,down,12
R_m0012_L001_W00013,through,upper,down,12
R_m0012_L001_W00014,through,upper,down,12
R_m0012_L001_W00015,through,upper,down,12
R_m0012_L001_W00016,through,upper,down,12
R_m0012_L001_W00017,through,upper,down,12
R_m0012_L001_W00018,through,upper,down,12
R_m0012_L001_W00019,through,upper,down,12
R_m0012_L001_W00020,through,upper,down,12
R_m0012_L001_W00021,through,upper,down,12
R_m0012_L001_W00022,through,upper,down,12
R_m0012_L001_W00023,through,upper,down,12
R_m0012_L001_W00024,through,upper,down,12
R_m0012_L001_W00025,through,upper,down,12
R_m0012_L001_W00026,through,upper,down,12
R_m0012_L001_W00027,through,upper,down,12
R_m0012_L001_W00028,through,upper,down,12
R_m0012_L001_W00029,through,upper,down,12
R_m0012_L001_W00030,through,upper,down,12
R_m0012_L001_W00031,through,upper,down,12
R_m0012_L002_W00000,through,upper,down,12
R_m0012_L002_W00001,through,upper,down,12
R_m0012_L002_W00002,through,upper,down,12
R_m0012_L002_W00003,through,upper,down,12
R_m0012_L002_W00004,through,upper,down,12
R_m0012_L002_W00005,through,upper,down,12
R_m0012_L002_W00006,through,upper,down,12
R_m0012_L002_W00007,through,upper,down,12
R_m0012_L002_W00008,through,upper,down,12
R_m0012_L002_W00009,through,upper,down,12
R_m0012_L002_W00010,through,upper,down,12
R_m0012_L002_W00011,through,upper,down,12
R_m0012_L002_W00012,through,upper,down,12
R_m0012_L002_W00013,through,upper,down,12
R_m0012_L002_W00014,through,upper,down,12
R_m0012_L002_W00015,through,upper,down,12
R_m0012_L002_W00016,through,upper,down,12
R_m0012_L002_W00017,through,upper,down,12
R_m0012_L002_W00018,through,upper,down,12
R_m0012_L002_W00019,through,upper,down,12
R_m0012_L002_W00020,through,upper,down,12
R_m0012_L002_W00021,through,upper,down,12
R_m0012_L002_W00022,through,upper,down,12
R_m0012_L002_W00023,through,upper,down,12
R_m0012_L002_W00024,through,upper,down,12
R_m0012_L002_W00025,through,upper,down,12
R_m0012_L002_W00026,through,upper,down,12
R_m0012_L002_W00027,through,upper,down,12
R_m0012_L002_W00028,through,upper,down,12
R_m0012_L002_W00029,through,upper,down,12
R_m0012_L002_W00030,through,upper,down,12
R_m0012_L002_W00031,through,upper,down,12
R_m0012_L003_W00000,through,upper,down,12
R_m0012_L003_W00001,through,upper,down,12
R_m0012_L003_W00002,through,upper,down,12
R_m0012_L003_W00003,through,upper,down,12
R_m0012_L003_W00004,through,upper,down,12
R_m0012_L003_W00005,through,upper,down,12
R_m0012_L003_W00006,through,upper,down,12
R_m0012_L003_W00007,through,upper,down,12
R_m0012_L003_W00008,through,upper,down,12
R_m0012_L003_W00009,through,upper,down,12
R_m0012_L003_W00010,through,upper,down,12
R_m0012_L003_W00011,through,upper,down,12
R_m0012_L003_W00012,through,upper,down,12
R_m0012_L003_W00013,through,upper,down,12
R_m0012_L003_W00014,through,upper,down,12
R_m0012_L003_W00015,through,upper,down,12
R_m0012_L003_W00016,through,upper,down,12
R_m0012_L003_W00017,through,upper,down,12
R_m0012_L003_W00018,through,upper,down,12
R_m0012_L003_W00019,through,upper,down,12
R_m0012_L003_W00020,through,upper,down,12
R_m0012_L003_W00021,through,upper,down,12
R_m0012_L003_W00022,through,upper,down,12
R_m0012_L003_W00023,through,upper,down,12
R_m0012_L003_W00024,through,upper,down,12
R_m0012_L003_W00025,through,upper,down,12
R_m0012_L003_W00026,through,upper,down,12
R_m0012_L003_W00027,through,upper,down,12
R_m0012_L003_W00028,through,upper,down,12
R_m0012_L003_W00029,through,upper,down,12
R_m0012_L003_W00030,through,upper,down,12
R_m0012_L003_W00031,through,upper,down,12
R_m0012_L004_W00000,through,upper,down,12
R_m0012_L004_W00001,through,upper,down,12
R_m0012_L004_W00002,through,upper,down,12
R_m0012_L004_W00003,through,upper,down,12
R_m0012_L004_W00004,through,upper,down,12
R_m0012_L004_W00005,through,upper,down,12
R_m0012_L004_W00006,through,upper,down,12
R_m0012_L004_W00007,through,upper,down,12
R_m0012_L004_W00008,through,upper,down,12
R_m0012_L004_W00009,through,upper,down,12
R_m0012_L004_W00010,through,upper,down,12
R_m0012_L004_W00011,through,upper,down,12
R_m0012_L004_W00012,through,upper,down,12
R_m0012_L004_W00013,through,upper,down,12
R_m0012_L004_W00014,through,upper,down,12
R_m0012_L004_W00015,through,upper,down,12
R_m0012_L004_W00016,through,upper,down,12
R_m0012_L004_W00017,through,upper,down,12
R_m0012_L004_W00018,through,upper,down,12
R_m0012_L004_W00019,through,upper,down,12
R_m0012_L004_W00020,through,upper,down,12
R_m0012_L004_W00021,through,upper,down,12
R_m0012_L004_W00022,through,upper,down,12
R_m0012_L004_W00023,through,upper,down,12
R_m0012_L004_W00024,through,upper,down,12
R_m0012_L004_W00025,through,upper,down,12
R_m0012_L004_W00026,through,upper,down,12
R_m0012_L004_W00027,through,upper,down,12
R_m0012_L004_W00028,through,upper,down,12
R_m0012_L004_W00029,through,upper,down,12
R_m0012_L004_W00030,through,upper,down,12
R_m0012_L004_W00031,through,upper,down,12
R_m0012_L005_W00000,through,upper,down,12
R_m0012_L005_W00001,through,upper,down,12
R_m0012_L005_W00002,through,upper,down,12
R_m0012_L005_W00003,through,upper,down,12
R_m0012_L005_W00004,through,upper,down,12
R_m0012_L005_W00005,through,upper,down,12
R_m0012_L005_W00006,through,upper,down,12
R_m0012_L005_W00007,through,upper,down,12
R_m0012_L005_W00008,through,upper,down,12
R_m0012_L005_W00009,through,upper,down,12
R_m0012_L005_W00010,through,upper,down,12
R_m0012_L005_W00011,through,upper,down,12
R_m0012_L005_W00012,through,upper,down,12
R_m0012_L005_W00013,through,upper,down,12
R_m0012_L005_W00014,through,upper,down,12
R_m0012_L005_W00015,through,upper,down,12
R_m0012_L005_W00016,through,upper,down,12
R_m0012_L005_W00017,through,upper,down,12
R_m0012_L005_W00018,through,upper,down,12
R_m0012_L005_W00019,through,upper,down,12
R_m0012_L005_W00020,through,upper,down,12
R_m0012_L005_W00021,through,upper,down,12
R_m0012_L005_W00022,through,upper,down,12
R_m0012_L005_W00023,through,upper,down,12
R_m0012_L005_W00024,through,upper,down,12
R_m0012_L005_W00025,through,upper,down,12
R_m0012_L005_W00026,through,upper,down,12
R_m0012_L005_W00027,through,upper,down,12
R_m0012_L005_W00028,through,upper,down,12
R_m0012_L005_W00029,through,upper,down,12
R_m0012_L005_W00030,through,upper,down,12
R_m0012_L005_W00031,through,upper,down,12
R_m0012_L006_W00000,through,upper,down,12
R_m0012_L006_W00001,through,upper,down,12
R_m0012_L006_W00002,through,upper,down,12
R_m0012_L006_W00003,through,upper,down,12
R_m0012_L006_W00004,through,upper,down,12
R_m0012_L006_W00005,through,upper,down,12
R_m0012_L006_W00006,through,upper,down,12
R_m0012_L006_W00007,through,upper,down,12
R_m0012_L006_W00008,through,upper,down,12
R_m0012_L006_W00009,through,upper,down,12
R_m0012_L006_W00010,through,upper,down,12
R_m0012_L006_W00011,through,upper,down,12
R_m0012_L006_W00012,through,upper,down,12
R_m0012_L006_W00013,through,upper,down,12
R_m0012_L006_W00014,through,upper,down,12
R_m0012_L006_W00015,through,upper,down,12
R_m0012_L006_W00016,through,upper,down,12
R_m0012_L006_W00017,through,upper,down,12
R_m0012_L006_W00018,through,upper,down,12
R_m0012_L006_W00019,through,upper,down,12
R_m0012_L006_W00020,through,upper,down,12
R_m0012_L006_W00021,through,upper,down,12
R_m0012_L006_W00022,through,upper,down,12
R_m0012_L006_W00023,through,upper,down,12
R_m0012_L006_W00024,through,upper,down,12
R_m0012_L006_W00025,through,upper,down,12
R_m0012_L006_W00026,through,upper,down,12
R_m0012_L006_W00027,through,upper,down,12
R_m0012_L006_W00028,through,upper,down,12
R_m0012_L006_W00029,through,upper,down,12
R_m0012_L006_W00030,through,upper,down,12
R_m0012_L006_W00031,through,upper,down,12
R_m0012_L007_W00000,through,upper,down,12
R_m0012_L007_W00001,through,upper,down,12
R_m0012_L007_W00002,through,upper,down,12
R_m0012_L007_W00003,through,upper,down,12
R_m0012_L007_W00004,through,upper,down,12
R_m0012_L007_W00005,through,upper,down,12
R_m0012_L007_W00006,through,upper,down,12
R_m0012_L007_W00007,through,upper,down,12
R_m0012_L007_W00008,through,upper,down,12
R_m0012_L007_W00009,through,upper,down,12
R_m0012_L007_W00010,through,upper,down,12
R_m0012_L007_W00011,through,upper,down,12
R_m0012_L007_W00012,through,upper,down,12
R_m0012_L007_W00013,through,upper,down,12
R_m0012_L007_W00014,through,upper,down,12
R_m0012_L007_W00015,through,upper,down,12
R_m0012_L007_W00016,through,upper,down,12
R_m0012_L007_W00017,through,upper,down,12
R_m0012_L007_W00018,through,upper,down,12
R_m0012_L007_W00019,through,upper,down,12
R_m0012_L007_W00020,through,upper,down,12
R_m0012_L007_W00021,through,upper,down,12
R_m0012_L007_W00022,through,upper,down,12
R_m0012_L007_W00023,through,upper,down,12
R_m0012_L007_W00024,through,upper,down,12
R_m0012_L007_W00025,through,upper,down,12
R_m0012_L007_W00026,through,upper,down,12
R_m0012_L007_W00027,through,upper,down,12
R_m0012_L007_W00028,through,upper,down,12
R_m0012_L007_W00029,through,upper,down,12
R_m0012_L007_W00030,through,upper,down,12
R_m0012_L007_W00031,through,upper,down,12
R_m0012_L008_W00000,through,upper,down,12
R_m0012_L008_W00001,through,upper,down,12
R_m0012_L008_W00002,through,upper,down,12
R_m0012_L008_W00003,through,upper,down,12
R_m0012_L008_W00004,through,upper,down,12
R_m0012_L008_W00005,through,upper,down,12
R_m0012_L008_W00006,through,upper,down,12
R_m0012_L008_W00007,through,upper,down,12
R_m0012_L008_W00008,through,upper,down,12
R_m0012_L008_W00009,through,upper,down,12
R_m0012_L008_W00010,through,upper,down,12
R_m0012_L008_W00011,through,upper,down,12
R_m0012_L008_W00012,through,upper,down,12
R_m0012_L008_W00013,through,upper,down,12
R_m0012_L008_W00014,through,upper,down,12
R_m0012_L008_W00015,through,upper,down,12
R_m0012_L008_W00016,through,upper,down,12
R_m0012_L008_W00017,through,upper,down,12
R_m0012_L008_W00018,through,upper,down,12
R_m0012_L008_W00019,through,upper,down,12
R_m0012_L008_W00020,through,upper,down,12
R_m0012_L008_W00021,through,upper,down,12
R_m0012_L008_W00022,through,upper,down,12
R_m0012_L008_W00023,through,upper,down,12
R_m0012_L008_W00024,through,upper,down,12
R_m0012_L008_W00025,through,upper,down,12
R_m0012_L008_W00026,through,upper,down,12
R_m0012_L008_W00027,through,upper,down,12
R_m0012_L008_W00028,through,upper,down,12
R_m0012_L008_W00029,through,upper,down,12
R_m0012_L008_W00030,through,upper,down,12
R_m0012_L008_W00031,through,upper,down,12
R_m0013_L001_W00000,through,upper,down,13
R_m0013_L001_W00001,through,upper,down,13
R_m0013_L001_W00002,through,upper,down,13
R_m0013_L001_W00003,through,upper,down,13
R_m0013_L001_W00004,through,upper,down,13
R_m0013_L001_W00005,through,upper,down,13
R_m0013_L001_W00006,through,upper,down,13
R_m0013_L001_W00007,through,upper,down,13
R_m0013_L001_W00008,through,upper,down,13
R_m0013_L001_W00009,through,upper,down,13
R_m0013_L001_W00010,through,upper,down,13
R_m0013_L001_W00011,through,upper,down,13
R_m0013_L001_W00012,through,upper,down,13
R_m0013_L001_W00013,through,upper,down,13
R_m0013_L001_W00014,through,upper,down,13
R_m0013_L001_W00015,through,upper,down,13
R_m0013_L001_W00016,through,upper,down,13
R_m0013_L001_W00017,through,upper,down,13
R_m0013_L001_W00018,through,upper,down,13
R_m0013_L001_W00019,through,upper,down,13
R_m0013_L001_W00020,through,upper,down,13
R_m0013_L001_W00021,through,upper,down,13
R_m0013_L001_W00022,through,upper,down,13
R_m0013_L001_W00023,through,upper,down,13
R_m0013_L001_W00024,through,upper,down,13
R_m0013_L001_W00025,through,upper,down,13
R_m0013_L001_W00026,through,upper,down,13
R_m0013_L001_W00027,through,upper,down,13
R_m0013_L001_W00028,through,upper,down,13
R_m0013_L001_W00029,through,upper,down,13
R_m0013_L001_W00030,through,upper,down,13
R_m0013_L001_W00031,through,upper,down,13
R_m0013_L002_W00000,through,upper,down,13
R_m0013_L002_W00001,through,upper,down,13
R_m0013_L002_W00002,through,upper,down,13
R_m0013_L002_W00003,through,upper,down,13
R_m0013_L002_W00004,through,upper,down,13
R_m0013_L002_W00005,through,upper,down,13
R_m0013_L002_W00006,through,upper,down,13
R_m0013_L002_W00007,through,upper,down,13
R_m0013_L002_W00008,through,upper,down,13
R_m0013_L002_W00009,through,upper,down,13
R_m0013_L002_W00010,through,upper,down,13
R_m0013_L002_W00011,through,upper,down,13
R_m0013_L002_W00012,through,upper,down,13
R_m0013_L002_W00013,through,upper,down,13
R_m0013_L002_W00014,through,upper,down,13
R_m0013_L002_W00015,through,upper,down,13
R_m0013_L002_W00016,through,upper,down,13
R_m0013_L002_W00017,through,upper,down,13
R_m0013_L002_W00018,through,upper,down,13
R_m0013_L002_W00019,through,upper,down,13
R_m0013_L002_W00020,through,upper,down,13
R_m0013_L002_W00021,through,upper,down,13
R_m0013_L002_W00022,through,upper,down,13
R_m0013_L002_W00023,through,upper,down,13
R_m0013_L002_W00024,through,upper,down,13
R_m0013_L002_W00025,through,upper,down,13
R_m0013_L002_W00026,through,upper,down,13
R_m0013_L002_W00027,through,upper,down,13
R_m0013_L002_W00028,through,upper,down,13
R_m0013_L002_W00029,through,upper,down,13
R_m0013_L002_W00030,through,upper,down,13
R_m0013_L002_W00031,through,upper,down,13
R_m0013_L003_W00000,through,upper,down,13
R_m0013_L003_W00001,through,upper,down,13
R_m0013_L003_W00002,through,upper,down,13
R_m0013_L003_W00003,through,upper,down,13
R_m0013_L003_W00004,through,upper,down,13
R_m0013_L003_W00005,through,upper,down,13
R_m0013_L003_W00006,through,upper,down,13
R_m0013_L003_W00007,through,upper,down,13
R_m0013_L003_W00008,through,upper,down,13
R_m0013_L003_W00009,through,upper,down,13
R_m0013_L003_W00010,through,upper,down,13
R_m0013_L003_W00011,through,upper,down,13
R_m0013_L003_W00012,through,upper,down,13
R_m0013_L003_W00013,through,upper,down,13
R_m0013_L003_W00014,through,upper,down,13
R_m0013_L003_W00015,through,upper,down,13
R_m0013_L003_W00016,through,upper,down,13
R_m0013_L003_W00017,through,upper,down,13
R_m0013_L003_W00018,through,upper,down,13
R_m0013_L003_W00019,through,upper,down,13
R_m0013_L003_W00020,through,upper,down,13
R_m0013_L003_W00021,through,upper,down,13
R_m0013_L003_W00022,through,upper,down,13
R_m0013_L003_W00023,through,upper,down,13
R_m0013_L003_W00024,through,upper,down,13
R_m0013_L003_W00025,through,upper,down,13
R_m0013_L003_W00026,through,upper,down,13
R_m0013_L003_W00027,through,upper,down,13
R_m0013_L003_W00028,through,upper,down,13
R_m0013_L003_W00029,through,upper,down,13
R_m0013_L003_W00030,through,upper,down,13
R_m0013_L003_W00031,through,upper,down,13
R_m0013_L004_W00000,through,upper,down,13
R_m0013_L004_W00001,through,upper,down,13
R_m0013_L004_W00002,through,upper,down,13
R_m0013_L004_W00003,through,upper,down,13
R_m0013_L004_W00004,through,upper,down,13
R_m0013_L004_W00005,through,upper,down,13
R_m0013_L004_W00006,through,upper,down,13
R_m0013_L004_W00007,through,upper,down,13
R_m0013_L004_W00008,through,upper,down,13
R_m0013_L004_W00009,through,upper,down,13
R_m0013_L004_W00010,through,upper,down,13
R_m0013_L004_W00011,through,upper,down,13
R_m0013_L004_W00012,through,upper,down,13
R_m0013_L004_W00013,through,upper,down,13
R_m0013_L004_W00014,through,upper,down,13
R_m0013_L004_W00015,through,upper,down,13
R_m0013_L004_W00016,through,upper,down,13
R_m0013_L004_W00017,through,upper,down,13
R_m0013_L004_W00018,through,upper,down,13
R_m0013_L004_W00019,through,upper,down,13
R_m0013_L004_W00020,through,upper,down,13
R_m0013_L004_W00021,through,upper,down,13
R_m0013_L004_W00022,through,upper,down,13
R_m0013_L004_W00023,through,upper,down,13
R_m0013_L004_W00024,through,upper,down,13
R_m0013_L004_W00025,through,upper,down,13
R_m0013_L004_W00026,through,upper,down,13
R_m0013_L004_W00027,through,upper,down,13
R_m0013_L004_W00028,through,upper,down,13
R_m0013_L004_W00029,through,upper,down,13
R_m0013_L004_W00030,through,upper,down,13
R_m0013_L004_W00031,through,upper,down,13
R_m0013_L005_W00000,through,upper,down,13
R_m0013_L005_W00001,through,upper,down,13
R_m0013_L005_W00002,through,upper,down,13
R_m0013_L005_W00003,through,upper,down,13
R_m0013_L005_W00004,through,upper,down,13
R_m0013_L005_W00005,through,upper,down,13
R_m0013_L005_W00006,through,upper,down,13
R_m0013_L005_W00007,through,upper,down,13
R_m0013_L005_W00008,through,upper,down,13
R_m0013_L005_W00009,through,upper,down,13
R_m0013_L005_W00010,through,upper,down,13
R_m0013_L005_W00011,through,upper,down,13
R_m0013_L005_W00012,through,upper,down,13
R_m0013_L005_W00013,through,upper,down,13
R_m0013_L005_W00014,through,upper,down,13
R_m0013_L005_W00015,through,upper,down,13
R_m0013_L005_W00016,through,upper,down,13
R_m0013_L005_W00017,through,upper,down,13
R_m0013_L005_W00018,through,upper,down,13
R_m0013_L005_W00019,through,upper,down,13
R_m0013_L005_W00020,through,upper,down,13
R_m0013_L005_W00021,through,upper,down,13
R_m0013_L005_W00022,through,upper,down,13
R_m0013_L005_W00023,through,upper,down,13
R_m0013_L005_W00024,through,upper,down,13
R_m0013_L005_W00025,through,upper,down,13
R_m0013_L005_W00026,through,upper,down,13
R_m0013_L005_W00027,through,upper,down,13
R_m0013_L005_W00028,through,upper,down,13
R_m0013_L005_W00029,through,upper,down,13
R_m0013_L005_W00030,through,upper,down,13
R_m0013_L005_W00031,through,upper,down,13
R_m0013_L006_W00000,through,upper,down,13
R_m0013_L006_W00001,through,upper,down,13
R_m0013_L006_W00002,through,upper,down,13
R_m0013_L006_W00003,through,upper,down,13
R_m0013_L006_W00004,through,upper,down,13
R_m0013_L006_W00005,through,upper,down,13
R_m0013_L006_W00006,through,upper,down,13
R_m0013_L006_W00007,through,upper,down,13
R_m0013_L006_W00008,through,upper,down,13
R_m0013_L006_W00009,through,upper,down,13
R_m0013_L006_W00010,through,upper,down,13
R_m0013_L006_W00011,through,upper,down,13
R_m0013_L006_W00012,through,upper,down,13
R_m0013_L006_W00013,through,upper,down,13
R_m0013_L006_W00014,through,upper,down,13
R_m0013_L006_W00015,through,upper,down,13
R_m0013_L006_W00016,through,upper,down,13
R_m0013_L006_W00017,through,upper,down,13
R_m0013_L006_W00018,through,upper,down,13
R_m0013_L006_W00019,through,upper,down,13
R_m0013_L006_W00020,through,upper,down,13
R_m0013_L006_W00021,through,upper,down,13
R_m0013_L006_W00022,through,upper,down,13
R_m0013_L006_W00023,through,upper,down,13
R_m0013_L006_W00024,through,upper,down,13
R_m0013_L006_W00025,through,upper,down,13
R_m0013_L006_W00026,through,upper,down,13
R_m0013_L006_W00027,through,upper,down,13
R_m0013_L006_W00028,through,upper,down,13
R_m0013_L006_W00029,through,upper,down,13
R_m0013_L006_W00030,through,upper,down,13
R_m0013_L006_W00031,through,upper,down,13
R_m0013_L007_W00000,through,upper,down,13
R_m0013_L007_W00001,through,upper,down,13
R_m0013_L007_W00002,through,upper,down,13
R_m0013_L007_W00003,through,upper,down,13
R_m0013_L007_W00004,through,upper,down,13
R_m0013_L007_W00005,through,upper,down,13
R_m0013_L007_W00006,through,upper,down,13
R_m0013_L007_W00007,through,upper,down,13
R_m0013_L007_W00008,through,upper,down,13
R_m0013_L007_W00009,through,upper,down,13
R_m0013_L007_W00010,through,upper,down,13
R_m0013_L007_W00011,through,upper,down,13
R_m0013_L007_W00012,through,upper,down,13
R_m0013_L007_W00013,through,upper,down,13
R_m0013_L007_W00014,through,upper,down,13
R_m0013_L007_W00015,through,upper,down,13
R_m0013_L007_W00016,through,upper,down,13
R_m0013_L007_W00017,through,upper,down,13
R_m0013_L007_W00018,through,upper,down,13
R_m0013_L007_W00019,through,upper,down,13
R_m0013_L007_W00020,through,upper,down,13
R_m0013_L007_W00021,through,upper,down,13
R_m0013_L007_W00022,through,upper,down,13
R_m0013_L007_W00023,through,upper,down,13
R_m0013_L007_W00024,through,upper,down,13
R_m0013_L007_W00025,through,upper,down,13
R_m0013_L007_W00026,through,upper,down,13
R_m0013_L007_W00027,through,upper,down,13
R_m0013_L007_W00028,through,upper,down,13
R_m0013_L007_W00029,through,upper,down,13
R_m0013_L007_W00030,through,upper,down,13
R_m0013_L007_W00031,through,upper,down,13
R_m0013_L008_W00000,through,upper,down,13
R_m0013_L008_W00001,through,upper,down,13
R_m0013_L008_W00002,through,upper,down,13
R_m0013_L008_W00003,through,upper,down,13
R_m0013_L008_W00004,through,upper,down,13
R_m0013_L008_W00005,through,upper,down,13
R_m0013_L008_W00006,through,upper,down,13
R_m0013_L008_W00007,through,upper,down,13
R_m0013_L008_W00008,through,upper,down,13
R_m0013_L008_W00009,through,upper,down,13
R_m0013_L008_W00010,through,upper,down,13
R_m0013_L008_W00011,through,upper,down,13
R_m0013_L008_W00012,through,upper,down,13
R_m0013_L008_W00013,through,upper,down,13
R_m0013_L008_W00014,through,upper,down,13
R_m0013_L008_W00015,through,upper,down,13
R_m0013_L008_W00016,through,upper,down,13
R_m0013_L008_W00017,through,upper,down,13
R_m0013_L008_W00018,through,upper,down,13
R_m0013_L008_W00019,through,upper,down,13
R_m0013_L008_W00020,through,upper,down,13
R_m0013_L008_W00021,through,upper,down,13
R_m0013_L008_W00022,through,upper,down,13
R_m0013_L008_W00023,through,upper,down,13
R_m0013_L008_W00024,through,upper,down,13
R_m0013_L008_W00025,through,upper,down,13
R_m0013_L008_W00026,through,upper,down,13
R_m0013_L008_W00027,through,upper,down,13
R_m0013_L008_W00028,through,upper,down,13
R_m0013_L008_W00029,through,upper,down,13
R_m0013_L008_W00030,through,upper,down,13
R_m0013_L008_W00031,through,upper,down,13
R_m0014_L001_W00000,through,upper,down,14
R_m0014_L001_W00001,through,upper,down,14
R_m0014_L001_W00002,through,upper,down,14
R_m0014_L001_W00003,through,upper,down,14
R_m0014_L001_W00004,through,upper,down,14
R_m0014_L001_W00005,through,upper,down,14
R_m0014_L001_W00006,through,upper,down,14
R_m0014_L001_W00007,through,upper,down,14
R_m0014_L001_W00008,through,upper,down,14
R_m0014_L001_W00009,through,upper,down,14
R_m0014_L001_W00010,through,upper,down,14
R_m0014_L001_W00011,through,upper,down,14
R_m0014_L001_W00012,through,upper,down,14
R_m0014_L001_W00013,through,upper,down,14
R_m0014_L001_W00014,through,upper,down,14
R_m0014_L001_W00015,through,upper,down,14
R_m0014_L001_W00016,through,upper,down,14
R_m0014_L001_W00017,through,upper,down,14
R_m0014_L001_W00018,through,upper,down,14
R_m0014_L001_W00019,through,upper,down,14
R_m0014_L001_W00020,through,upper,down,14
R_m0014_L001_W00021,through,upper,down,14
R_m0014_L001_W00022,through,upper,down,14
R_m0014_L001_W00023,through,upper,down,14
R_m0014_L001_W00024,through,upper,down,14
R_m0014_L001_W00025,through,upper,down,14
R_m0014_L001_W00026,through,upper,down,14
R_m0014_L001_W00027,through,upper,down,14
R_m0014_L001_W00028,through,upper,down,14
R_m0014_L001_W00029,through,upper,down,14
R_m0014_L001_W00030,through,upper,down,14
R_m0014_L001_W00031,through,upper,down,14
R_m0014_L002_W00000,through,upper,down,14
R_m0014_L002_W00001,through,upper,down,14
R_m0014_L002_W00002,through,upper,down,14
R_m0014_L002_W00003,through,upper,down,14
R_m0014_L002_W00004,through,upper,down,14
R_m0014_L002_W00005,through,upper,down,14
R_m0014_L002_W00006,through,upper,down,14
R_m0014_L002_W00007,through,upper,down,14
R_m0014_L002_W00008,through,upper,down,14
R_m0014_L002_W00009,through,upper,down,14
R_m0014_L002_W00010,through,upper,down,14
R_m0014_L002_W00011,through,upper,down,14
R_m0014_L002_W00012,through,upper,down,14
R_m0014_L002_W00013,through,upper,down,14
R_m0014_L002_W00014,through,upper,down,14
R_m0014_L002_W00015,through,upper,down,14
R_m0014_L002_W00016,through,upper,down,14
R_m0014_L002_W00017,through,upper,down,14
R_m0014_L002_W00018,through,upper,down,14
R_m0014_L002_W00019,through,upper,down,14
R_m0014_L002_W00020,through,upper,down,14
R_m0014_L002_W00021,through,upper,down,14
R_m0014_L002_W00022,through,upper,down,14
R_m0014_L002_W00023,through,upper,down,14
R_m0014_L002_W00024,through,upper,down,14
R_m0014_L002_W00025,through,upper,down,14
R_m0014_L002_W00026,through,upper,down,14
R_m0014_L002_W00027,through,upper,down,14
R_m0014_L002_W00028,through,upper,down,14
R_m0014_L002_W00029,through,upper,down,14
R_m0014_L002_W00030,through,upper,down,14
R_m0014_L002_W00031,through,upper,down,14
R_m0014_L003_W00000,through,upper,down,14
R_m0014_L003_W00001,through,upper,down,14
R_m0014_L003_W00002,through,upper,down,14
R_m0014_L003_W00003,through,upper,down,14
R_m0014_L003_W00004,through,upper,down,14
R_m0014_L003_W00005,through,upper,down,14
R_m0014_L003_W00006,through,upper,down,14
R_m0014_L003_W00007,through,upper,down,14
R_m0014_L003_W00008,through,upper,down,14
R_m0014_L003_W00009,through,upper,down,14
R_m0014_L003_W00010,through,upper,down,14
R_m0014_L003_W00011,through,upper,down,14
R_m0014_L003_W00012,through,upper,down,14
R_m0014_L003_W00013,through,upper,down,14
R_m0014_L003_W00014,through,upper,down,14
R_m0014_L003_W00015,through,upper,down,14
R_m0014_L003_W00016,through,upper,down,14
R_m0014_L003_W00017,through,upper,down,14
R_m0014_L003_W00018,through,upper,down,14
R_m0014_L003_W00019,through,upper,down,14
R_m0014_L003_W00020,through,upper,down,14
R_m0014_L003_W00021,through,upper,down,14
R_m0014_L003_W00022,through,upper,down,14
R_m0014_L003_W00023,through,upper,down,14
R_m0014_L003_W00024,through,upper,down,14
R_m0014_L003_W00025,through,upper,down,14
R_m0014_L003_W00026,through,upper,down,14
R_m0014_L003_W00027,through,upper,down,14
R_m0014_L003_W00028,through,upper,down,14
R_m0014_L003_W00029,through,upper,down,14
R_m0014_L003_W00030,through,upper,down,14
R_m0014_L003_W00031,through,upper,down,14
R_m0014_L004_W00000,through,upper,down,14
R_m0014_L004_W00001,through,upper,down,14
R_m0014_L004_W00002,through,upper,down,14
R_m0014_L004_W00003,through,upper,down,14
R_m0014_L004_W00004,through,upper,down,14
R_m0014_L004_W00005,through,upper,down,14
R_m0014_L004_W00006,through,upper,down,14
R_m0014_L004_W00007,through,upper,down,14
R_m0014_L004_W00008,through,upper,down,14
R_m0014_L004_W00009,through,upper,down,14
R_m0014_L004_W00010,through,upper,down,14
R_m0014_L004_W00011,through,upper,down,14
R_m0014_L004_W00012,through,upper,down,14
R_m0014_L004_W00013,through,upper,down,14
R_m0014_L004_W00014,through,upper,down,14
R_m0014_L004_W00015,through,upper,down,14
R_m0014_L004_W00016,through,upper,down,14
R_m0014_L004_W00017,through,upper,down,14
R_m0014_L004_W00018,through,upper,down,14
R_m0014_L004_W00019,through,upper,down,14
R_m0014_L004_W00020,through,upper,down,14
R_m0014_L004_W00021,through,upper,down,14
R_m0014_L004_W00022,through,upper,down,14
R_m0014_L004_W00023,through,upper,down,14
R_m0014_L004_W00024,through,upper,down,14
R_m0014_L004_W00025,through,upper,down,14
R_m0014_L004_W00026,through,upper,down,14
R_m0014_L004_W00027,through,upper,down,14
R_m0014_L004_W00028,through,upper,down,14
R_m0014_L004_W00029,through,upper,down,14
R_m0014_L004_W00030,through,upper,down,14
R_m0014_L004_W00031,through,upper,down,14
R_m0014_L005_W00000,through,upper,down,14
R_m0014_L005_W00001,through,upper,down,14
R_m0014_L005_W00002,through,upper,down,14
R_m0014_L005_W00003,through,upper,down,14
R_m0014_L005_W00004,through,upper,down,14
R_m0014_L005_W00005,through,upper,down,14
R_m0014_L005_W00006,through,upper,down,14
R_m0014_L005_W00007,through,upper,down,14
R_m0014_L005_W00008,through,upper,down,14
R_m0014_L005_W00009,through,upper,down,14
R_m0014_L005_W00010,through,upper,down,14
R_m0014_L005_W00011,through,upper,down,14
R_m0014_L005_W00012,through,upper,down,14
R_m0014_L005_W00013,through,upper,down,14
R_m0014_L005_W00014,through,upper,down,14
R_m0014_L005_W00015,through,upper,down,14
R_m0014_L005_W00016,through,upper,down,14
R_m0014_L005_W00017,through,upper,down,14
R_m0014_L005_W00018,through,upper,down,14
R_m0014_L005_W00019,through,upper,down,14
R_m0014_L005_W00020,through,upper,down,14
R_m0014_L005_W00021,through,upper,down,14
R_m0014_L005_W00022,through,upper,down,14
R_m0014_L005_W00023,through,upper,down,14
R_m0014_L005_W00024,through,upper,down,14
R_m0014_L005_W00025,through,upper,down,14
R_m0014_L005_W00026,through,upper,down,14
R_m0014_L005_W00027,through,upper,down,14
R_m0014_L005_W00028,through,upper,down,14
R_m0014_L005_W00029,through,upper,down,14
R_m0014_L005_W00030,through,upper,down,14
R_m0014_L005_W00031,through,upper,down,14
R_m0014_L006_W00000,through,upper,down,14
R_m0014_L006_W00001,through,upper,down,14
R_m0014_L006_W00002,through,upper,down,14
R_m0014_L006_W00003,through,upper,down,14
R_m0014_L006_W00004,through,upper,down,14
R_m0014_L006_W00005,through,upper,down,14
R_m0014_L006_W00006,through,upper,down,14
R_m0014_L006_W00007,through,upper,down,14
R_m0014_L006_W00008,through,upper,down,14
R_m0014_L006_W00009,through,upper,down,14
R_m0014_L006_W00010,through,upper,down,14
R_m0014_L006_W00011,through,upper,down,14
R_m0014_L006_W00012,through,upper,down,14
R_m0014_L006_W00013,through,upper,down,14
R_m0014_L006_W00014,through,upper,down,14
R_m0014_L006_W00015,through,upper,down,14
R_m0014_L006_W00016,through,upper,down,14
R_m0014_L006_W00017,through,upper,down,14
R_m0014_L006_W00018,through,upper,down,14
R_m0014_L006_W00019,through,upper,down,14
R_m0014_L006_W00020,through,upper,down,14
R_m0014_L006_W00021,through,upper,down,14
R_m0014_L006_W00022,through,upper,down,14
R_m0014_L006_W00023,through,upper,down,14
R_m0014_L006_W00024,through,upper,down,14
R_m0014_L006_W00025,through,upper,down,14
R_m0014_L006_W00026,through,upper,down,14
R_m0014_L006_W00027,through,upper,down,14
R_m0014_L006_W00028,through,upper,down,14
R_m0014_L006_W00029,through,upper,down,14
R_m0014_L006_W00030,through,upper,down,14
R_m0014_L006_W00031,through,upper,down,14
R_m0014_L007_W00000,through,upper,down,14
R_m0014_L007_W00001,through,upper,down,14
R_m0014_L007_W00002,through,upper,down,14
R_m0014_L007_W00003,through,upper,down,14
R_m0014_L007_W00004,through,upper,down,14
R_m0014_L007_W00005,through,upper,down,14
R_m0014_L007_W00006,through,upper,down,14
R_m0014_L007_W00007,through,upper,down,14
R_m0014_L007_W00008,through,upper,down,14
R_m0014_L007_W00009,through,upper,down,14
R_m0014_L007_W00010,through,upper,down,14
R_m0014_L007_W00011,through,upper,down,14
R_m0014_L007_W00012,through,upper,down,14
R_m0014_L007_W00013,through,upper,down,14
R_m0014_L007_W00014,through,upper,down,14
R_m0014_L007_W00015,through,upper,down,14
R_m0014_L007_W00016,through,upper,down,14
R_m0014_L007_W00017,through,upper,down,14
R_m0014_L007_W00018,through,upper,down,14
R_m0014_L007_W00019,through,upper,down,14
R_m0014_L007_W00020,through,upper,down,14
R_m0014_L007_W00021,through,upper,down,14
R_m0014_L007_W00022,through,upper,down,14
R_m0014_L007_W00023,through,upper,down,14
R_m0014_L007_W00024,through,upper,down,14
R_m0014_L007_W00025,through,upper,down,14
R_m0014_L007_W00026,through,upper,down,14
R_m0014_L007_W00027,through,upper,down,14
R_m0014_L007_W00028,through,upper,down,14
R_m0014_L007_W00029,through,upper,down,14
R_m0014_L007_W00030,through,upper,down,14
R_m0014_L007_W00031,through,upper,down,14
R_m0014_L008_W00000,through,upper,down,14
R_m0014_L008_W00001,through,upper,down,14
R_m0014_L008_W00002,through,upper,down,14
R_m0014_L008_W00003,through,upper,down,14
R_m0014_L008_W00004,through,upper,down,14
R_m0014_L008_W00005,through,upper,down,14
R_m0014_L008_W00006,through,upper,down,14
R_m0014_L008_W00007,through,upper,down,14
R_m0014_L008_W00008,through,upper,down,14
R_m0014_L008_W00009,through,upper,down,14
R_m0014_L008_W00010,through,upper,down,14
R_m0014_L008_W00011,through,upper,down,14
R_m0014_L008_W00012,through,upper,down,14
R_m0014_L008_W00013,through,upper,down,14
R_m0014_L008_W00014,through,upper,down,14
R_m0014_L008_W00015,through,upper,down,14
R_m0014_L008_W00016,through,upper,down,14
R_m0014_L008_W00017,through,upper,down,14
R_m0014_L008_W00018,through,upper,down,14
R_m0014_L008_W00019,through,upper,down,14
R_m0014_L008_W00020,through,upper,down,14
R_m0014_L008_W00021,through,upper,down,14
R_m0014_L008_W00022,through,upper,down,14
R_m0014_L008_W00023,through,upper,down,14
R_m0014_L008_W00024,through,upper,down,14
R_m0014_L008_W00025,through,upper,down,14
R_m0014_L008_W00026,through,upper,down,14
R_m0014_L008_W00027,through,upper,down,14
R_m0014_L008_W00028,through,upper,down,14
R_m0014_L008_W00029,through,upper,down,14
R_m0014_L008_W00030,through,upper,down,14
R_m0014_L008_W00031,through,upper,down,14
R_m0015_L001_W00000,through,upper,down,15
R_m0015_L001_W00001,through,upper,down,15
R_m0015_L001_W00002,through,upper,down,15
R_m0015_L001_W00003,through,upper,down,15
R_m0015_L001_W00004,through,upper,down,15
R_m0015_L001_W00005,through,upper,down,15
R_m0015_L001_W00006,through,upper,down,15
R_m0015_L001_W00007,through,upper,down,15
R_m0015_L001_W00008,through,upper,down,15
R_m0015_L001_W00009,through,upper,down,15
R_m0015_L001_W00010,through,upper,down,15
R_m0015_L001_W00011,through,upper,down,15
R_m0015_L001_W00012,through,upper,down,15
R_m0015_L001_W00013,through,upper,down,15
R_m0015_L001_W00014,through,upper,down,15
R_m0015_L001_W00015,through,upper,down,15
R_m0015_L002_W00000,through,upper,down,15
R_m0015_L002_W00001,through,upper,down,15
R_m0015_L002_W00002,through,upper,down,15
R_m0015_L002_W00003,through,upper,down,15
R_m0015_L002_W00004,through,upper,down,15
R_m0015_L002_W00005,through,upper,down,15
R_m0015_L002_W00006,through,upper,down,15
R_m0015_L002_W00007,through,upper,down,15
R_m0015_L002_W00008,through,upper,down,15
R_m0015_L002_W00009,through,upper,down,15
R_m0015_L002_W00010,through,upper,down,15
R_m0015_L002_W00011,through,upper,down,15
R_m0015_L002_W00012,through,upper,down,15
R_m0015_L002_W00013,through,upper,down,15
R_m0015_L002_W00014,through,upper,down,15
R_m0015_L002_W00015,through,upper,down,15
R_m0015_L003_W00000,through,upper,down,15
R_m0015_L003_W00001,through,upper,down,15
R_m0015_L003_W00002,through,upper,down,15
R_m0015_L003_W00003,through,upper,down,15
R_m0015_L003_W00004,through,upper,down,15
R_m0015_L003_W00005,through,upper,down,15
R_m0015_L003_W00006,through,upper,down,15
R_m0015_L003_W00007,through,upper,down,15
R_m0015_L003_W00008,through,upper,down,15
R_m0015_L003_W00009,through,upper,down,15
R_m0015_L003_W00010,through,upper,down,15
R_m0015_L003_W00011,through,upper,down,15
R_m0015_L003_W00012,through,upper,down,15
R_m0015_L003_W00013,through,upper,down,15
R_m0015_L003_W00014,through,upper,down,15
R_m0015_L003_W00015,through,upper,down,15
R_m0015_L004_W00000,through,upper,down,15
R_m0015_L004_W00001,through,upper,down,15
R_m0015_L004_W00002,through,upper,down,15
R_m0015_L004_W00003,through,upper,down,15
R_m0015_L004_W00004,through,upper,down,15
R_m0015_L004_W00005,through,upper,down,15
R_m0015_L004_W00006,through,upper,down,15
R_m0015_L004_W00007,through,upper,down,15
R_m0015_L004_W00008,through,upper,down,15
R_m0015_L004_W00009,through,upper,down,15
R_m0015_L004_W00010,through,upper,down,15
R_m0015_L004_W00011,through,upper,down,15
R_m0015_L004_W00012,through,upper,down,15
R_m0015_L004_W00013,through,upper,down,15
R_m0015_L004_W00014,through,upper,down,15
R_m0015_L004_W00015,through,upper,down,15
R_m0015_L005_W00000,through,upper,down,15
R_m0015_L005_W00001,through,upper,down,15
R_m0015_L005_W00002,through,upper,down,15
R_m0015_L005_W00003,through,upper,down,15
R_m0015_L005_W00004,through,upper,down,15
R_m0015_L005_W00005,through,upper,down,15
R_m0015_L005_W00006,through,upper,down,15
R_m0015_L005_W00007,through,upper,down,15
R_m0015_L005_W00008,through,upper,down,15
R_m0015_L005_W00009,through,upper,down,15
R_m0015_L005_W00010,through,upper,down,15
R_m0015_L005_W00011,through,upper,down,15
R_m0015_L005_W00012,through,upper,down,15
R_m0015_L005_W00013,through,upper,down,15
R_m0015_L005_W00014,through,upper,down,15
R_m0015_L005_W00015,through,upper,down,15
R_m0015_L006_W00000,through,upper,down,15
R_m0015_L006_W00001,through,upper,down,15
R_m0015_L006_W00002,through,upper,down,15
R_m0015_L006_W00003,through,upper,down,15
R_m0015_L006_W00004,through,upper,down,15
R_m0015_L006_W00005,through,upper,down,15
R_m0015_L006_W00006,through,upper,down,15
R_m0015_L006_W00007,through,upper,down,15
R_m0015_L006_W00008,through,upper,down,15
R_m0015_L006_W00009,through,upper,down,15
R_m0015_L006_W00010,through,upper,down,15
R_m0015_L006_W00011,through,upper,down,15
R_m0015_L006_W00012,through,upper,down,15
R_m0015_L006_W00013,through,upper,down,15
R_m0015_L006_W00014,through,upper,down,15
R_m0015_L006_W00015,through,upper,down,15
R_m0016_L001_W00000,through,upper,down,16
R_m0016_L001_W00001,through,upper,down,16
R_m0016_L001_W00002,through,upper,down,16
R_m0016_L001_W00003,through,upper,down,16
R_m0016_L001_W00004,through,upper,down,16
R_m0016_L001_W00005,through,upper,down,16
R_m0016_L001_W00006,through,upper,down,16
R_m0016_L001_W00007,through,upper,down,16
R_m0016_L001_W00008,through,upper,down,16
R_m0016_L001_W00009,through,upper,down,16
R_m0016_L001_W00010,through,upper,down,16
R_m0016_L001_W00011,through,upper,down,16
R_m0016_L001_W00012,through,upper,down,16
R_m0016_L001_W00013,through,upper,down,16
R_m0016_L001_W00014,through,upper,down,16
R_m0016_L001_W00015,through,upper,down,16
R_m0016_L002_W00000,through,upper,down,16
R_m0016_L002_W00001,through,upper,down,16
R_m0016_L002_W00002,through,upper,down,16
R_m0016_L002_W00003,through,upper,down,16
R_m0016_L002_W00004,through,upper,down,16
R_m0016_L002_W00005,through,upper,down,16
R_m0016_L002_W00006,through,upper,down,16
R_m0016_L002_W00007,through,upper,down,16
R_m0016_L002_W00008,through,upper,down,16
R_m0016_L002_W00009,through,upper,down,16
R_m0016_L002_W00010,through,upper,down,16
R_m0016_L002_W00011,through,upper,down,16
R_m0016_L002_W00012,through,upper,down,16
R_m0016_L002_W00013,through,upper,down,16
R_m0016_L002_W00014,through,upper,down,16
R_m0016_L002_W00015,through,upper,down,16
R_m0016_L003_W00000,through,upper,down,16
R_m0016_L003_W00001,through,upper,down,16
R_m0016_L003_W00002,through,upper,down,16
R_m0016_L003_W00003,through,upper,down,16
R_m0016_L003_W00004,through,upper,down,16
R_m0016_L003_W00005,through,upper,down,16
R_m0016_L003_W00006,through,upper,down,16
R_m0016_L003_W00007,through,upper,down,16
R_m0016_L003_W00008,through,upper,down,16
R_m0016_L003_W00009,through,upper,down,16
R_m0016_L003_W00010,through,upper,down,16
R_m0016_L003_W00011,through,upper,down,16
R_m0016_L003_W00012,through,upper,down,16
R_m0016_L003_W00013,through,upper,down,16
R_m0016_L003_W00014,through,upper,down,16
R_m0016_L003_W00015,through,upper,down,16
R_m0016_L004_W00000,through,upper,down,16
R_m0016_L004_W00001,through,upper,down,16
R_m0016_L004_W00002,through,upper,down,16
R_m0016_L004_W00003,through,upper,down,16
R_m0016_L004_W00004,through,upper,down,16
R_m0016_L004_W00005,through,upper,down,16
R_m0016_L004_W00006,through,upper,down,16
R_m0016_L004_W00007,through,upper,down,16
R_m0016_L004_W00008,through,upper,down,16
R_m0016_L004_W00009,through,upper,down,16
R_m0016_L004_W00010,through,upper,down,16
R_m0016_L004_W00011,through,upper,down,16
R_m0016_L004_W00012,through,upper,down,16
R_m0016_L004_W00013,through,upper,down,16
R_m0016_L004_W00014,through,upper,down,16
R_m0016_L004_W00015,through,upper,down,16
R_m0016_L005_W00000,through,upper,down,16
R_m0016_L005_W00001,through,upper,down,16
R_m0016_L005_W00002,through,upper,down,16
R_m0016_L005_W00003,through,upper,down,16
R_m0016_L005_W00004,through,upper,down,16
R_m0016_L005_W00005,through,upper,down,16
R_m0016_L005_W00006,through,upper,down,16
R_m0016_L005_W00007,through,upper,down,16
R_m0016_L005_W00008,through,upper,down,16
R_m0016_L005_W00009,through,upper,down,16
R_m0016_L005_W00010,through,upper,down,16
R_m0016_L005_W00011,through,upper,down,16
R_m0016_L005_W00012,through,upper,down,16
R_m0016_L005_W00013,through,upper,down,16
R_m0016_L005_W00014,through,upper,down,16
R_m0016_L005_W00015,through,upper,down,16
R_m0016_L006_W00000,through,upper,down,16
R_m0016_L006_W00001,through,upper,down,16
R_m0016_L006_W00002,through,upper,down,16
R_m0016_L006_W00003,through,upper,down,16
R_m0016_L006_W00004,through,upper,down,16
R_m0016_L006_W00005,through,upper,down,16
R_m0016_L006_W00006,through,upper,down,16
R_m0016_L006_W00007,through,upper,down,16
R_m0016_L006_W00008,through,upper,down,16
R_m0016_L006_W00009,through,upper,down,16
R_m0016_L006_W00010,through,upper,down,16
R_m0016_L006_W00011,through,upper,down,16
R_m0016_L006_W00012,through,upper,down,16
R_m0016_L006_W00013,through,upper,down,16
R_m0016_L006_W00014,through,upper,down,16
R_m0016_L006_W00015,through,upper,down,16
R_m0017_L001_W00000,through,upper,down,17
R_m0017_L001_W00001,through,upper,down,17
R_m0017_L001_W00002,through,upper,down,17
R_m0017_L001_W00003,through,upper,down,17
R_m0017_L001_W00004,through,upper,down,17
R_m0017_L001_W00005,through,upper,down,17
R_m0017_L001_W00006,through,upper,down,17
R_m0017_L001_W00007,through,upper,down,17
R_m0017_L001_W00008,through,upper,down,17
R_m0017_L001_W00009,through,upper,down,17
R_m0017_L001_W00010,through,upper,down,17
R_m0017_L001_W00011,through,upper,down,17
R_m0017_L001_W00012,through,upper,down,17
R_m0017_L001_W00013,through,upper,down,17
R_m0017_L001_W00014,through,upper,down,17
R_m0017_L001_W00015,through,upper,down,17
R_m0017_L002_W00000,through,upper,down,17
R_m0017_L002_W00001,through,upper,down,17
R_m0017_L002_W00002,through,upper,down,17
R_m0017_L002_W00003,through,upper,down,17
R_m0017_L002_W00004,through,upper,down,17
R_m0017_L002_W00005,through,upper,down,17
R_m0017_L002_W00006,through,upper,down,17
R_m0017_L002_W00007,through,upper,down,17
R_m0017_L002_W00008,through,upper,down,17
R_m0017_L002_W00009,through,upper,down,17
R_m0017_L002_W00010,through,upper,down,17
R_m0017_L002_W00011,through,upper,down,17
R_m0017_L002_W00012,through,upper,down,17
R_m0017_L002_W00013,through,upper,down,17
R_m0017_L002_W00014,through,upper,down,17
R_m0017_L002_W00015,through,upper,down,17
R_m0017_L003_W00000,through,upper,down,17
R_m0017_L003_W00001,through,upper,down,17
R_m0017_L003_W00002,through,upper,down,17
R_m0017_L003_W00003,through,upper,down,17
R_m0017_L003_W00004,through,upper,down,17
R_m0017_L003_W00005,through,upper,down,17
R_m0017_L003_W00006,through,upper,down,17
R_m0017_L003_W00007,through,upper,down,17
R_m0017_L003_W00008,through,upper,down,17
R_m0017_L003_W00009,through,upper,down,17
R_m0017_L003_W00010,through,upper,down,17
R_m0017_L003_W00011,through,upper,down,17
R_m0017_L003_W00012,through,upper,down,17
R_m0017_L003_W00013,through,upper,down,17
R_m0017_L003_W00014,through,upper,down,17
R_m0017_L003_W00015,through,upper,down,17
R_m0017_L004_W00000,through,upper,down,17
R_m0017_L004_W00001,through,upper,down,17
R_m0017_L004_W00002,through,upper,down,17
R_m0017_L004_W00003,through,upper,down,17
R_m0017_L004_W00004,through,upper,down,17
R_m0017_L004_W00005,through,upper,down,17
R_m0017_L004_W00006,through,upper,down,17
R_m0017_L004_W00007,through,upper,down,17
R_m0017_L004_W00008,through,upper,down,17
R_m0017_L004_W00009,through,upper,down,17
R_m0017_L004_W00010,through,upper,down,17
R_m0017_L004_W00011,through,upper,down,17
R_m0017_L004_W00012,through,upper,down,17
R_m0017_L004_W00013,through,upper,down,17
R_m0017_L004_W00014,through,upper,down,17
R_m0017_L004_W00015,through,upper,down,17
R_m0017_L005_W00000,through,upper,down,17
R_m0017_L005_W00001,through,upper,down,17
R_m0017_L005_W00002,through,upper,down,17
R_m0017_L005_W00003,through,upper,down,17
R_m0017_L005_W00004,through,upper,down,17
R_m0017_L005_W00005,through,upper,down,17
R_m0017_L005_W00006,through,upper,down,17
R_m0017_L005_W00007,through,upper,down,17
R_m0017_L005_W00008,through,upper,down,17
R_m0017_L005_W00009,through,upper,down,17
R_m0017_L005_W00010,through,upper,down,17
R_m0017_L005_W00011,through,upper,down,17
R_m0017_L005_W00012,through,upper,down,17
R_m0017_L005_W00013,through,upper,down,17
R_m0017_L005_W00014,through,upper,down,17
R_m0017_L005_W00015,through,upper,down,17
R_m0017_L006_W00000,through,upper,down,17
R_m0017_L006_W00001,through,upper,down,17
R_m0017_L006_W00002,through,upper,down,17
R_m0017_L006_W00003,through,upper,down,17
R_m0017_L006_W00004,through,upper,down,17
R_m0017_L006_W00005,through,upper,down,17
R_m0017_L006_W00006,through,upper,down,17
R_m0017_L006_W00007,through,upper,down,17
R_m0017_L006_W00008,through,upper,down,17
R_m0017_L006_W00009,through,upper,down,17
R_m0017_L006_W00010,through,upper,down,17
R_m0017_L006_W00011,through,upper,down,17
R_m0017_L006_W00012,through,upper,down,17
R_m0017_L006_W00013,through,upper,down,17
R_m0017_L006_W00014,through,upper,down,17
R_m0017_L006_W00015,through,upper,down,17
R_m0018_L001_W00000,through,upper,down,18
R_m0018_L001_W00001,through,upper,down,18
R_m0018_L001_W00002,through,upper,down,18
R_m0018_L001_W00003,through,upper,down,18
R_m0018_L001_W00004,through,upper,down,18
R_m0018_L001_W00005,through,upper,down,18
R_m0018_L001_W00006,through,upper,down,18
R_m0018_L001_W00007,through,upper,down,18
R_m0018_L001_W00008,through,upper,down,18
R_m0018_L001_W00009,through,upper,down,18
R_m0018_L001_W00010,through,upper,down,18
R_m0018_L001_W00011,through,upper,down,18
R_m0018_L001_W00012,through,upper,down,18
R_m0018_L001_W00013,through,upper,down,18
R_m0018_L001_W00014,through,upper,down,18
R_m0018_L001_W00015,through,upper,down,18
R_m0018_L002_W00000,through,upper,down,18
R_m0018_L002_W00001,through,upper,down,18
R_m0018_L002_W00002,through,upper,down,18
R_m0018_L002_W00003,through,upper,down,18
R_m0018_L002_W00004,through,upper,down,18
R_m0018_L002_W00005,through,upper,down,18
R_m0018_L002_W00006,through,upper,down,18
R_m0018_L002_W00007,through,upper,down,18
R_m0018_L002_W00008,through,upper,down,18
R_m0018_L002_W00009,through,upper,down,18
R_m0018_L002_W00010,through,upper,down,18
R_m0018_L002_W00011,through,upper,down,18
R_m0018_L002_W00012,through,upper,down,18
R_m0018_L002_W00013,through,upper,down,18
R_m0018_L002_W00014,through,upper,down,18
R_m0018_L002_W00015,through,upper,down,18
R_m0018_L003_W00000,through,upper,down,18
R_m0018_L003_W00001,through,upper,down,18
R_m0018_L003_W00002,through,upper,down,18
R_m0018_L003_W00003,through,upper,down,18
R_m0018_L003_W00004,through,upper,down,18
R_m0018_L003_W00005,through,upper,down,18
R_m0018_L003_W00006,through,upper,down,18
R_m0018_L003_W00007,through,upper,down,18
R_m0018_L003_W00008,through,upper,down,18
R_m0018_L003_W00009,through,upper,down,18
R_m0018_L003_W00010,through,upper,down,18
R_m0018_L003_W00011,through,upper,down,18
R_m0018_L003_W00012,through,upper,down,18
R_m0018_L003_W00013,through,upper,down,18
R_m0018_L003_W00014,through,upper,down,18
R_m0018_L003_W00015,through,upper,down,18
R_m0018_L004_W00000,through,upper,down,18
R_m0018_L004_W00001,through,upper,down,18
R_m0018_L004_W00002,through,upper,down,18
R_m0018_L004_W00003,through,upper,down,18
R_m0018_L004_W00004,through,upper,down,18
R_m0018_L004_W00005,through,upper,down,18
R_m0018_L004_W00006,through,upper,down,18
R_m0018_L004_W00007,through,upper,down,18
R_m0018_L004_W00008,through,upper,down,18
R_m0018_L004_W00009,through,upper,down,18
R_m0018_L004_W00010,through,upper,down,18
R_m0018_L004_W00011,through,upper,down,18
R_m0018_L004_W00012,through,upper,down,18
R_m0018_L004_W00013,through,upper,down,18
R_m0018_L004_W00014,through,upper,down,18
R_m0018_L004_W00015,through,upper,down,18
R_m0018_L005_W00000,through,upper,down,18
R_m0018_L005_W00001,through,upper,down,18
R_m0018_L005_W00002,through,upper,down,18
R_m0018_L005_W00003,through,upper,down,18
R_m0018_L005_W00004,through,upper,down,18
R_m0018_L005_W00005,through,upper,down,18
R_m0018_L005_W00006,through,upper,down,18
R_m0018_L005_W00007,through,upper,down,18
R_m0018_L005_W00008,through,upper,down,18
R_m0018_L005_W00009,through,upper,down,18
R_m0018_L005_W00010,through,upper,down,18
R_m0018_L005_W00011,through,upper,down,18
R_m0018_L005_W00012,through,upper,down,18
R_m0018_L005_W00013,through,upper,down,18
R_m0018_L005_W00014,through,upper,down,18
R_m0018_L005_W00015,through,upper,down,18
R_m0018_L006_W00000,through,upper,down,18
R_m0018_L006_W00001,through,upper,down,18
R_m0018_L006_W00002,through,upper,down,18
R_m0018_L006_W00003,through,upper,down,18
R_m0018_L006_W00004,through,upper,down,18
R_m0018_L006_W00005,through,upper,down,18
R_m0018_L006_W00006,through,upper,down,18
R_m0018_L006_W00007,through,upper,down,18
R_m0018_L006_W00008,through,upper,down,18
R_m0018_L006_W00009,through,upper,down,18
R_m0018_L006_W00010,through,upper,down,18
R_m0018_L006_W00011,through,upper,down,18
R_m0018_L006_W00012,through,upper,down,18
R_m0018_L006_W00013,through,upper,down,18
R_m0018_L006_W00014,through,upper,down,18
R_m0018_L006_W00015,through,upper,down,18
R_m0019_L001_W00000,through,upper,down,19
R_m0019_L001_W00001,through,upper,down,19
R_m0019_L001_W00002,through,upper,down,19
R_m0019_L001_W00003,through,upper,down,19
R_m0019_L001_W00004,through,upper,down,19
R_m0019_L001_W00005,through,upper,down,19
R_m0019_L001_W00006,through,upper,down,19
R_m0019_L001_W00007,through,upper,down,19
R_m0019_L001_W00008,through,upper,down,19
R_m0019_L001_W00009,through,upper,down,19
R_m0019_L001_W00010,through,upper,down,19
R_m0019_L001_W00011,through,upper,down,19
R_m0019_L001_W00012,through,upper,down,19
R_m0019_L001_W00013,through,upper,down,19
R_m0019_L001_W00014,through,upper,down,19
R_m0019_L001_W00015,through,upper,down,19
R_m0019_L002_W00000,through,upper,down,19
R_m0019_L002_W00001,through,upper,down,19
R_m0019_L002_W00002,through,upper,down,19
R_m0019_L002_W00003,through,upper,down,19
R_m0019_L002_W00004,through,upper,down,19
R_m0019_L002_W00005,through,upper,down,19
R_m0019_L002_W00006,through,upper,down,19
R_m0019_L002_W00007,through,upper,down,19
R_m0019_L002_W00008,through,upper,down,19
R_m0019_L002_W00009,through,upper,down,19
R_m0019_L002_W00010,through,upper,down,19
R_m0019_L002_W00011,through,upper,down,19
R_m0019_L002_W00012,through,upper,down,19
R_m0019_L002_W00013,through,upper,down,19
R_m0019_L002_W00014,through,upper,down,19
R_m0019_L002_W00015,through,upper,down,19
R_m0019_L003_W00000,through,upper,down,19
R_m0019_L003_W00001,through,upper,down,19
R_m0019_L003_W00002,through,upper,down,19
R_m0019_L003_W00003,through,upper,down,19
R_m0019_L003_W00004,through,upper,down,19
R_m0019_L003_W00005,through,upper,down,19
R_m0019_L003_W00006,through,upper,down,19
R_m0019_L003_W00007,through,upper,down,19
R_m0019_L003_W00008,through,upper,down,19
R_m0019_L003_W00009,through,upper,down,19
R_m0019_L003_W00010,through,upper,down,19
R_m0019_L003_W00011,through,upper,down,19
R_m0019_L003_W00012,through,upper,down,19
R_m0019_L003_W00013,through,upper,down,19
R_m0019_L003_W00014,through,upper,down,19
R_m0019_L003_W00015,through,upper,down,19
R_m0019_L004_W00000,through,upper,down,19
R_m0019_L004_W00001,through,upper,down,19
R_m0019_L004_W00002,through,upper,down,19
R_m0019_L004_W00003,through,upper,down,19
R_m0019_L004_W00004,through,upper,down,19
R_m0019_L004_W00005,through,upper,down,19
R_m0019_L004_W00006,through,upper,down,19
R_m0019_L004_W00007,through,upper,down,19
R_m0019_L004_W00008,through,upper,down,19
R_m0019_L004_W00009,through,upper,down,19
R_m0019_L004_W00010,through,upper,down,19
R_m0019_L004_W00011,through,upper,down,19
R_m0019_L004_W00012,through,upper,down,19
R_m0019_L004_W00013,through,upper,down,19
R_m0019_L004_W00014,through,upper,down,19
R_m0019_L004_W00015,through,upper,down,19
R_m0019_L005_W00000,through,upper,down,19
R_m0019_L005_W00001,through,upper,down,19
R_m0019_L005_W00002,through,upper,down,19
R_m0019_L005_W00003,through,upper,down,19
R_m0019_L005_W00004,through,upper,down,19
R_m0019_L005_W00005,through,upper,down,19
R_m0019_L005_W00006,through,upper,down,19
R_m0019_L005_W00007,through,upper,down,19
R_m0019_L005_W00008,through,upper,down,19
R_m0019_L005_W00009,through,upper,down,19
R_m0019_L005_W00010,through,upper,down,19
R_m0019_L005_W00011,through,upper,down,19
R_m0019_L005_W00012,through,upper,down,19
R_m0019_L005_W00013,through,upper,down,19
R_m0019_L005_W00014,through,upper,down,19
R_m0019_L005_W00015,through,upper,down,19
R_m0019_L006_W00000,through,upper,down,19
R_m0019_L006_W00001,through,upper,down,19
R_m0019_L006_W00002,through,upper,down,19
R_m0019_L006_W00003,through,upper,down,19
R_m0019_L006_W00004,through,upper,down,19
R_m0019_L006_W00005,through,upper,down,19
R_m0019_L006_W00006,through,upper,down,19
R_m0019_L006_W00007,through,upper,down,19
R_m0019_L006_W00008,through,upper,down,19
R_m0019_L006_W00009,through,upper,down,19
R_m0019_L006_W00010,through,upper,down,19
R_m0019_L006_W00011,through,upper,down,19
R_m0019_L006_W00012,through,upper,down,19
R_m0019_L006_W00013,through,upper,down,19
R_m0019_L006_W00014,through,upper,down,19
R_m0019_L006_W00015,through,upper,down,19
R_m0020_L001_W00000,through,upper,down,20
R_m0020_L001_W00001,through,upper,down,20
R_m0020_L001_W00002,through,upper,down,20
R_m0020_L001_W00003,through,upper,down,20
R_m0020_L001_W00004,through,upper,down,20
R_m0020_L001_W00005,through,upper,down,20
R_m0020_L001_W00006,through,upper,down,20
R_m0020_L001_W00007,through,upper,down,20
R_m0020_L001_W00008,through,upper,down,20
R_m0020_L001_W00009,through,upper,down,20
R_m0020_L001_W00010,through,upper,down,20
R_m0020_L001_W00011,through,upper,down,20
R_m0020_L001_W00012,through,upper,down,20
R_m0020_L001_W00013,through,upper,down,20
R_m0020_L001_W00014,through,upper,down,20
R_m0020_L001_W00015,through,upper,down,20
R_m0020_L002_W00000,through,upper,down,20
R_m0020_L002_W00001,through,upper,down,20
R_m0020_L002_W00002,through,upper,down,20
R_m0020_L002_W00003,through,upper,down,20
R_m0020_L002_W00004,through,upper,down,20
R_m0020_L002_W00005,through,upper,down,20
R_m0020_L002_W00006,through,upper,down,20
R_m0020_L002_W00007,through,upper,down,20
R_m0020_L002_W00008,through,upper,down,20
R_m0020_L002_W00009,through,upper,down,20
R_m0020_L002_W00010,through,upper,down,20
R_m0020_L002_W00011,through,upper,down,20
R_m0020_L002_W00012,through,upper,down,20
R_m0020_L002_W00013,through,upper,down,20
R_m0020_L002_W00014,through,upper,down,20
R_m0020_L002_W00015,through,upper,down,20
R_m0020_L003_W00000,through,upper,down,20
R_m0020_L003_W00001,through,upper,down,20
R_m0020_L003_W00002,through,upper,down,20
R_m0020_L003_W00003,through,upper,down,20
R_m0020_L003_W00004,through,upper,down,20
R_m0020_L003_W00005,through,upper,down,20
R_m0020_L003_W00006,through,upper,down,20
R_m0020_L003_W00007,through,upper,down,20
R_m0020_L003_W00008,through,upper,down,20
R_m0020_L003_W00009,through,upper,down,20
R_m0020_L003_W00010,through,upper,down,20
R_m0020_L003_W00011,through,upper,down,20
R_m0020_L003_W00012,through,upper,down,20
R_m0020_L003_W00013,through,upper,down,20
R_m0020_L003_W00014,through,upper,down,20
R_m0020_L003_W00015,through,upper,down,20
R_m0020_L004_W00000,through,upper,down,20
R_m0020_L004_W00001,through,upper,down,20
R_m0020_L004_W00002,through,upper,down,20
R_m0020_L004_W00003,through,upper,down,20
R_m0020_L004_W00004,through,upper,down,20
R_m0020_L004_W00005,through,upper,down,20
R_m0020_L004_W00006,through,upper,down,20
R_m0020_L004_W00007,through,upper,down,20
R_m0020_L004_W00008,through,upper,down,20
R_m0020_L004_W00009,through,upper,down,20
R_m0020_L004_W00010,through,upper,down,20
R_m0020_L004_W00011,through,upper,down,20
R_m0020_L004_W00012,through,upper,down,20
R_m0020_L004_W00013,through,upper,down,20
R_m0020_L004_W00014,through,upper,down,20
R_m0020_L004_W00015,through,upper,down,20
R_m0020_L005_W00000,through,upper,down,20
R_m0020_L005_W00001,through,upper,down,20
R_m0020_L005_W00002,through,upper,down,20
R_m0020_L005_W00003,through,upper,down,20
R_m0020_L005_W00004,through,upper,down,20
R_m0020_L005_W00005,through,upper,down,20
R_m0020_L005_W00006,through,upper,down,20
R_m0020_L005_W00007,through,upper,down,20
R_m0020_L005_W00008,through,upper,down,20
R_m0020_L005_W00009,through,upper,down,20
R_m0020_L005_W00010,through,upper,down,20
R_m0020_L005_W00011,through,upper,down,20
R_m0020_L005_W00012,through,upper,down,20
R_m0020_L005_W00013,through,upper,down,20
R_m0020_L005_W00014,through,upper,down,20
R_m0020_L005_W00015,through,upper,down,20
R_m0020_L006_W00000,through,upper,down,20
R_m0020_L006_W00001,through,upper,down,20
R_m0020_L006_W00002,through,upper,down,20
R_m0020_L006_W00003,through,upper,down,20
R_m0020_L006_W00004,through,upper,down,20
R_m0020_L006_W00005,through,upper,down,20
R_m0020_L006_W00006,through,upper,down,20
R_m0020_L006_W00007,through,upper,down,20
R_m0020_L006_W00008,through,upper,down,20
R_m0020_L006_W00009,through,upper,down,20
R_m0020_L006_W00010,through,upper,down,20
R_m0020_L006_W00011,through,upper,down,20
R_m0020_L006_W00012,through,upper,down,20
R_m0020_L006_W00013,through,upper,down,20
R_m0020_L006_W00014,through,upper,down,20
R_m0020_L006_W00015,through,upper,down,20
R_m0021_L001_W00000,through,upper,down,21
R_m0021_L001_W00001,through,upper,down,21
R_m0021_L001_W00002,through,upper,down,21
R_m0021_L001_W00003,through,upper,down,21
R_m0021_L001_W00004,through,upper,down,21
R_m0021_L001_W00005,through,upper,down,21
R_m0021_L001_W00006,through,upper,down,21
R_m0021_L001_W00007,through,upper,down,21
R_m0021_L001_W00008,through,upper,down,21
R_m0021_L001_W00009,through,upper,down,21
R_m0021_L001_W00010,through,upper,down,21
R_m0021_L001_W00011,through,upper,down,21
R_m0021_L001_W00012,through,upper,down,21
R_m0021_L001_W00013,through,upper,down,21
R_m0021_L001_W00014,through,upper,down,21
R_m0021_L001_W00015,through,upper,down,21
R_m0021_L002_W00000,through,upper,down,21
R_m0021_L002_W00001,through,upper,down,21
R_m0021_L002_W00002,through,upper,down,21
R_m0021_L002_W00003,through,upper,down,21
R_m0021_L002_W00004,through,upper,down,21
R_m0021_L002_W00005,through,upper,down,21
R_m0021_L002_W00006,through,upper,down,21
R_m0021_L002_W00007,through,upper,down,21
R_m0021_L002_W00008,through,upper,down,21
R_m0021_L002_W00009,through,upper,down,21
R_m0021_L002_W00010,through,upper,down,21
R_m0021_L002_W00011,through,upper,down,21
R_m0021_L002_W00012,through,upper,down,21
R_m0021_L002_W00013,through,upper,down,21
R_m0021_L002_W00014,through,upper,down,21
R_m0021_L002_W00015,through,upper,down,21
R_m0021_L003_W00000,through,upper,down,21
R_m0021_L003_W00001,through,upper,down,21
R_m0021_L003_W00002,through,upper,down,21
R_m0021_L003_W00003,through,upper,down,21
R_m0021_L003_W00004,through,upper,down,21
R_m0021_L003_W00005,through,upper,down,21
R_m0021_L003_W00006,through,upper,down,21
R_m0021_L003_W00007,through,upper,down,21
R_m0021_L003_W00008,through,upper,down,21
R_m0021_L003_W00009,through,upper,down,21
R_m0021_L003_W00010,through,upper,down,21
R_m0021_L003_W00011,through,upper,down,21
R_m0021_L003_W00012,through,upper,down,21
R_m0021_L003_W00013,through,upper,down,21
R_m0021_L003_W00014,through,upper,down,21
R_m0021_L003_W00015,through,upper,down,21
R_m0021_L004_W00000,through,upper,down,21
R_m0021_L004_W00001,through,upper,down,21
R_m0021_L004_W00002,through,upper,down,21
R_m0021_L004_W00003,through,upper,down,21
R_m0021_L004_W00004,through,upper,down,21
R_m0021_L004_W00005,through,upper,down,21
R_m0021_L004_W00006,through,upper,down,21
R_m0021_L004_W00007,through,upper,down,21
R_m0021_L004_W00008,through,upper,down,21
R_m0021_L004_W00009,through,upper,down,21
R_m0021_L004_W00010,through,upper,down,21
R_m0021_L004_W00011,through,upper,down,21
R_m0021_L004_W00012,through,upper,down,21
R_m0021_L004_W00013,through,upper,down,21
R_m0021_L004_W00014,through,upper,down,21
R_m0021_L004_W00015,through,upper,down,21
R_m0021_L005_W00000,through,upper,down,21
R_m0021_L005_W00001,through,upper,down,21
R_m0021_L005_W00002,through,upper,down,21
R_m0021_L005_W00003,through,upper,down,21
R_m0021_L005_W00004,through,upper,down,21
R_m0021_L005_W00005,through,upper,down,21
R_m0021_L005_W00006,through,upper,down,21
R_m0021_L005_W00007,through,upper,down,21
R_m0021_L005_W00008,through,upper,down,21
R_m0021_L005_W00009,through,upper,down,21
R_m0021_L005_W00010,through,upper,down,21
R_m0021_L005_W00011,through,upper,down,21
R_m0021_L005_W00012,through,upper,down,21
R_m0021_L005_W00013,through,upper,down,21
R_m0021_L005_W00014,through,upper,down,21
R_m0021_L005_W00015,through,upper,down,21
R_m0021_L006_W00000,through,upper,down,21
R_m0021_L006_W00001,through,upper,down,21
R_m0021_L006_W00002,through,upper,down,21
R_m0021_L006_W00003,through,upper,down,21
R_m0021_L006_W00004,through,upper,down,21
R_m0021_L006_W00005,through,upper,down,21
R_m0021_L006_W00006,through,upper,down,21
R_m0021_L006_W00007,through,upper,down,21
R_m0021_L006_W00008,through,upper,down,21
R_m0021_L006_W00009,through,upper,down,21
R_m0021_L006_W00010,through,upper,down,21
R_m0021_L006_W00011,through,upper,down,21
R_m0021_L006_W00012,through,upper,down,21
R_m0021_L006_W00013,through,upper,down,21
R_m0021_L006_W00014,through,upper,down,21
R_m0021_L006_W00015,through,upper,down,21
R_m0022_L001_W00000,through,upper,down,22
R_m0022_L001_W00001,through,upper,down,22
R_m0022_L001_W00002,through,upper,down,22
R_m0022_L001_W00003,through,upper,down,22
R_m0022_L001_W00004,through,upper,down,22
R_m0022_L001_W00005,through,upper,down,22
R_m0022_L001_W00006,through,upper,down,22
R_m0022_L001_W00007,through,upper,down,22
R_m0022_L001_W00008,through,upper,down,22
R_m0022_L001_W00009,through,upper,down,22
R_m0022_L001_W00010,through,upper,down,22
R_m0022_L001_W00011,through,upper,down,22
R_m0022_L001_W00012,through,upper,down,22
R_m0022_L001_W00013,through,upper,down,22
R_m0022_L001_W00014,through,upper,down,22
R_m0022_L001_W00015,through,upper,down,22
R_m0022_L002_W00000,through,upper,down,22
R_m0022_L002_W00001,through,upper,down,22
R_m0022_L002_W00002,through,upper,down,22
R_m0022_L002_W00003,through,upper,down,22
R_m0022_L002_W00004,through,upper,down,22
R_m0022_L002_W00005,through,upper,down,22
R_m0022_L002_W00006,through,upper,down,22
R_m0022_L002_W00007,through,upper,down,22
R_m0022_L002_W00008,through,upper,down,22
R_m0022_L002_W00009,through,upper,down,22
R_m0022_L002_W00010,through,upper,down,22
R_m0022_L002_W00011,through,upper,down,22
R_m0022_L002_W00012,through,upper,down,22
R_m0022_L002_W00013,through,upper,down,22
R_m0022_L002_W00014,through,upper,down,22
R_m0022_L002_W00015,through,upper,down,22
R_m0022_L003_W00000,through,upper,down,22
R_m0022_L003_W00001,through,upper,down,22
R_m0022_L003_W00002,through,upper,down,22
R_m0022_L003_W00003,through,upper,down,22
R_m0022_L003_W00004,through,upper,down,22
R_m0022_L003_W00005,through,upper,down,22
R_m0022_L003_W00006,through,upper,down,22
R_m0022_L003_W00007,through,upper,down,22
R_m0022_L003_W00008,through,upper,down,22
R_m0022_L003_W00009,through,upper,down,22
R_m0022_L003_W00010,through,upper,down,22
R_m0022_L003_W00011,through,upper,down,22
R_m0022_L003_W00012,through,upper,down,22
R_m0022_L003_W00013,through,upper,down,22
R_m0022_L003_W00014,through,upper,down,22
R_m0022_L003_W00015,through,upper,down,22
R_m0022_L004_W00000,through,upper,down,22
R_m0022_L004_W00001,through,upper,down,22
R_m0022_L004_W00002,through,upper,down,22
R_m0022_L004_W00003,through,upper,down,22
R_m0022_L004_W00004,through,upper,down,22
R_m0022_L004_W00005,through,upper,down,22
R_m0022_L004_W00006,through,upper,down,22
R_m0022_L004_W00007,through,upper,down,22
R_m0022_L004_W00008,through,upper,down,22
R_m0022_L004_W00009,through,upper,down,22
R_m0022_L004_W00010,through,upper,down,22
R_m0022_L004_W00011,through,upper,down,22
R_m0022_L004_W00012,through,upper,down,22
R_m0022_L004_W00013,through,upper,down,22
R_m0022_L004_W00014,through,upper,down,22
R_m0022_L004_W00015,through,upper,down,22
R_m0022_L005_W00000,through,upper,down,22
R_m0022_L005_W00001,through,upper,down,22
R_m0022_L005_W00002,through,upper,down,22
R_m0022_L005_W00003,through,upper,down,22
R_m0022_L005_W00004,through,upper,down,22
R_m0022_L005_W00005,through,upper,down,22
R_m0022_L005_W00006,through,upper,down,22
R_m0022_L005_W00007,through,upper,down,22
R_m0022_L005_W00008,through,upper,down,22
R_m0022_L005_W00009,through,upper,down,22
R_m0022_L005_W00010,through,upper,down,22
R_m0022_L005_W00011,through,upper,down,22
R_m0022_L005_W00012,through,upper,down,22
R_m0022_L005_W00013,through,upper,down,22
R_m0022_L005_W00014,through,upper,down,22
R_m0022_L005_W00015,through,upper,down,22
R_m0022_L006_W00000,through,upper,down,22
R_m0022_L006_W00001,through,upper,down,22
R_m0022_L006_W00002,through,upper,down,22
R_m0022_L006_W00003,through,upper,down,22
R_m0022_L006_W00004,through,upper,down,22
R_m0022_L006_W00005,through,upper,down,22
R_m0022_L006_W00006,through,upper,down,22
R_m0022_L006_W00007,through,upper,down,22
R_m0022_L006_W00008,through,upper,down,22
R_m0022_L006_W00009,through,upper,down,22
R_m0022_L006_W00010,through,upper,down,22
R_m0022_L006_W00011,through,upper,down,22
R_m0022_L006_W00012,through,upper,down,22
R_m0022_L006_W00013,through,upper,down,22
R_m0022_L006_W00014,through,upper,down,22
R_m0022_L006_W00015,through,upper,down,22
R_m0023_L001_W00000,through,upper,down,23
R_m0023_L001_W00001,through,upper,down,23
R_m0023_L001_W00002,through,upper,down,23
R_m0023_L001_W00003,through,upper,down,23
R_m0023_L001_W00004,through,upper,down,23
R_m0023_L001_W00005,through,upper,down,23
R_m0023_L001_W00006,through,upper,down,23
R_m0023_L001_W00007,through,upper,down,23
R_m0023_L001_W00008,through,upper,down,23
R_m0023_L001_W00009,through,upper,down,23
R_m0023_L001_W00010,through,upper,down,23
R_m0023_L001_W00011,through,upper,down,23
R_m0023_L001_W00012,through,upper,down,23
R_m0023_L001_W00013,through,upper,down,23
R_m0023_L001_W00014,through,upper,down,23
R_m0023_L001_W00015,through,upper,down,23
R_m0023_L002_W00000,through,upper,down,23
R_m0023_L002_W00001,through,upper,down,23
R_m0023_L002_W00002,through,upper,down,23
R_m0023_L002_W00003,through,upper,down,23
R_m0023_L002_W00004,through,upper,down,23
R_m0023_L002_W00005,through,upper,down,23
R_m0023_L002_W00006,through,upper,down,23
R_m0023_L002_W00007,through,upper,down,23
R_m0023_L002_W00008,through,upper,down,23
R_m0023_L002_W00009,through,upper,down,23
R_m0023_L002_W00010,through,upper,down,23
R_m0023_L002_W00011,through,upper,down,23
R_m0023_L002_W00012,through,upper,down,23
R_m0023_L002_W00013,through,upper,down,23
R_m0023_L002_W00014,through,upper,down,23
R_m0023_L002_W00015,through,upper,down,23
R_m0023_L003_W00000,through,upper,down,23
R_m0023_L003_W00001,through,upper,down,23
R_m0023_L003_W00002,through,upper,down,23
R_m0023_L003_W00003,through,upper,down,23
R_m0023_L003_W00004,through,upper,down,23
R_m0023_L003_W00005,through,upper,down,23
R_m0023_L003_W00006,through,upper,down,23
R_m0023_L003_W00007,through,upper,down,23
R_m0023_L003_W00008,through,upper,down,23
R_m0023_L003_W00009,through,upper,down,23
R_m0023_L003_W00010,through,upper,down,23
R_m0023_L003_W00011,through,upper,down,23
R_m0023_L003_W00012,through,upper,down,23
R_m0023_L003_W00013,through,upper,down,23
R_m0023_L003_W00014,through,upper,down,23
R_m0023_L003_W00015,through,upper,down,23
R_m0023_L004_W00000,through,upper,down,23
R_m0023_L004_W00001,through,upper,down,23
R_m0023_L004_W00002,through,upper,down,23
R_m0023_L004_W00003,through,upper,down,23
R_m0023_L004_W00004,through,upper,down,23
R_m0023_L004_W00005,through,upper,down,23
R_m0023_L004_W00006,through,upper,down,23
R_m0023_L004_W00007,through,upper,down,23
R_m0023_L004_W00008,through,upper,down,23
R_m0023_L004_W00009,through,upper,down,23
R_m0023_L004_W00010,through,upper,down,23
R_m0023_L004_W00011,through,upper,down,23
R_m0023_L004_W00012,through,upper,down,23
R_m0023_L004_W00013,through,upper,down,23
R_m0023_L004_W00014,through,upper,down,23
R_m0023_L004_W00015,through,upper,down,23
R_m0023_L005_W00000,through,upper,down,23
R_m0023_L005_W00001,through,upper,down,23
R_m0023_L005_W00002,through,upper,down,23
R_m0023_L005_W00003,through,upper,down,23
R_m0023_L005_W00004,through,upper,down,23
R_m0023_L005_W00005,through,upper,down,23
R_m0023_L005_W00006,through,upper,down,23
R_m0023_L005_W00007,through,upper,down,23
R_m0023_L005_W00008,through,upper,down,23
R_m0023_L005_W00009,through,upper,down,23
R_m0023_L005_W00010,through,upper,down,23
R_m0023_L005_W00011,through,upper,down,23
R_m0023_L005_W00012,through,upper,down,23
R_m0023_L005_W00013,through,upper,down,23
R_m0023_L005_W00014,through,upper,down,23
R_m0023_L005_W00015,through,upper,down,23
R_m0023_L006_W00000,through,upper,down,23
R_m0023_L006_W00001,through,upper,down,23
R_m0023_L006_W00002,through,upper,down,23
R_m0023_L006_W00003,through,upper,down,23
R_m0023_L006_W00004,through,upper,down,23
R_m0023_L006_W00005,through,upper,down,23
R_m0023_L006_W00006,through,upper,down,23
R_m0023_L006_W00007,through,upper,down,23
R_m0023_L006_W00008,through,upper,down,23
R_m0023_L006_W00009,through,upper,down,23
R_m0023_L006_W00010,through,upper,down,23
R_m0023_L006_W00011,through,upper,down,23
R_m0023_L006_W00012,through,upper,down,23
R_m0023_L006_W00013,through,upper,down,23
R_m0023_L006_W00014,through,upper,down,23
R_m0023_L006_W00015,through,upper,down,23
R_m0024_L001_W00000,through,upper,down,24
R_m0024_L001_W00001,through,upper,down,24
R_m0024_L001_W00002,through,upper,down,24
R_m0024_L001_W00003,through,upper,down,24
R_m0024_L001_W00004,through,upper,down,24
R_m0024_L001_W00005,through,upper,down,24
R_m0024_L001_W00006,through,upper,down,24
R_m0024_L001_W00007,through,upper,down,24
R_m0024_L001_W00008,through,upper,down,24
R_m0024_L001_W00009,through,upper,down,24
R_m0024_L001_W00010,through,upper,down,24
R_m0024_L001_W00011,through,upper,down,24
R_m0024_L001_W00012,through,upper,down,24
R_m0024_L001_W00013,through,upper,down,24
R_m0024_L001_W00014,through,upper,down,24
R_m0024_L001_W00015,through,upper,down,24
R_m0024_L002_W00000,through,upper,down,24
R_m0024_L002_W00001,through,upper,down,24
R_m0024_L002_W00002,through,upper,down,24
R_m0024_L002_W00003,through,upper,down,24
R_m0024_L002_W00004,through,upper,down,24
R_m0024_L002_W00005,through,upper,down,24
R_m0024_L002_W00006,through,upper,down,24
R_m0024_L002_W00007,through,upper,down,24
R_m0024_L002_W00008,through,upper,down,24
R_m0024_L002_W00009,through,upper,down,24
R_m0024_L002_W00010,through,upper,down,24
R_m0024_L002_W00011,through,upper,down,24
R_m0024_L002_W00012,through,upper,down,24
R_m0024_L002_W00013,through,upper,down,24
R_m0024_L002_W00014,through,upper,down,24
R_m0024_L002_W00015,through,upper,down,24
R_m0024_L003_W00000,through,upper,down,24
R_m0024_L003_W00001,through,upper,down,24
R_m0024_L003_W00002,through,upper,down,24
R_m0024_L003_W00003,through,upper,down,24
R_m0024_L003_W00004,through,upper,down,24
R_m0024_L003_W00005,through,upper,down,24
R_m0024_L003_W00006,through,upper,down,24
R_m0024_L003_W00007,through,upper,down,24
R_m0024_L003_W00008,through,upper,down,24
R_m0024_L003_W00009,through,upper,down,24
R_m0024_L003_W00010,through,upper,down,24
R_m0024_L003_W00011,through,upper,down,24
R_m0024_L003_W00012,through,upper,down,24
R_m0024_L003_W00013,through,upper,down,24
R_m0024_L003_W00014,through,upper,down,24
R_m0024_L003_W00015,through,upper,down,24
R_m0024_L004_W00000,through,upper,down,24
R_m0024_L004_W00001,through,upper,down,24
R_m0024_L004_W00002,through,upper,down,24
R_m0024_L004_W00003,through,upper,down,24
R_m0024_L004_W00004,through,upper,down,24
R_m0024_L004_W00005,through,upper,down,24
R_m0024_L004_W00006,through,upper,down,24
R_m0024_L004_W00007,through,upper,down,24
R_m0024_L004_W00008,through,upper,down,24
R_m0024_L004_W00009,through,upper,down,24
R_m0024_L004_W00010,through,upper,down,24
R_m0024_L004_W00011,through,upper,down,24
R_m0024_L004_W00012,through,upper,down,24
R_m0024_L004_W00013,through,upper,down,24
R_m0024_L004_W00014,through,upper,down,24
R_m0024_L004_W00015,through,upper,down,24
R_m0024_L005_W00000,through,upper,down,24
R_m0024_L005_W00001,through,upper,down,24
R_m0024_L005_W00002,through,upper,down,24
R_m0024_L005_W00003,through,upper,down,24
R_m0024_L005_W00004,through,upper,down,24
R_m0024_L005_W00005,through,upper,down,24
R_m0024_L005_W00006,through,upper,down,24
R_m0024_L005_W00007,through,upper,down,24
R_m0024_L005_W00008,through,upper,down,24
R_m0024_L005_W00009,through,upper,down,24
R_m0024_L005_W00010,through,upper,down,24
R_m0024_L005_W00011,through,upper,down,24
R_m0024_L005_W00012,through,upper,down,24
R_m0024_L005_W00013,through,upper,down,24
R_m0024_L005_W00014,through,upper,down,24
R_m0024_L005_W00015,through,upper,down,24
R_m0024_L006_W00000,through,upper,down,24
R_m0024_L006_W00001,through,upper,down,24
R_m0024_L006_W00002,through,upper,down,24
R_m0024_L006_W00003,through,upper,down,24
R_m0024_L006_W00004,through,upper,down,24
R_m0024_L006_W00005,through,upper,down,24
R_m0024_L006_W00006,through,upper,down,24
R_m0024_L006_W00007,through,upper,down,24
R_m0024_L006_W00008,through,upper,down,24
R_m0024_L006_W00009,through,upper,down,24
R_m0024_L006_W00010,through,upper,down,24
R_m0024_L006_W00011,through,upper,down,24
R_m0024_L006_W00012,through,upper,down,24
R_m0024_L006_W00013,through,upper,down,24
R_m0024_L006_W00014,through,upper,down,24
R_m0024_L006_W00015,through,upper,down,24
R_m0025_L001_W00000,through,upper,down,25
R_m0025_L001_W00001,through,upper,down,25
R_m0025_L001_W00002,through,upper,down,25
R_m0025_L001_W00003,through,upper,down,25
R_m0025_L001_W00004,through,upper,down,25
R_m0025_L001_W00005,through,upper,down,25
R_m0025_L001_W00006,through,upper,down,25
R_m0025_L001_W00007,through,upper,down,25
R_m0025_L001_W00008,through,upper,down,25
R_m0025_L001_W00009,through,upper,down,25
R_m0025_L001_W00010,through,upper,down,25
R_m0025_L001_W00011,through,upper,down,25
R_m0025_L001_W00012,through,upper,down,25
R_m0025_L001_W00013,through,upper,down,25
R_m0025_L001_W00014,through,upper,down,25
R_m0025_L001_W00015,through,upper,down,25
R_m0025_L002_W00000,through,upper,down,25
R_m0025_L002_W00001,through,upper,down,25
R_m0025_L002_W00002,through,upper,down,25
R_m0025_L002_W00003,through,upper,down,25
R_m0025_L002_W00004,through,upper,down,25
R_m0025_L002_W00005,through,upper,down,25
R_m0025_L002_W00006,through,upper,down,25
R_m0025_L002_W00007,through,upper,down,25
R_m0025_L002_W00008,through,upper,down,25
R_m0025_L002_W00009,through,upper,down,25
R_m0025_L002_W00010,through,upper,down,25
R_m0025_L002_W00011,through,upper,down,25
R_m0025_L002_W00012,through,upper,down,25
R_m0025_L002_W00013,through,upper,down,25
R_m0025_L002_W00014,through,upper,down,25
R_m0025_L002_W00015,through,upper,down,25
R_m0025_L003_W00000,through,upper,down,25
R_m0025_L003_W00001,through,upper,down,25
R_m0025_L003_W00002,through,upper,down,25
R_m0025_L003_W00003,through,upper,down,25
R_m0025_L003_W00004,through,upper,down,25
R_m0025_L003_W00005,through,upper,down,25
R_m0025_L003_W00006,through,upper,down,25
R_m0025_L003_W00007,through,upper,down,25
R_m0025_L003_W00008,through,upper,down,25
R_m0025_L003_W00009,through,upper,down,25
R_m0025_L003_W00010,through,upper,down,25
R_m0025_L003_W00011,through,upper,down,25
R_m0025_L003_W00012,through,upper,down,25
R_m0025_L003_W00013,through,upper,down,25
R_m0025_L003_W00014,through,upper,down,25
R_m0025_L003_W00015,through,upper,down,25
R_m0025_L004_W00000,through,upper,down,25
R_m0025_L004_W00001,through,upper,down,25
R_m0025_L004_W00002,through,upper,down,25
R_m0025_L004_W00003,through,upper,down,25
R_m0025_L004_W00004,through,upper,down,25
R_m0025_L004_W00005,through,upper,down,25
R_m0025_L004_W00006,through,upper,down,25
R_m0025_L004_W00007,through,upper,down,25
R_m0025_L004_W00008,through,upper,down,25
R_m0025_L004_W00009,through,upper,down,25
R_m0025_L004_W00010,through,upper,down,25
R_m0025_L004_W00011,through,upper,down,25
R_m0025_L004_W00012,through,upper,down,25
R_m0025_L004_W00013,through,upper,down,25
R_m0025_L004_W00014,through,upper,down,25
R_m0025_L004_W00015,through,upper,down,25
R_m0025_L005_W00000,through,upper,down,25
R_m0025_L005_W00001,through,upper,down,25
R_m0025_L005_W00002,through,upper,down,25
R_m0025_L005_W00003,through,upper,down,25
R_m0025_L005_W00004,through,upper,down,25
R_m0025_L005_W00005,through,upper,down,25
R_m0025_L005_W00006,through,upper,down,25
R_m0025_L005_W00007,through,upper,down,25
R_m0025_L005_W00008,through,upper,down,25
R_m0025_L005_W00009,through,upper,down,25
R_m0025_L005_W00010,through,upper,down,25
R_m0025_L005_W00011,through,upper,down,25
R_m0025_L005_W00012,through,upper,down,25
R_m0025_L005_W00013,through,upper,down,25
R_m0025_L005_W00014,through,upper,down,25
R_m0025_L005_W00015,through,upper,down,25
R_m0025_L006_W00000,through,upper,down,25
R_m0025_L006_W00001,through,upper,down,25
R_m0025_L006_W00002,through,upper,down,25
R_m0025_L006_W00003,through,upper,down,25
R_m0025_L006_W00004,through,upper,down,25
R_m0025_L006_W00005,through,upper,down,25
R_m0025_L006_W00006,through,upper,down,25
R_m0025_L006_W00007,through,upper,down,25
R_m0025_L006_W00008,through,upper,down,25
R_m0025_L006_W00009,through,upper,down,25
R_m0025_L006_W00010,through,upper,down,25
R_m0025_L006_W00011,through,upper,down,25
R_m0025_L006_W00012,through,upper,down,25
R_m0025_L006_W00013,through,upper,down,25
R_m0025_L006_W00014,through,upper,down,25
R_m0025_L006_W00015,through,upper,down,25
R_m0026_L001_W00000,through,upper,down,26
R_m0026_L001_W00001,through,upper,down,26
R_m0026_L001_W00002,through,upper,down,26
R_m0026_L001_W00003,through,upper,down,26
R_m0026_L001_W00004,through,upper,down,26
R_m0026_L001_W00005,through,upper,down,26
R_m0026_L001_W00006,through,upper,down,26
R_m0026_L001_W00007,through,upper,down,26
R_m0026_L001_W00008,through,upper,down,26
R_m0026_L001_W00009,through,upper,down,26
R_m0026_L001_W00010,through,upper,down,26
R_m0026_L001_W00011,through,upper,down,26
R_m0026_L001_W00012,through,upper,down,26
R_m0026_L001_W00013,through,upper,down,26
R_m0026_L001_W00014,through,upper,down,26
R_m0026_L001_W00015,through,upper,down,26
R_m0026_L002_W00000,through,upper,down,26
R_m0026_L002_W00001,through,upper,down,26
R_m0026_L002_W00002,through,upper,down,26
R_m0026_L002_W00003,through,upper,down,26
R_m0026_L002_W00004,through,upper,down,26
R_m0026_L002_W00005,through,upper,down,26
R_m0026_L002_W00006,through,upper,down,26
R_m0026_L002_W00007,through,upper,down,26
R_m0026_L002_W00008,through,upper,down,26
R_m0026_L002_W00009,through,upper,down,26
R_m0026_L002_W00010,through,upper,down,26
R_m0026_L002_W00011,through,upper,down,26
R_m0026_L002_W00012,through,upper,down,26
R_m0026_L002_W00013,through,upper,down,26
R_m0026_L002_W00014,through,upper,down,26
R_m0026_L002_W00015,through,upper,down,26
R_m0026_L003_W00000,through,upper,down,26
R_m0026_L003_W00001,through,upper,down,26
R_m0026_L003_W00002,through,upper,down,26
R_m0026_L003_W00003,through,upper,down,26
R_m0026_L003_W00004,through,upper,down,26
R_m0026_L003_W00005,through,upper,down,26
R_m0026_L003_W00006,through,upper,down,26
R_m0026_L003_W00007,through,upper,down,26
R_m0026_L003_W00008,through,upper,down,26
R_m0026_L003_W00009,through,upper,down,26
R_m0026_L003_W00010,through,upper,down,26
R_m0026_L003_W00011,through,upper,down,26
R_m0026_L003_W00012,through,upper,down,26
R_m0026_L003_W00013,through,upper,down,26
R_m0026_L003_W00014,through,upper,down,26
R_m0026_L003_W00015,through,upper,down,26
R_m0026_L004_W00000,through,upper,down,26
R_m0026_L004_W00001,through,upper,down,26
R_m0026_L004_W00002,through,upper,down,26
R_m0026_L004_W00003,through,upper,down,26
R_m0026_L004_W00004,through,upper,down,26
R_m0026_L004_W00005,through,upper,down,26
R_m0026_L004_W00006,through,upper,down,26
R_m0026_L004_W00007,through,upper,down,26
R_m0026_L004_W00008,through,upper,down,26
R_m0026_L004_W00009,through,upper,down,26
R_m0026_L004_W00010,through,upper,down,26
R_m0026_L004_W00011,through,upper,down,26
R_m0026_L004_W00012,through,upper,down,26
R_m0026_L004_W00013,through,upper,down,26
R_m0026_L004_W00014,through,upper,down,26
R_m0026_L004_W00015,through,upper,down,26
R_m0026_L005_W00000,through,upper,down,26
R_m0026_L005_W00001,through,upper,down,26
R_m0026_L005_W00002,through,upper,down,26
R_m0026_L005_W00003,through,upper,down,26
R_m0026_L005_W00004,through,upper,down,26
R_m0026_L005_W00005,through,upper,down,26
R_m0026_L005_W00006,through,upper,down,26
R_m0026_L005_W00007,through,upper,down,26
R_m0026_L005_W00008,through,upper,down,26
R_m0026_L005_W00009,through,upper,down,26
R_m0026_L005_W00010,through,upper,down,26
R_m0026_L005_W00011,through,upper,down,26
R_m0026_L005_W00012,through,upper,down,26
R_m0026_L005_W00013,through,upper,down,26
R_m0026_L005_W00014,through,upper,down,26
R_m0026_L005_W00015,through,upper,down,26
R_m0026_L006_W00000,through,upper,down,26
R_m0026_L006_W00001,through,upper,down,26
R_m0026_L006_W00002,through,upper,down,26
R_m0026_L006_W00003,through,upper,down,26
R_m0026_L006_W00004,through,upper,down,26
R_m0026_L006_W00005,through,upper,down,26
R_m0026_L006_W00006,through,upper,down,26
R_m0026_L006_W00007,through,upper,down,26
R_m0026_L006_W00008,through,upper,down,26
R_m0026_L006_W00009,through,upper,down,26
R_m0026_L006_W00010,through,upper,down,26
R_m0026_L006_W00011,through,upper,down,26
R_m0026_L006_W00012,through,upper,down,26
R_m0026_L006_W00013,through,upper,down,26
R_m0026_L006_W00014,through,upper,down,26
R_m0026_L006_W00015,through,upper,down,26
R_m0027_L001_W00000,through,upper,down,27
R_m0027_L001_W00001,through,upper,down,27
R_m0027_L001_W00002,through,upper,down,27
R_m0027_L001_W00003,through,upper,down,27
R_m0027_L001_W00004,through,upper,down,27
R_m0027_L001_W00005,through,upper,down,27
R_m0027_L001_W00006,through,upper,down,27
R_m0027_L001_W00007,through,upper,down,27
R_m0027_L001_W00008,through,upper,down,27
R_m0027_L001_W00009,through,upper,down,27
R_m0027_L001_W00010,through,upper,down,27
R_m0027_L001_W00011,through,upper,down,27
R_m0027_L001_W00012,through,upper,down,27
R_m0027_L001_W00013,through,upper,down,27
R_m0027_L001_W00014,through,upper,down,27
R_m0027_L001_W00015,through,upper,down,27
R_m0027_L002_W00000,through,upper,down,27
R_m0027_L002_W00001,through,upper,down,27
R_m0027_L002_W00002,through,upper,down,27
R_m0027_L002_W00003,through,upper,down,27
R_m0027_L002_W00004,through,upper,down,27
R_m0027_L002_W00005,through,upper,down,27
R_m0027_L002_W00006,through,upper,down,27
R_m0027_L002_W00007,through,upper,down,27
R_m0027_L002_W00008,through,upper,down,27
R_m0027_L002_W00009,through,upper,down,27
R_m0027_L002_W00010,through,upper,down,27
R_m0027_L002_W00011,through,upper,down,27
R_m0027_L002_W00012,through,upper,down,27
R_m0027_L002_W00013,through,upper,down,27
R_m0027_L002_W00014,through,upper,down,27
R_m0027_L002_W00015,through,upper,down,27
R_m0027_L003_W00000,through,upper,down,27
R_m0027_L003_W00001,through,upper,down,27
R_m0027_L003_W00002,through,upper,down,27
R_m0027_L003_W00003,through,upper,down,27
R_m0027_L003_W00004,through,upper,down,27
R_m0027_L003_W00005,through,upper,down,27
R_m0027_L003_W00006,through,upper,down,27
R_m0027_L003_W00007,through,upper,down,27
R_m0027_L003_W00008,through,upper,down,27
R_m0027_L003_W00009,through,upper,down,27
R_m0027_L003_W00010,through,upper,down,27
R_m0027_L003_W00011,through,upper,down,27
R_m0027_L003_W00012,through,upper,down,27
R_m0027_L003_W00013,through,upper,down,27
R_m0027_L003_W00014,through,upper,down,27
R_m0027_L003_W00015,through,upper,down,27
R_m0027_L004_W00000,through,upper,down,27
R_m0027_L004_W00001,through,upper,down,27
R_m0027_L004_W00002,through,upper,down,27
R_m0027_L004_W00003,through,upper,down,27
R_m0027_L004_W00004,through,upper,down,27
R_m0027_L004_W00005,through,upper,down,27
R_m0027_L004_W00006,through,upper,down,27
R_m0027_L004_W00007,through,upper,down,27
R_m0027_L004_W00008,through,upper,down,27
R_m0027_L004_W00009,through,upper,down,27
R_m0027_L004_W00010,through,upper,down,27
R_m0027_L004_W00011,through,upper,down,27
R_m0027_L004_W00012,through,upper,down,27
R_m0027_L004_W00013,through,upper,down,27
R_m0027_L004_W00014,through,upper,down,27
R_m0027_L004_W00015,through,upper,down,27
R_m0027_L005_W00000,through,upper,down,27
R_m0027_L005_W00001,through,upper,down,27
R_m0027_L005_W00002,through,upper,down,27
R_m0027_L005_W00003,through,upper,down,27
R_m0027_L005_W00004,through,upper,down,27
R_m0027_L005_W00005,through,upper,down,27
R_m0027_L005_W00006,through,upper,down,27
R_m0027_L005_W00007,through,upper,down,27
R_m0027_L005_W00008,through,upper,down,27
R_m0027_L005_W00009,through,upper,down,27
R_m0027_L005_W00010,through,upper,down,27
R_m0027_L005_W00011,through,upper,down,27
R_m0027_L005_W00012,through,upper,down,27
R_m0027_L005_W00013,through,upper,down,27
R_m0027_L005_W00014,through,upper,down,27
R_m0027_L005_W00015,through,upper,down,27
R_m0027_L006_W00000,through,upper,down,27
R_m0027_L006_W00001,through,upper,down,27
R_m0027_L006_W00002,through,upper,down,27
R_m0027_L006_W00003,through,upper,down,27
R_m0027_L006_W00004,through,upper,down,27
R_m0027_L006_W00005,through,upper,down,27
R_m0027_L006_W00006,through,upper,down,27
R_m0027_L006_W00007,through,upper,down,27
R_m0027_L006_W00008,through,upper,down,27
R_m0027_L006_W00009,through,upper,down,27
R_m0027_L006_W00010,through,upper,down,27
R_m0027_L006_W00011,through,upper,down,27
R_m0027_L006_W00012,through,upper,down,27
R_m0027_L006_W00013,through,upper,down,27
R_m0027_L006_W00014,through,upper,down,27
R_m0027_L006_W00015,through,upper,down,27
R_m0028_L001_W00000,through,upper,down,28
R_m0028_L001_W00001,through,upper,down,28
R_m0028_L001_W00002,through,upper,down,28
R_m0028_L001_W00003,through,upper,down,28
R_m0028_L001_W00004,through,upper,down,28
R_m0028_L001_W00005,through,upper,down,28
R_m0028_L001_W00006,through,upper,down,28
R_m0028_L001_W00007,through,upper,down,28
R_m0028_L001_W00008,through,upper,down,28
R_m0028_L001_W00009,through,upper,down,28
R_m0028_L001_W00010,through,upper,down,28
R_m0028_L001_W00011,through,upper,down,28
R_m0028_L001_W00012,through,upper,down,28
R_m0028_L001_W00013,through,upper,down,28
R_m0028_L001_W00014,through,upper,down,28
R_m0028_L001_W00015,through,upper,down,28
R_m0028_L002_W00000,through,upper,down,28
R_m0028_L002_W00001,through,upper,down,28
R_m0028_L002_W00002,through,upper,down,28
R_m0028_L002_W00003,through,upper,down,28
R_m0028_L002_W00004,through,upper,down,28
R_m0028_L002_W00005,through,upper,down,28
R_m0028_L002_W00006,through,upper,down,28
R_m0028_L002_W00007,through,upper,down,28
R_m0028_L002_W00008,through,upper,down,28
R_m0028_L002_W00009,through,upper,down,28
R_m0028_L002_W00010,through,upper,down,28
R_m0028_L002_W00011,through,upper,down,28
R_m0028_L002_W00012,through,upper,down,28
R_m0028_L002_W00013,through,upper,down,28
R_m0028_L002_W00014,through,upper,down,28
R_m0028_L002_W00015,through,upper,down,28
R_m0028_L003_W00000,through,upper,down,28
R_m0028_L003_W00001,through,upper,down,28
R_m0028_L003_W00002,through,upper,down,28
R_m0028_L003_W00003,through,upper,down,28
R_m0028_L003_W00004,through,upper,down,28
R_m0028_L003_W00005,through,upper,down,28
R_m0028_L003_W00006,through,upper,down,28
R_m0028_L003_W00007,through,upper,down,28
R_m0028_L003_W00008,through,upper,down,28
R_m0028_L003_W00009,through,upper,down,28
R_m0028_L003_W00010,through,upper,down,28
R_m0028_L003_W00011,through,upper,down,28
R_m0028_L003_W00012,through,upper,down,28
R_m0028_L003_W00013,through,upper,down,28
R_m0028_L003_W00014,through,upper,down,28
R_m0028_L003_W00015,through,upper,down,28
R_m0028_L004_W00000,through,upper,down,28
R_m0028_L004_W00001,through,upper,down,28
R_m0028_L004_W00002,through,upper,down,28
R_m0028_L004_W00003,through,upper,down,28
R_m0028_L004_W00004,through,upper,down,28
R_m0028_L004_W00005,through,upper,down,28
R_m0028_L004_W00006,through,upper,down,28
R_m0028_L004_W00007,through,upper,down,28
R_m0028_L004_W00008,through,upper,down,28
R_m0028_L004_W00009,through,upper,down,28
R_m0028_L004_W00010,through,upper,down,28
R_m0028_L004_W00011,through,upper,down,28
R_m0028_L004_W00012,through,upper,down,28
R_m0028_L004_W00013,through,upper,down,28
R_m0028_L004_W00014,through,upper,down,28
R_m0028_L004_W00015,through,upper,down,28
R_m0028_L005_W00000,through,upper,down,28
R_m0028_L005_W00001,through,upper,down,28
R_m0028_L005_W00002,through,upper,down,28
R_m0028_L005_W00003,through,upper,down,28
R_m0028_L005_W00004,through,upper,down,28
R_m0028_L005_W00005,through,upper,down,28
R_m0028_L005_W00006,through,upper,down,28
R_m0028_L005_W00007,through,upper,down,28
R_m0028_L005_W00008,through,upper,down,28
R_m0028_L005_W00009,through,upper,down,28
R_m0028_L005_W00010,through,upper,down,28
R_m0028_L005_W00011,through,upper,down,28
R_m0028_L005_W00012,through,upper,down,28
R_m0028_L005_W00013,through,upper,down,28
R_m0028_L005_W00014,through,upper,down,28
R_m0028_L005_W00015,through,upper,down,28
R_m0028_L006_W00000,through,upper,down,28
R_m0028_L006_W00001,through,upper,down,28
R_m0028_L006_W00002,through,upper,down,28
R_m0028_L006_W00003,through,upper,down,28
R_m0028_L006_W00004,through,upper,down,28
R_m0028_L006_W00005,through,upper,down,28
R_m0028_L006_W00006,through,upper,down,28
R_m0028_L006_W00007,through,upper,down,28
R_m0028_L006_W00008,through,upper,down,28
R_m0028_L006_W00009,through,upper,down,28
R_m0028_L006_W00010,through,upper,down,28
R_m0028_L006_W00011,through,upper,down,28
R_m0028_L006_W00012,through,upper,down,28
R_m0028_L006_W00013,through,upper,down,28
R_m0028_L006_W00014,through,upper,down,28
R_m0028_L006_W00015,through,upper,down,28
R_m0029_L001_W00000,through,upper,down,29
R_m0029_L001_W00001,through,upper,down,29
R_m0029_L001_W00002,through,upper,down,29
R_m0029_L001_W00003,through,upper,down,29
R_m0029_L001_W00004,through,upper,down,29
R_m0029_L001_W00005,through,upper,down,29
R_m0029_L001_W00006,through,upper,down,29
R_m0029_L001_W00007,through,upper,down,29
R_m0029_L001_W00008,through,upper,down,29
R_m0029_L001_W00009,through,upper,down,29
R_m0029_L001_W00010,through,upper,down,29
R_m0029_L001_W00011,through,upper,down,29
R_m0029_L001_W00012,through,upper,down,29
R_m0029_L001_W00013,through,upper,down,29
R_m0029_L001_W00014,through,upper,down,29
R_m0029_L001_W00015,through,upper,down,29
R_m0029_L002_W00000,through,upper,down,29
R_m0029_L002_W00001,through,upper,down,29
R_m0029_L002_W00002,through,upper,down,29
R_m0029_L002_W00003,through,upper,down,29
R_m0029_L002_W00004,through,upper,down,29
R_m0029_L002_W00005,through,upper,down,29
R_m0029_L002_W00006,through,upper,down,29
R_m0029_L002_W00007,through,upper,down,29
R_m0029_L002_W00008,through,upper,down,29
R_m0029_L002_W00009,through,upper,down,29
R_m0029_L002_W00010,through,upper,down,29
R_m0029_L002_W00011,through,upper,down,29
R_m0029_L002_W00012,through,upper,down,29
R_m0029_L002_W00013,through,upper,down,29
R_m0029_L002_W00014,through,upper,down,29
R_m0029_L002_W00015,through,upper,down,29
R_m0029_L003_W00000,through,upper,down,29
R_m0029_L003_W00001,through,upper,down,29
R_m0029_L003_W00002,through,upper,down,29
R_m0029_L003_W00003,through,upper,down,29
R_m0029_L003_W00004,through,upper,down,29
R_m0029_L003_W00005,through,upper,down,29
R_m0029_L003_W00006,through,upper,down,29
R_m0029_L003_W00007,through,upper,down,29
R_m0029_L003_W00008,through,upper,down,29
R_m0029_L003_W00009,through,upper,down,29
R_m0029_L003_W00010,through,upper,down,29
R_m0029_L003_W00011,through,upper,down,29
R_m0029_L003_W00012,through,upper,down,29
R_m0029_L003_W00013,through,upper,down,29
R_m0029_L003_W00014,through,upper,down,29
R_m0029_L003_W00015,through,upper,down,29
R_m0029_L004_W00000,through,upper,down,29
R_m0029_L004_W00001,through,upper,down,29
R_m0029_L004_W00002,through,upper,down,29
R_m0029_L004_W00003,through,upper,down,29
R_m0029_L004_W00004,through,upper,down,29
R_m0029_L004_W00005,through,upper,down,29
R_m0029_L004_W00006,through,upper,down,29
R_m0029_L004_W00007,through,upper,down,29
R_m0029_L004_W00008,through,upper,down,29
R_m0029_L004_W00009,through,upper,down,29
R_m0029_L004_W00010,through,upper,down,29
R_m0029_L004_W00011,through,upper,down,29
R_m0029_L004_W00012,through,upper,down,29
R_m0029_L004_W00013,through,upper,down,29
R_m0029_L004_W00014,through,upper,down,29
R_m0029_L004_W00015,through,upper,down,29
R_m0029_L005_W00000,through,upper,down,29
R_m0029_L005_W00001,through,upper,down,29
R_m0029_L005_W00002,through,upper,down,29
R_m0029_L005_W00003,through,upper,down,29
R_m0029_L005_W00004,through,upper,down,29
R_m0029_L005_W00005,through,upper,down,29
R_m0029_L005_W00006,through,upper,down,29
R_m0029_L005_W00007,through,upper,down,29
R_m0029_L005_W00008,through,upper,down,29
R_m0029_L005_W00009,through,upper,down,29
R_m0029_L005_W00010,through,upper,down,29
R_m0029_L005_W00011,through,upper,down,29
R_m0029_L005_W00012,through,upper,down,29
R_m0029_L005_W00013,through,upper,down,29
R_m0029_L005_W00014,through,upper,down,29
R_m0029_L005_W00015,through,upper,down,29
R_m0029_L006_W00000,through,upper,down,29
R_m0029_L006_W00001,through,upper,down,29
R_m0029_L006_W00002,through,upper,down,29
R_m0029_L006_W00003,through,upper,down,29
R_m0029_L006_W00004,through,upper,down,29
R_m0029_L006_W00005,through,upper,down,29
R_m0029_L006_W00006,through,upper,down,29
R_m0029_L006_W00007,through,upper,down,29
R_m0029_L006_W00008,through,upper,down,29
R_m0029_L006_W00009,through,upper,down,29
R_m0029_L006_W00010,through,upper,down,29
R_m0029_L006_W00011,through,upper,down,29
R_m0029_L006_W00012,through,upper,down,29
R_m0029_L006_W00013,through,upper,down,29
R_m0029_L006_W00014,through,upper,down,29
R_m0029_L006_W00015,through,upper,down,29
